apotheke,apotheke_plz,apotheke_stadt,name,bezeichnung,genetik,thc,cbd,preis_pro_gramm,verfuegbarkeit,produkt_url
Grüne Blüte,04416,Markkleeberg,Super Citra G,AVAAY 31/1 SCG,Hybrid,31%,<1%,"7,49 €/g",Auf Lager,https://greenmedical.health/de/cannabis/flower/avaay_31_1_scg-super_citra_g_?deliveryTarget=cGhhcm1hY3k6fDpiNGJkZGNjNS1kYzQxLTQ5ZDgtODdkZi0xNGEwM2Q1NjFiMzI%3D#reviews
Grüne Blüte,04416,Markkleeberg,Sour Ape,Luana 24/1 APE,Hybrid,22%,1%,"5,79 €/g",Auf Lager,https://greenmedical.health/de/cannabis/flower/luana_24_1_ape-sour_ape?deliveryTarget=cGhhcm1hY3k6fDpiNGJkZGNjNS1kYzQxLTQ5ZDgtODdkZi0xNGEwM2Q1NjFiMzI%3D#reviews
Grüne Blüte,04416,Markkleeberg,Waffle Bites,AVAAY Signature 26/1 WB,Indica,26%,<1%,"8,99 €/g",Auf Lager,https://greenmedical.health/de/cannabis/flower/avaay_signature_26_1_wb-waffle_bites?deliveryTarget=cGhhcm1hY3k6fDpiNGJkZGNjNS1kYzQxLTQ5ZDgtODdkZi0xNGEwM2Q1NjFiMzI%3D#reviews
Grüne Blüte,04416,Markkleeberg,Cosmic Cream,Pedanios 31/1 COS-CA,Hybrid Indica Dominant,31%,<1%,"7,85 €/g",Auf Lager,https://greenmedical.health/de/cannabis/flower/pedanios-31-1-cos-ca-cosmic-cream-34e1?deliveryTarget=cGhhcm1hY3k6fDpiNGJkZGNjNS1kYzQxLTQ5ZDgtODdkZi0xNGEwM2Q1NjFiMzI%3D#reviews
Grüne Blüte,04416,Markkleeberg,Electric Honeydew (EHD),Pedanios 26/1 EHD-CA,Sativa,26%,<1%,"6,89 €/g",Auf Lager,https://greenmedical.health/de/cannabis/flower/pedanios-26-1-ehd-ca-electric-honeydew-ehd?deliveryTarget=cGhhcm1hY3k6fDpiNGJkZGNjNS1kYzQxLTQ5ZDgtODdkZi0xNGEwM2Q1NjFiMzI%3D#reviews
Grüne Blüte,04416,Markkleeberg,Space Rider,ZOIKS 31/1 SR,Hybrid Indica Dominant,31%,1%,"5,79 €/g",Auf Lager,https://greenmedical.health/de/cannabis/flower/zoiks_31_1_sr-space_rider?deliveryTarget=cGhhcm1hY3k6fDpiNGJkZGNjNS1kYzQxLTQ5ZDgtODdkZi0xNGEwM2Q1NjFiMzI%3D#reviews
Grüne Blüte,04416,Markkleeberg,Sourdough,Pedanios 29/1 SRD-CA,Indica,29%,<1%,"6,29 €/g",Auf Lager,https://greenmedical.health/de/cannabis/flower/pedanios-29-1-srd-ca-sourdough-srd?deliveryTarget=cGhhcm1hY3k6fDpiNGJkZGNjNS1kYzQxLTQ5ZDgtODdkZi0xNGEwM2Q1NjFiMzI%3D#reviews
Grüne Blüte,04416,Markkleeberg,Tangrini,ZOIKS 26/1 TG,Hybrid Sativa Dominant,26%,1%,"4,59 €/g",Auf Lager,https://greenmedical.health/de/cannabis/flower/zoiks_26_1_tg-tangrini?deliveryTarget=cGhhcm1hY3k6fDpiNGJkZGNjNS1kYzQxLTQ5ZDgtODdkZi0xNGEwM2Q1NjFiMzI%3D#reviews
Grüne Blüte,04416,Markkleeberg,Tubitti Frubitti,TANNENBUSCH 31/1 TF,Hybrid Indica Dominant,31%,<1%,"5,99 €/g",Auf Lager,https://greenmedical.health/de/cannabis/flower/tannenbusch_31_1_tf-tubitti_frubitti?deliveryTarget=cGhhcm1hY3k6fDpiNGJkZGNjNS1kYzQxLTQ5ZDgtODdkZi0xNGEwM2Q1NjFiMzI%3D#reviews
Grüne Blüte,04416,Markkleeberg,Polar Cookies,Cannamedical Sativa Ultra NM,Hybrid Sativa Dominant,29.7%,<1%,"8,28 €/g",Auf Lager,https://greenmedical.health/de/cannabis/flower/cannamedical-sativa-ultra-nm-polar-cookies-fa5c?deliveryTarget=cGhhcm1hY3k6fDpiNGJkZGNjNS1kYzQxLTQ5ZDgtODdkZi0xNGEwM2Q1NjFiMzI%3D#reviews
Grüne Blüte,04416,Markkleeberg,Chemango Kush,Pedanios 28/1 CMK-CA,Hybrid Indica Dominant,28%,1%,"6,95 €/g",Auf Lager,https://greenmedical.health/de/cannabis/flower/pedanios_28_1_cmk_ca-chemango_kush?deliveryTarget=cGhhcm1hY3k6fDpiNGJkZGNjNS1kYzQxLTQ5ZDgtODdkZi0xNGEwM2Q1NjFiMzI%3D#reviews
Grüne Blüte,04416,Markkleeberg,Siggis Pfefferminze,Siggis PMNZ 28:01,Hybrid,28%,1%,"8,99 €/g",Auf Lager,https://greenmedical.health/de/cannabis/flower/siggis_pmnz_28_01-siggis_pfefferminze?deliveryTarget=cGhhcm1hY3k6fDpiNGJkZGNjNS1kYzQxLTQ5ZDgtODdkZi0xNGEwM2Q1NjFiMzI%3D#reviews
Grüne Blüte,04416,Markkleeberg,Blue Lobster,Vasco x Cipher BL,Hybrid Indica Dominant,23.4%,<1%,"9,99 €/g",Auf Lager,https://greenmedical.health/de/cannabis/flower/vasco_x_cipher_bl-blue_lobster?deliveryTarget=cGhhcm1hY3k6fDpiNGJkZGNjNS1kYzQxLTQ5ZDgtODdkZi0xNGEwM2Q1NjFiMzI%3D#reviews
Grüne Blüte,04416,Markkleeberg,Tangrini,ZOIKS 22/1 TG,Hybrid Sativa Dominant,24%,1%,"4,34 €/g",Auf Lager,https://greenmedical.health/de/cannabis/flower/zoiks_22_1_tg-tangrini?deliveryTarget=cGhhcm1hY3k6fDpiNGJkZGNjNS1kYzQxLTQ5ZDgtODdkZi0xNGEwM2Q1NjFiMzI%3D#reviews
Grüne Blüte,04416,Markkleeberg,Bunatic,Luana 27/1 Donny B,Indica,27%,1%,"5,49 €/g",Auf Lager,https://greenmedical.health/de/cannabis/flower/luana_27_1_donny_b-bunatic?deliveryTarget=cGhhcm1hY3k6fDpiNGJkZGNjNS1kYzQxLTQ5ZDgtODdkZi0xNGEwM2Q1NjFiMzI%3D#reviews
Grüne Blüte,04416,Markkleeberg,Wedding Cake x Jet Fuel Gelato,Demecan Core Saxonia 28:1,Hybrid Indica Dominant,28%,<1%,"6,99 €/g",Auf Lager,https://greenmedical.health/de/cannabis/flower/demecan_core_saxonia_28_01-wedding_cake_x_jet_fuel_gelato?deliveryTarget=cGhhcm1hY3k6fDpiNGJkZGNjNS1kYzQxLTQ5ZDgtODdkZi0xNGEwM2Q1NjFiMzI%3D#reviews
Grüne Blüte,04416,Markkleeberg,Peechy Keen,Demecan CRAFT Luna 31:1,Hybrid Indica Dominant,30.1%,<1%,"9,99 €/g",Auf Lager,https://greenmedical.health/de/cannabis/flower/demecan_craft_luna_31_1-peechy_keen?deliveryTarget=cGhhcm1hY3k6fDpiNGJkZGNjNS1kYzQxLTQ5ZDgtODdkZi0xNGEwM2Q1NjFiMzI%3D#reviews
Grüne Blüte,04416,Markkleeberg,Golden Goat,Demecan Core Golden Horizon 30:01,Hybrid Sativa Dominant,30%,1%,"7,99 €/g",Auf Lager,https://greenmedical.health/de/cannabis/flower/demecan_core_golden_horizon_30_01-golden_goat?deliveryTarget=cGhhcm1hY3k6fDpiNGJkZGNjNS1kYzQxLTQ5ZDgtODdkZi0xNGEwM2Q1NjFiMzI%3D#reviews
Grüne Blüte,04416,Markkleeberg,Hawaiian Rain x Permanent Marker,Demecan CRAFT Cali 29:1,Hybrid Indica Dominant,29%,1%,"8,99 €/g",Auf Lager,https://greenmedical.health/de/cannabis/flower/demecan_craft_cali_29_01-hawaiian_rain_x_permanent_marker?deliveryTarget=cGhhcm1hY3k6fDpiNGJkZGNjNS1kYzQxLTQ5ZDgtODdkZi0xNGEwM2Q1NjFiMzI%3D#reviews
Grüne Blüte,04416,Markkleeberg,Point Breeze,AVAAY Khalifa 28/1 PB,Hybrid Indica Dominant,28%,1%,"9,99 €/g",Auf Lager,https://greenmedical.health/de/cannabis/flower/avaay_khalifa_28_1_pb-point_breeze?deliveryTarget=cGhhcm1hY3k6fDpiNGJkZGNjNS1kYzQxLTQ5ZDgtODdkZi0xNGEwM2Q1NjFiMzI%3D#reviews
Grüne Blüte,04416,Markkleeberg,Gossip Gun,Avaay Signature 31/1 GOG,Hybrid Indica Dominant,31%,1%,"7,99 €/g",Auf Lager,https://greenmedical.health/de/cannabis/flower/avaay_signature_31_1_gog-gossip_gun?deliveryTarget=cGhhcm1hY3k6fDpiNGJkZGNjNS1kYzQxLTQ5ZDgtODdkZi0xNGEwM2Q1NjFiMzI%3D#reviews
Grüne Blüte,04416,Markkleeberg,Midnight Lotus,Cannamedical CRAFT 28/1 Lotus,Hybrid,25.2%,1%,"8,99 €/g",Auf Lager,https://greenmedical.health/de/cannabis/flower/cannamedical_craft_28_1_lotus-pucker_up?deliveryTarget=cGhhcm1hY3k6fDpiNGJkZGNjNS1kYzQxLTQ5ZDgtODdkZi0xNGEwM2Q1NjFiMzI%3D#reviews
Grüne Blüte,04416,Markkleeberg,Sugar Cake,Demecan CRAFT Walkie Talkie 27:1,Hybrid Indica Dominant,27%,<1%,"8,99 €/g",Auf Lager,https://greenmedical.health/de/cannabis/flower/demecan_craft_walkie_talkie_27_01-sugar_cake?deliveryTarget=cGhhcm1hY3k6fDpiNGJkZGNjNS1kYzQxLTQ5ZDgtODdkZi0xNGEwM2Q1NjFiMzI%3D#reviews
Grüne Blüte,04416,Markkleeberg,Medellin,Origine Nature MED 32/1,Hybrid,32%,1%,"6,99 €/g",Auf Lager,https://greenmedical.health/de/cannabis/flower/origine_nature_med_32_1-medellin?deliveryTarget=cGhhcm1hY3k6fDpiNGJkZGNjNS1kYzQxLTQ5ZDgtODdkZi0xNGEwM2Q1NjFiMzI%3D#reviews
Grüne Blüte,04416,Markkleeberg,Purps Crystal Breath,enua 33/1 PCB CA,Hybrid Indica Dominant,33%,1%,"6,29 €/g",Auf Lager,https://greenmedical.health/de/cannabis/flower/enua_33_1_pcb_ca-purps_crystal_breath?deliveryTarget=cGhhcm1hY3k6fDpiNGJkZGNjNS1kYzQxLTQ5ZDgtODdkZi0xNGEwM2Q1NjFiMzI%3D#reviews
Grüne Blüte,04416,Markkleeberg,Nothern Lime Pie,enua 33/1 NLP CA,Hybrid,33%,1%,"7,49 €/g",Auf Lager,https://greenmedical.health/de/cannabis/flower/enua_33_1_nlp_ca-nothern_lime_pie?deliveryTarget=cGhhcm1hY3k6fDpiNGJkZGNjNS1kYzQxLTQ5ZDgtODdkZi0xNGEwM2Q1NjFiMzI%3D#reviews
Grüne Blüte,04416,Markkleeberg,Alien Mints,Huala 30/1 CA ALM,Hybrid Indica Dominant,30%,1%,"5,79 €/g",NEU,https://greenmedical.health/de/cannabis/flower/huala_30_1_ca_alm-alien_mints?deliveryTarget=cGhhcm1hY3k6fDpiNGJkZGNjNS1kYzQxLTQ5ZDgtODdkZi0xNGEwM2Q1NjFiMzI%3D#reviews
Grüne Blüte,04416,Markkleeberg,Girl Scout Cookies,Luana 20/1 GSC,Hybrid,20%,1%,"4,88 €/g",Auf Lager,https://greenmedical.health/de/cannabis/flower/luana_20_1_gsc-girl_scout_cookies?deliveryTarget=cGhhcm1hY3k6fDpiNGJkZGNjNS1kYzQxLTQ5ZDgtODdkZi0xNGEwM2Q1NjFiMzI%3D#reviews
Grüne Blüte,04416,Markkleeberg,Jokerz #31 x Gastro Pop,Demecan CRAFT Tigerz Eye 31:1,Hybrid,31%,1%,"9,99 €/g",Auf Lager,https://greenmedical.health/de/cannabis/flower/demecan_craft_tigerz_eye_31_1-jokerz_31_x_gastro_pop?deliveryTarget=cGhhcm1hY3k6fDpiNGJkZGNjNS1kYzQxLTQ5ZDgtODdkZi0xNGEwM2Q1NjFiMzI%3D#reviews
Grüne Blüte,04416,Markkleeberg,Sky Berry Kush,Cannamedical Indica Forte DK,Hybrid Indica Dominant,24%,1%,"5,39 €/g",Auf Lager,https://greenmedical.health/de/cannabis/flower/cannamedical_indica_forte_dk-sky_berry_kush?deliveryTarget=cGhhcm1hY3k6fDpiNGJkZGNjNS1kYzQxLTQ5ZDgtODdkZi0xNGEwM2Q1NjFiMzI%3D#reviews
Grüne Blüte,04416,Markkleeberg,Pineapple Cherry Punch,enua 30/1 PS3 CA PCP,Hybrid,30%,1%,"6,99 €/g",Auf Lager,https://greenmedical.health/de/cannabis/flower/enua_30_1_ps3_ca_pcp-pineapple_cherry_punch?deliveryTarget=cGhhcm1hY3k6fDpiNGJkZGNjNS1kYzQxLTQ5ZDgtODdkZi0xNGEwM2Q1NjFiMzI%3D#reviews
Grüne Blüte,04416,Markkleeberg,Blueberry Yum Yum,AVAAY Signature 23/1 BYY,Hybrid Indica Dominant,23%,1%,"8,78 €/g",Auf Lager,https://greenmedical.health/de/cannabis/flower/avaay_signature_23_1_byy-blueberry_yum_yum?deliveryTarget=cGhhcm1hY3k6fDpiNGJkZGNjNS1kYzQxLTQ5ZDgtODdkZi0xNGEwM2Q1NjFiMzI%3D#reviews
Grüne Blüte,04416,Markkleeberg,Afghan Bubba Kush,Cannamedical Hybrid Ultimate SF,Hybrid,33%,1%,"8,39 €/g",Auf Lager,https://greenmedical.health/de/cannabis/flower/cannamedical_hybrid_ultimate_sf-afghan_bubba_kush?deliveryTarget=cGhhcm1hY3k6fDpiNGJkZGNjNS1kYzQxLTQ5ZDgtODdkZi0xNGEwM2Q1NjFiMzI%3D#reviews
Grüne Blüte,04416,Markkleeberg,Rainbow Pavé,Legend's RP 34/1,Hybrid Sativa Dominant,34%,1%,"7,99 €/g",NEU,https://greenmedical.health/de/cannabis/flower/legend_s_rp_34_1-rainbow_pav_?deliveryTarget=cGhhcm1hY3k6fDpiNGJkZGNjNS1kYzQxLTQ5ZDgtODdkZi0xNGEwM2Q1NjFiMzI%3D#reviews
Grüne Blüte,04416,Markkleeberg,Miracle Alien Cookies (MAC),MAC 1+,Hybrid,25.8%,1%,"6,39 €/g",Auf Lager,https://greenmedical.health/de/cannabis/flower/mac_1_-miracle_alien_cookies?deliveryTarget=cGhhcm1hY3k6fDpiNGJkZGNjNS1kYzQxLTQ5ZDgtODdkZi0xNGEwM2Q1NjFiMzI%3D#reviews
Grüne Blüte,04416,Markkleeberg,Gelato OG Kush,Demecan CRAFT Electron 31:1,Hybrid,31%,1%,"9,99 €/g",Auf Lager,https://greenmedical.health/de/cannabis/flower/demecan_craft_electron_31_1-gelato_og_kush?deliveryTarget=cGhhcm1hY3k6fDpiNGJkZGNjNS1kYzQxLTQ5ZDgtODdkZi0xNGEwM2Q1NjFiMzI%3D#reviews
Grüne Blüte,04416,Markkleeberg,C47,TRUU PS 24:1,Hybrid,24%,1%,"4,95 €/g",Auf Lager,https://greenmedical.health/de/cannabis/flower/truu_ps_24_01-c47?deliveryTarget=cGhhcm1hY3k6fDpiNGJkZGNjNS1kYzQxLTQ5ZDgtODdkZi0xNGEwM2Q1NjFiMzI%3D#reviews
Grüne Blüte,04416,Markkleeberg,98 Aloha White Widow x Trainwreck,Demecan CRAFT Aloha 31:1,Hybrid Sativa Dominant,31%,1%,"9,99 €/g",Auf Lager,https://greenmedical.health/de/cannabis/flower/demecan_craft_aloha_31_1-98_aloha_white_widow_x_trainwreck?deliveryTarget=cGhhcm1hY3k6fDpiNGJkZGNjNS1kYzQxLTQ5ZDgtODdkZi0xNGEwM2Q1NjFiMzI%3D#reviews
Grüne Blüte,04416,Markkleeberg,Modified Gas,Green Karat MG 29/1,Hybrid,29%,1%,"6,89 €/g",Auf Lager,https://greenmedical.health/de/cannabis/flower/green_karat_mg_29_1-modified_gas?deliveryTarget=cGhhcm1hY3k6fDpiNGJkZGNjNS1kYzQxLTQ5ZDgtODdkZi0xNGEwM2Q1NjFiMzI%3D#reviews
Grüne Blüte,04416,Markkleeberg,Pink Slurricane,High Greens PS 30/1,Hybrid Indica Dominant,30%,1%,"6,39 €/g",NEU,https://greenmedical.health/de/cannabis/flower/high_green_ps_30_1-pink_slurricane?deliveryTarget=cGhhcm1hY3k6fDpiNGJkZGNjNS1kYzQxLTQ5ZDgtODdkZi0xNGEwM2Q1NjFiMzI%3D#reviews
Grüne Blüte,04416,Markkleeberg,Permanent Midnight,Bathera 20/1 PMM,Hybrid,20%,1%,"6,99 €/g",Auf Lager,https://greenmedical.health/de/cannabis/flower/bathera_20_1_pmm-permanent_midnight?deliveryTarget=cGhhcm1hY3k6fDpiNGJkZGNjNS1kYzQxLTQ5ZDgtODdkZi0xNGEwM2Q1NjFiMzI%3D#reviews
Grüne Blüte,04416,Markkleeberg,Pavé X Gastro Pop,Demecan CRAFT Rocket 31:1,Hybrid,34%,<1%,"9,99 €/g",Auf Lager,https://greenmedical.health/de/cannabis/flower/demecan_craft_rocket_31_01-pav_x_gastro_pop?deliveryTarget=cGhhcm1hY3k6fDpiNGJkZGNjNS1kYzQxLTQ5ZDgtODdkZi0xNGEwM2Q1NjFiMzI%3D#reviews
Grüne Blüte,04416,Markkleeberg,Bling Blaow,420 Compound 30/1 CA BBW,Hybrid Indica Dominant,30%,<1%,"7,29 €/g",Auf Lager,https://greenmedical.health/de/cannabis/flower/420_compound_30_1_ca_bbw-bling_blaow?deliveryTarget=cGhhcm1hY3k6fDpiNGJkZGNjNS1kYzQxLTQ5ZDgtODdkZi0xNGEwM2Q1NjFiMzI%3D#reviews
Grüne Blüte,04416,Markkleeberg,Alien Mints,Huala 27/1 CA ALM,Hybrid Indica Dominant,27%,1%,"5,49 €/g",Auf Lager,https://greenmedical.health/de/cannabis/flower/huala_27_1_ca_alm-alien_mints?deliveryTarget=cGhhcm1hY3k6fDpiNGJkZGNjNS1kYzQxLTQ5ZDgtODdkZi0xNGEwM2Q1NjFiMzI%3D#reviews
Grüne Blüte,04416,Markkleeberg,Sunset Sherbet,enua 33/1 SF4 CA SSS,Hybrid,33%,1%,"7,49 €/g",NEU,https://greenmedical.health/de/cannabis/flower/enua_33_1_sf4_ca_sss-sunset_sherbet?deliveryTarget=cGhhcm1hY3k6fDpiNGJkZGNjNS1kYzQxLTQ5ZDgtODdkZi0xNGEwM2Q1NjFiMzI%3D#reviews
Grüne Blüte,04416,Markkleeberg,Tricho Jordan,GrowMotion TJ27,Hybrid Indica Dominant,27%,1%,"9,78 €/g",Auf Lager,https://greenmedical.health/de/cannabis/flower/growmotion_tj27-star_struck?deliveryTarget=cGhhcm1hY3k6fDpiNGJkZGNjNS1kYzQxLTQ5ZDgtODdkZi0xNGEwM2Q1NjFiMzI%3D#reviews
Grüne Blüte,04416,Markkleeberg,Bashengo,Luana Electric 24/1,Indica,22%,1%,"5,49 €/g",Auf Lager,https://greenmedical.health/de/cannabis/flower/luana_electric_24_1-bashengo?deliveryTarget=cGhhcm1hY3k6fDpiNGJkZGNjNS1kYzQxLTQ5ZDgtODdkZi0xNGEwM2Q1NjFiMzI%3D#reviews
Grüne Blüte,04416,Markkleeberg,Super Boof,gramz. 001 SB 25/1,Hybrid,25%,1%,"7,29 €/g",Auf Lager,https://greenmedical.health/de/cannabis/flower/gramz_001_sb_25_1-super_boof?deliveryTarget=cGhhcm1hY3k6fDpiNGJkZGNjNS1kYzQxLTQ5ZDgtODdkZi0xNGEwM2Q1NjFiMzI%3D#reviews
Grüne Blüte,04416,Markkleeberg,Pavé Runtz,Vasco PR 27/1,Hybrid Indica Dominant,27%,<1%,"7,25 €/g",Auf Lager,https://greenmedical.health/de/cannabis/flower/vasco_pr_27_1-pav_runtz?deliveryTarget=cGhhcm1hY3k6fDpiNGJkZGNjNS1kYzQxLTQ5ZDgtODdkZi0xNGEwM2Q1NjFiMzI%3D#reviews
Grüne Blüte,04416,Markkleeberg,Black Cherry Punch,Cannamedical Indica classic ZAF,Hybrid Indica Dominant,20.4%,<1%,"5,29 €/g",Auf Lager,https://greenmedical.health/de/cannabis/flower/cannamedical-indica-classic-zaf-black-cherry-punch?deliveryTarget=cGhhcm1hY3k6fDpiNGJkZGNjNS1kYzQxLTQ5ZDgtODdkZi0xNGEwM2Q1NjFiMzI%3D#reviews
Grüne Blüte,04416,Markkleeberg,LA Kush Cake,Cannamedical Indica Forte AU LKC,Hybrid Indica Dominant,24%,1%,"6,45 €/g",Auf Lager,https://greenmedical.health/de/cannabis/flower/cannamedical_indica_forte_au_lkc-la_kush_cake?deliveryTarget=cGhhcm1hY3k6fDpiNGJkZGNjNS1kYzQxLTQ5ZDgtODdkZi0xNGEwM2Q1NjFiMzI%3D#reviews
Grüne Blüte,04416,Markkleeberg,Dosi Bow,Luana 24/1 Driver,Hybrid Indica Dominant,24%,1%,"5,79 €/g",Auf Lager,https://greenmedical.health/de/cannabis/flower/luana_24_1_driver-dosi_bow?deliveryTarget=cGhhcm1hY3k6fDpiNGJkZGNjNS1kYzQxLTQ5ZDgtODdkZi0xNGEwM2Q1NjFiMzI%3D#reviews
Grüne Blüte,04416,Markkleeberg,Mo´s Sunset,AVAAY 22/1 MOS,Hybrid,22%,1%,"5,99 €/g",Auf Lager,https://greenmedical.health/de/cannabis/flower/avaay_22_1_mos-mo_s_sunset?deliveryTarget=cGhhcm1hY3k6fDpiNGJkZGNjNS1kYzQxLTQ5ZDgtODdkZi0xNGEwM2Q1NjFiMzI%3D#reviews
Grüne Blüte,04416,Markkleeberg,Blueberry Bananas,Vasco x Cipher BB 28/1,Hybrid Indica Dominant,28%,1%,"10,49 €/g",Auf Lager,https://greenmedical.health/de/cannabis/flower/vasco_x_cipher_bb_28_1_blueberry_banana-blueberry_bananas?deliveryTarget=cGhhcm1hY3k6fDpiNGJkZGNjNS1kYzQxLTQ5ZDgtODdkZi0xNGEwM2Q1NjFiMzI%3D#reviews
Grüne Blüte,04416,Markkleeberg,Purple Punch x Jungle Cake,Demecan CRAFT D-Jungle 31:1,Hybrid Indica Dominant,31%,1%,"9,99 €/g",Auf Lager,https://greenmedical.health/de/cannabis/flower/demecan_craft_d_jungle_31_01-purple_punch_x_jungle_cake?deliveryTarget=cGhhcm1hY3k6fDpiNGJkZGNjNS1kYzQxLTQ5ZDgtODdkZi0xNGEwM2Q1NjFiMzI%3D#reviews
Grüne Blüte,04416,Markkleeberg,Afina,Bedrocan Forte 25/1,Hybrid,25%,<1%,"9,28 €/g",Auf Lager,https://greenmedical.health/de/cannabis/flower/bedrocan_forte_25_1-afina?deliveryTarget=cGhhcm1hY3k6fDpiNGJkZGNjNS1kYzQxLTQ5ZDgtODdkZi0xNGEwM2Q1NjFiMzI%3D#reviews
Grüne Blüte,04416,Markkleeberg,Hash Burger,A+ Kineo CRAFT No.1 30/1,Hybrid,30%,1%,"6,99 €/g",Auf Lager,https://greenmedical.health/de/cannabis/flower/a_kineo_craft_no_1_30_1-hash_burger?deliveryTarget=cGhhcm1hY3k6fDpiNGJkZGNjNS1kYzQxLTQ5ZDgtODdkZi0xNGEwM2Q1NjFiMzI%3D#reviews
Grüne Blüte,04416,Markkleeberg,Permanent Marker,Bava Med 27/1 BLA-GA,Hybrid,27%,1%,"5,99 €/g",Auf Lager,https://greenmedical.health/de/cannabis/flower/bava_med_27_1_bla_ga-permanent_marker?deliveryTarget=cGhhcm1hY3k6fDpiNGJkZGNjNS1kYzQxLTQ5ZDgtODdkZi0xNGEwM2Q1NjFiMzI%3D#reviews
Grüne Blüte,04416,Markkleeberg,Garlic Z,Slouu 27/1 GLZ CA,Hybrid,27%,1%,"5,99 €/g",NEU,https://greenmedical.health/de/cannabis/flower/slouu_27_1_glz_ca-garlic_z?deliveryTarget=cGhhcm1hY3k6fDpiNGJkZGNjNS1kYzQxLTQ5ZDgtODdkZi0xNGEwM2Q1NjFiMzI%3D#reviews
Grüne Blüte,04416,Markkleeberg,First Class Funk,Demecan CRAFT FCF 30:1,Hybrid Indica Dominant,30%,1%,"9,99 €/g",Auf Lager,https://greenmedical.health/de/cannabis/flower/demecan_craft_fcf_30_1-first_class_funk?deliveryTarget=cGhhcm1hY3k6fDpiNGJkZGNjNS1kYzQxLTQ5ZDgtODdkZi0xNGEwM2Q1NjFiMzI%3D#reviews
Grüne Blüte,04416,Markkleeberg,OG Kush,Cannamedical CM 24/1,Hybrid Sativa Dominant,24%,1%,"6,49 €/g",Auf Lager,https://greenmedical.health/de/cannabis/flower/cannamedical_cm_24_1-og_kush?deliveryTarget=cGhhcm1hY3k6fDpiNGJkZGNjNS1kYzQxLTQ5ZDgtODdkZi0xNGEwM2Q1NjFiMzI%3D#reviews
Grüne Blüte,04416,Markkleeberg,Cereal Milk,Demecan Core Echo 23:1,Hybrid,23%,1%,"4,59 €/g",Auf Lager,https://greenmedical.health/de/cannabis/flower/demecan_core_echo_23_1-cereal_milk?deliveryTarget=cGhhcm1hY3k6fDpiNGJkZGNjNS1kYzQxLTQ5ZDgtODdkZi0xNGEwM2Q1NjFiMzI%3D#reviews
Grüne Blüte,04416,Markkleeberg,Strawberry Guava,Greenseal 33/1 SGU,Hybrid Indica Dominant,33%,1%,"7,49 €/g",NEU,https://greenmedical.health/de/cannabis/flower/greenseal_33_1_sgu-strawberry_guava?deliveryTarget=cGhhcm1hY3k6fDpiNGJkZGNjNS1kYzQxLTQ5ZDgtODdkZi0xNGEwM2Q1NjFiMzI%3D#reviews
Grüne Blüte,04416,Markkleeberg,Hokuzai,aleph Red 27/1,Hybrid,28%,<1%,"8,49 €/g",Auf Lager,https://greenmedical.health/de/cannabis/flower/aleph_red_27_1-hokuzai?deliveryTarget=cGhhcm1hY3k6fDpiNGJkZGNjNS1kYzQxLTQ5ZDgtODdkZi0xNGEwM2Q1NjFiMzI%3D#reviews
Grüne Blüte,04416,Markkleeberg,Minty Cookies,enua 33/1 PS3 CA MYC,Hybrid,33%,1%,"6,99 €/g",Auf Lager,https://greenmedical.health/de/cannabis/flower/enua_33_1_ps3_ca_myc-minty_cookies?deliveryTarget=cGhhcm1hY3k6fDpiNGJkZGNjNS1kYzQxLTQ5ZDgtODdkZi0xNGEwM2Q1NjFiMzI%3D#reviews
Grüne Blüte,04416,Markkleeberg,Mango Kush,aleph Amber 26/1,Indica,28%,<1%,"6,99 €/g",Auf Lager,https://greenmedical.health/de/cannabis/flower/aleph-amber-26-1-mango-kush?deliveryTarget=cGhhcm1hY3k6fDpiNGJkZGNjNS1kYzQxLTQ5ZDgtODdkZi0xNGEwM2Q1NjFiMzI%3D#reviews
Grüne Blüte,04416,Markkleeberg,Siggis Holunderblüte,Siggis HBLT 22:01,Hybrid Indica Dominant,22%,1%,"8,49 €/g",NEU,https://greenmedical.health/de/cannabis/flower/siggis_hblt_22_01-siggis_holunderbluete?deliveryTarget=cGhhcm1hY3k6fDpiNGJkZGNjNS1kYzQxLTQ5ZDgtODdkZi0xNGEwM2Q1NjFiMzI%3D#reviews
Grüne Blüte,04416,Markkleeberg,Humboldt Poundcake,Upstate 26/1 HP,Hybrid,26%,1%,"4,99 €/g",Auf Lager,https://greenmedical.health/de/cannabis/flower/upstate_26_1_hp-humboldt_poundcake?deliveryTarget=cGhhcm1hY3k6fDpiNGJkZGNjNS1kYzQxLTQ5ZDgtODdkZi0xNGEwM2Q1NjFiMzI%3D#reviews
Grüne Blüte,04416,Markkleeberg,Hokuzai,aleph Red 30/1,Hybrid,30%,<1%,"8,49 €/g",Auf Lager,https://greenmedical.health/de/cannabis/flower/aleph_red_30_1-hokuzai?deliveryTarget=cGhhcm1hY3k6fDpiNGJkZGNjNS1kYzQxLTQ5ZDgtODdkZi0xNGEwM2Q1NjFiMzI%3D#reviews
Grüne Blüte,04416,Markkleeberg,Game Over #4,Demecan CRAFT GO 26:1,Hybrid Sativa Dominant,26%,1%,"8,99 €/g",Auf Lager,https://greenmedical.health/de/cannabis/flower/demecan_craft_go_26_1-game_over_4?deliveryTarget=cGhhcm1hY3k6fDpiNGJkZGNjNS1kYzQxLTQ5ZDgtODdkZi0xNGEwM2Q1NjFiMzI%3D#reviews
Grüne Blüte,04416,Markkleeberg,Masterpiece,420 Evolution 25/1 CA MSP,Hybrid Indica Dominant,25%,1%,"7,49 €/g",Auf Lager,https://greenmedical.health/de/cannabis/flower/420_evolution_25_1_ca_msp-masterpiece?deliveryTarget=cGhhcm1hY3k6fDpiNGJkZGNjNS1kYzQxLTQ5ZDgtODdkZi0xNGEwM2Q1NjFiMzI%3D#reviews
Grüne Blüte,04416,Markkleeberg,Mango Kush (KL003),aleph Amber 22/1,Indica,22%,<1%,"5,99 €/g",Auf Lager,https://greenmedical.health/de/cannabis/flower/aleph-amber-22-1-mango-kush-kl003?deliveryTarget=cGhhcm1hY3k6fDpiNGJkZGNjNS1kYzQxLTQ5ZDgtODdkZi0xNGEwM2Q1NjFiMzI%3D#reviews
Grüne Blüte,04416,Markkleeberg,Governmint Oasis,auch bekannt als GMO x Gush Mints,Hybrid Indica Dominant,27%,1%,"8,49 €/g",Auf Lager,https://greenmedical.health/de/cannabis/flower/demecan_craft_emerald_27_1-governmint_oasis?deliveryTarget=cGhhcm1hY3k6fDpiNGJkZGNjNS1kYzQxLTQ5ZDgtODdkZi0xNGEwM2Q1NjFiMzI%3D#reviews
Grüne Blüte,04416,Markkleeberg,Durban Poison,Luana 28/1,Hybrid Sativa Dominant,28%,1%,"5,99 €/g",NEU,https://greenmedical.health/de/cannabis/flower/luana_28_1-durban_poison?deliveryTarget=cGhhcm1hY3k6fDpiNGJkZGNjNS1kYzQxLTQ5ZDgtODdkZi0xNGEwM2Q1NjFiMzI%3D#reviews
Grüne Blüte,04416,Markkleeberg,Chemdawg,Origine Nature CHEM 29/1,Hybrid Sativa Dominant,29%,<1%,"6,99 €/g",NEU,https://greenmedical.health/de/cannabis/flower/origine_nature_chem_29_1-chemdawg?deliveryTarget=cGhhcm1hY3k6fDpiNGJkZGNjNS1kYzQxLTQ5ZDgtODdkZi0xNGEwM2Q1NjFiMzI%3D#reviews
Grüne Blüte,04416,Markkleeberg,Alienmax,ZOIKS 22/1 ALM,Hybrid,22%,1%,"5,99 €/g",Auf Lager,https://greenmedical.health/de/cannabis/flower/zoiks_22_1_alm-alienmax?deliveryTarget=cGhhcm1hY3k6fDpiNGJkZGNjNS1kYzQxLTQ5ZDgtODdkZi0xNGEwM2Q1NjFiMzI%3D#reviews
Grüne Blüte,04416,Markkleeberg,Jet Fuel Pie,AVAAY 30/1 JFP,Hybrid Indica Dominant,30%,1%,"6,45 €/g",Auf Lager,https://greenmedical.health/de/cannabis/flower/avaay_30_1_jfp-jet_fuel_pie?deliveryTarget=cGhhcm1hY3k6fDpiNGJkZGNjNS1kYzQxLTQ5ZDgtODdkZi0xNGEwM2Q1NjFiMzI%3D#reviews
Grüne Blüte,04416,Markkleeberg,Gelat Skyfloater,Cannamedical Indica Classic DK 22/1,Hybrid Indica Dominant,22%,1%,"6,99 €/g",Auf Lager,https://greenmedical.health/de/cannabis/flower/cannamedical_indica_classic_dk_22_1-gelat_skyfloater?deliveryTarget=cGhhcm1hY3k6fDpiNGJkZGNjNS1kYzQxLTQ5ZDgtODdkZi0xNGEwM2Q1NjFiMzI%3D#reviews
Grüne Blüte,04416,Markkleeberg,GMO Cookies,Daily Special 25/1 GMO OMG GMO,Hybrid Indica Dominant,25%,1%,"5,99 €/g",Auf Lager,https://greenmedical.health/de/cannabis/flower/daily_special_25_1_gmo_omg_gmo-gmo_cookies?deliveryTarget=cGhhcm1hY3k6fDpiNGJkZGNjNS1kYzQxLTQ5ZDgtODdkZi0xNGEwM2Q1NjFiMzI%3D#reviews
Grüne Blüte,04416,Markkleeberg,El Jefe,Cannamedical Indica classic AU,Hybrid Indica Dominant,20%,1%,"10,99 €/g",Auf Lager,https://greenmedical.health/de/cannabis/flower/cannamedical_indica_classic_au-permanent_marker?deliveryTarget=cGhhcm1hY3k6fDpiNGJkZGNjNS1kYzQxLTQ5ZDgtODdkZi0xNGEwM2Q1NjFiMzI%3D#reviews
Grüne Blüte,04416,Markkleeberg,Permanent Marker,HiDealz 21/1 MS PMM,Hybrid,21%,1%,"5,49 €/g",Auf Lager,https://greenmedical.health/de/cannabis/flower/hidealz_21_1_ms_pmm-permanent_marker?deliveryTarget=cGhhcm1hY3k6fDpiNGJkZGNjNS1kYzQxLTQ5ZDgtODdkZi0xNGEwM2Q1NjFiMzI%3D#reviews
Grüne Blüte,04416,Markkleeberg,Animal Mintz Kush,Huala 30/1 AMK,Hybrid Indica Dominant,30%,1%,"5,79 €/g",NEU,https://greenmedical.health/de/cannabis/flower/huala_30_1_amk-animal_mintz_kush?deliveryTarget=cGhhcm1hY3k6fDpiNGJkZGNjNS1kYzQxLTQ5ZDgtODdkZi0xNGEwM2Q1NjFiMzI%3D#reviews
Grüne Blüte,04416,Markkleeberg,Frosted Platin Girl,Slouu 22/1 FPG CA,Hybrid,22%,1%,"4,79 €/g",NEU,https://greenmedical.health/de/cannabis/flower/slouu_22_1_fpg_ca-frosted_platin_girl?deliveryTarget=cGhhcm1hY3k6fDpiNGJkZGNjNS1kYzQxLTQ5ZDgtODdkZi0xNGEwM2Q1NjFiMzI%3D#reviews
Grüne Blüte,04416,Markkleeberg,Hokuzai,aleph Red 35/1,Hybrid Sativa Dominant,35%,1%,"10,99 €/g",Auf Lager,https://greenmedical.health/de/cannabis/flower/aleph_red_35_1-hokuzai?deliveryTarget=cGhhcm1hY3k6fDpiNGJkZGNjNS1kYzQxLTQ5ZDgtODdkZi0xNGEwM2Q1NjFiMzI%3D#reviews
Grüne Blüte,04416,Markkleeberg,Gelato Dream,Cannamedical Sativa Forte NM 24/1,Hybrid,24%,<1%,"9,49 €/g",Auf Lager,https://greenmedical.health/de/cannabis/flower/cannamedical_sativa_forte_nm_24_1-gelato_dream?deliveryTarget=cGhhcm1hY3k6fDpiNGJkZGNjNS1kYzQxLTQ5ZDgtODdkZi0xNGEwM2Q1NjFiMzI%3D#reviews
Grüne Blüte,04416,Markkleeberg,Cake Crasher,Demecan PS Regular Drop 25:1,Hybrid Indica Dominant,25%,1%,"4,99 €/g",Auf Lager,https://greenmedical.health/de/cannabis/flower/demecan_ps_regular_drop-cake_crasher?deliveryTarget=cGhhcm1hY3k6fDpiNGJkZGNjNS1kYzQxLTQ5ZDgtODdkZi0xNGEwM2Q1NjFiMzI%3D#reviews
Grüne Blüte,04416,Markkleeberg,Sour Chocorilla,ZOIKS 26/1 SCH,Hybrid,26%,1%,"4,99 €/g",NEU,https://greenmedical.health/de/cannabis/flower/zoiks_26_1_sch-sour_chocorilla?deliveryTarget=cGhhcm1hY3k6fDpiNGJkZGNjNS1kYzQxLTQ5ZDgtODdkZi0xNGEwM2Q1NjFiMzI%3D#reviews
Asavita,10365,Berlin,OJ Zainbow,IUVO 24/1 KC,Sativa,24%,1%,"7,99 €/g",Auf Lager,https://greenmedical.health/de/cannabis/flower/iuvo_24_1_kc-oj_zainbow?deliveryTarget=cGhhcm1hY3k6fDo4N2Q5MDc1ZS0zMWE0LTQyYTUtYWM3Ni03YWFkMTBhMTJhMzg%3D#reviews
Asavita,10365,Berlin,OZ,TIKUN 22/1 OZ,Hybrid,22%,1%,"5,79 €/g",Auf Lager,https://greenmedical.health/de/cannabis/flower/tikun_22_1_oz-oz?deliveryTarget=cGhhcm1hY3k6fDo4N2Q5MDc1ZS0zMWE0LTQyYTUtYWM3Ni03YWFkMTBhMTJhMzg%3D#reviews
Asavita,10365,Berlin,Super Citra G,AVAAY 31/1 SCG,Hybrid,31%,<1%,"8,99 €/g",Auf Lager,https://greenmedical.health/de/cannabis/flower/avaay_31_1_scg-super_citra_g_?deliveryTarget=cGhhcm1hY3k6fDo4N2Q5MDc1ZS0zMWE0LTQyYTUtYWM3Ni03YWFkMTBhMTJhMzg%3D#reviews
Asavita,10365,Berlin,Sour Ape,Luana 24/1 APE,Hybrid,22%,1%,"4,79 €/g",Auf Lager,https://greenmedical.health/de/cannabis/flower/luana_24_1_ape-sour_ape?deliveryTarget=cGhhcm1hY3k6fDo4N2Q5MDc1ZS0zMWE0LTQyYTUtYWM3Ni03YWFkMTBhMTJhMzg%3D#reviews
Asavita,10365,Berlin,Grapes and Cream,TIKUN GNC 30/1,Hybrid,30%,1%,"6,89 €/g",Auf Lager,https://greenmedical.health/de/cannabis/flower/tikun_gnc_30_1-grapes_and_cream?deliveryTarget=cGhhcm1hY3k6fDo4N2Q5MDc1ZS0zMWE0LTQyYTUtYWM3Ni03YWFkMTBhMTJhMzg%3D#reviews
Asavita,10365,Berlin,Atlantic Glue GG4,Wellford Aquaponic 26/1 ATG,Hybrid Indica Dominant,26%,1%,"6,39 €/g",Auf Lager,https://greenmedical.health/de/cannabis/flower/wellford_aquaponic_26_1_atg-atlantic_glue_gg4?deliveryTarget=cGhhcm1hY3k6fDo4N2Q5MDc1ZS0zMWE0LTQyYTUtYWM3Ni03YWFkMTBhMTJhMzg%3D#reviews
Asavita,10365,Berlin,Cosmic Cream,Pedanios 31/1 COS-CA,Hybrid Indica Dominant,31%,<1%,"7,89 €/g",Auf Lager,https://greenmedical.health/de/cannabis/flower/pedanios-31-1-cos-ca-cosmic-cream-34e1?deliveryTarget=cGhhcm1hY3k6fDo4N2Q5MDc1ZS0zMWE0LTQyYTUtYWM3Ni03YWFkMTBhMTJhMzg%3D#reviews
Asavita,10365,Berlin,Electric Honeydew (EHD),Pedanios 26/1 EHD-CA,Sativa,26%,<1%,"5,29 €/g",Auf Lager,https://greenmedical.health/de/cannabis/flower/pedanios-26-1-ehd-ca-electric-honeydew-ehd?deliveryTarget=cGhhcm1hY3k6fDo4N2Q5MDc1ZS0zMWE0LTQyYTUtYWM3Ni03YWFkMTBhMTJhMzg%3D#reviews
Asavita,10365,Berlin,Cookies OG,TRUU GT 30/1,Hybrid,30%,<1%,"4,99 €/g",Auf Lager,https://greenmedical.health/de/cannabis/flower/truu_gt_30_1-cookies_og?deliveryTarget=cGhhcm1hY3k6fDo4N2Q5MDc1ZS0zMWE0LTQyYTUtYWM3Ni03YWFkMTBhMTJhMzg%3D#reviews
Asavita,10365,Berlin,Space Rider,ZOIKS 31/1 SR,Hybrid Indica Dominant,31%,1%,"4,74 €/g",Auf Lager,https://greenmedical.health/de/cannabis/flower/zoiks_31_1_sr-space_rider?deliveryTarget=cGhhcm1hY3k6fDo4N2Q5MDc1ZS0zMWE0LTQyYTUtYWM3Ni03YWFkMTBhMTJhMzg%3D#reviews
Asavita,10365,Berlin,Sourdough,Pedanios 29/1 SRD-CA,Indica,29%,<1%,"6,39 €/g",Auf Lager,https://greenmedical.health/de/cannabis/flower/pedanios-29-1-srd-ca-sourdough-srd?deliveryTarget=cGhhcm1hY3k6fDo4N2Q5MDc1ZS0zMWE0LTQyYTUtYWM3Ni03YWFkMTBhMTJhMzg%3D#reviews
Asavita,10365,Berlin,Waffle Bites,AVAAY Signature 28/1 WB,Indica,28%,<1%,"7,85 €/g",Auf Lager,https://greenmedical.health/de/cannabis/flower/avaay-signature-28-1-wb-waffle-bites?deliveryTarget=cGhhcm1hY3k6fDo4N2Q5MDc1ZS0zMWE0LTQyYTUtYWM3Ni03YWFkMTBhMTJhMzg%3D#reviews
Asavita,10365,Berlin,Farm Gas (FRG),Pedanios 27/1 FRG-CA,Hybrid,27%,<1%,"5,34 €/g",Auf Lager,https://greenmedical.health/de/cannabis/flower/pedanios-27-1-frg-ca-farm-gas-frg?deliveryTarget=cGhhcm1hY3k6fDo4N2Q5MDc1ZS0zMWE0LTQyYTUtYWM3Ni03YWFkMTBhMTJhMzg%3D#reviews
Asavita,10365,Berlin,Polar Pop,Bathera 35/1 PP,Hybrid Sativa Dominant,36.4%,1%,"7,99 €/g",Auf Lager,https://greenmedical.health/de/cannabis/flower/bathera_35_1_pp-polar_pop?deliveryTarget=cGhhcm1hY3k6fDo4N2Q5MDc1ZS0zMWE0LTQyYTUtYWM3Ni03YWFkMTBhMTJhMzg%3D#reviews
Asavita,10365,Berlin,Wedding Tree,Cannamedical Sativa Forte NM,Hybrid,24%,<1%,"8,61 €/g",Auf Lager,https://greenmedical.health/de/cannabis/flower/cannamedical_sativa_forte_nm-wedding_tree?deliveryTarget=cGhhcm1hY3k6fDo4N2Q5MDc1ZS0zMWE0LTQyYTUtYWM3Ni03YWFkMTBhMTJhMzg%3D#reviews
Asavita,10365,Berlin,Space Cake,Peace Naturals 33/1 SC,Hybrid Sativa Dominant,33%,1%,"6,98 €/g",Auf Lager,https://greenmedical.health/de/cannabis/flower/peace-naturals-33-1-sc-space-cake-c4d2?deliveryTarget=cGhhcm1hY3k6fDo4N2Q5MDc1ZS0zMWE0LTQyYTUtYWM3Ni03YWFkMTBhMTJhMzg%3D#reviews
Asavita,10365,Berlin,Polar Cookies,Cannamedical Sativa Ultra NM,Hybrid Sativa Dominant,29.7%,<1%,"7,87 €/g",Auf Lager,https://greenmedical.health/de/cannabis/flower/cannamedical-sativa-ultra-nm-polar-cookies-fa5c?deliveryTarget=cGhhcm1hY3k6fDo4N2Q5MDc1ZS0zMWE0LTQyYTUtYWM3Ni03YWFkMTBhMTJhMzg%3D#reviews
Asavita,10365,Berlin,Chemango Kush,Pedanios 28/1 CMK-CA,Hybrid Indica Dominant,28%,1%,"5,85 €/g",Auf Lager,https://greenmedical.health/de/cannabis/flower/pedanios_28_1_cmk_ca-chemango_kush?deliveryTarget=cGhhcm1hY3k6fDo4N2Q5MDc1ZS0zMWE0LTQyYTUtYWM3Ni03YWFkMTBhMTJhMzg%3D#reviews
Asavita,10365,Berlin,Cinderella Kush,Huala 27/1 UK CIN,Hybrid Indica Dominant,27%,1%,"4,20 €/g",Auf Lager,https://greenmedical.health/de/cannabis/flower/huala_27_1_uk_cin-cinderella_kush?deliveryTarget=cGhhcm1hY3k6fDo4N2Q5MDc1ZS0zMWE0LTQyYTUtYWM3Ni03YWFkMTBhMTJhMzg%3D#reviews
Asavita,10365,Berlin,Bunatic,Luana 27/1 Donny B,Indica,27%,1%,"5,09 €/g",Auf Lager,https://greenmedical.health/de/cannabis/flower/luana_27_1_donny_b-bunatic?deliveryTarget=cGhhcm1hY3k6fDo4N2Q5MDc1ZS0zMWE0LTQyYTUtYWM3Ni03YWFkMTBhMTJhMzg%3D#reviews
Asavita,10365,Berlin,Lemon Cookies,Cannamedical Hybrid Ultra BC,Hybrid,28%,<1%,"5,59 €/g",Auf Lager,https://greenmedical.health/de/cannabis/flower/cannamedical_hybrid_ultra_bc-lemon_cookies?deliveryTarget=cGhhcm1hY3k6fDo4N2Q5MDc1ZS0zMWE0LTQyYTUtYWM3Ni03YWFkMTBhMTJhMzg%3D#reviews
Asavita,10365,Berlin,Gossip Gun,Avaay Signature 31/1 GOG,Hybrid Indica Dominant,31%,1%,"6,27 €/g",Auf Lager,https://greenmedical.health/de/cannabis/flower/avaay_signature_31_1_gog-gossip_gun?deliveryTarget=cGhhcm1hY3k6fDo4N2Q5MDc1ZS0zMWE0LTQyYTUtYWM3Ni03YWFkMTBhMTJhMzg%3D#reviews
Asavita,10365,Berlin,Midnight Lotus,Cannamedical CRAFT 28/1 Lotus,Hybrid,25.2%,1%,"7,77 €/g",Auf Lager,https://greenmedical.health/de/cannabis/flower/cannamedical_craft_28_1_lotus-pucker_up?deliveryTarget=cGhhcm1hY3k6fDo4N2Q5MDc1ZS0zMWE0LTQyYTUtYWM3Ni03YWFkMTBhMTJhMzg%3D#reviews
Asavita,10365,Berlin,Medellin,Origine Nature MED 32/1,Hybrid,32%,1%,"6,47 €/g",Auf Lager,https://greenmedical.health/de/cannabis/flower/origine_nature_med_32_1-medellin?deliveryTarget=cGhhcm1hY3k6fDo4N2Q5MDc1ZS0zMWE0LTQyYTUtYWM3Ni03YWFkMTBhMTJhMzg%3D#reviews
Asavita,10365,Berlin,Alien Mints,Huala 30/1 CA ALM,Hybrid Indica Dominant,30%,1%,"4,95 €/g",NEU,https://greenmedical.health/de/cannabis/flower/huala_30_1_ca_alm-alien_mints?deliveryTarget=cGhhcm1hY3k6fDo4N2Q5MDc1ZS0zMWE0LTQyYTUtYWM3Ni03YWFkMTBhMTJhMzg%3D#reviews
Asavita,10365,Berlin,Permanent Marker,Bathera 28/1,Hybrid Sativa Dominant,28%,1%,"7,25 €/g",Auf Lager,https://greenmedical.health/de/cannabis/flower/bathera_28_1-permanent_marker?deliveryTarget=cGhhcm1hY3k6fDo4N2Q5MDc1ZS0zMWE0LTQyYTUtYWM3Ni03YWFkMTBhMTJhMzg%3D#reviews
Asavita,10365,Berlin,Jokerz #31 x Gastro Pop,Demecan CRAFT Tigerz Eye 31:1,Hybrid,31%,1%,"7,50 €/g",Auf Lager,https://greenmedical.health/de/cannabis/flower/demecan_craft_tigerz_eye_31_1-jokerz_31_x_gastro_pop?deliveryTarget=cGhhcm1hY3k6fDo4N2Q5MDc1ZS0zMWE0LTQyYTUtYWM3Ni03YWFkMTBhMTJhMzg%3D#reviews
Asavita,10365,Berlin,Sky Berry Kush,Cannamedical Indica Forte DK,Hybrid Indica Dominant,24%,1%,"4,86 €/g",Auf Lager,https://greenmedical.health/de/cannabis/flower/cannamedical_indica_forte_dk-sky_berry_kush?deliveryTarget=cGhhcm1hY3k6fDo4N2Q5MDc1ZS0zMWE0LTQyYTUtYWM3Ni03YWFkMTBhMTJhMzg%3D#reviews
Asavita,10365,Berlin,First Class Funk,Demecan CRAFT FCF 28:1,Hybrid Indica Dominant,28%,<1%,"7,59 €/g",Auf Lager,https://greenmedical.health/de/cannabis/flower/demecan_craft_fcf_28_01-first_class_funk?deliveryTarget=cGhhcm1hY3k6fDo4N2Q5MDc1ZS0zMWE0LTQyYTUtYWM3Ni03YWFkMTBhMTJhMzg%3D#reviews
Asavita,10365,Berlin,Berlin Berries,420 Compound 27/1 CA BER,Hybrid,27%,<1%,"6,20 €/g",Auf Lager,https://greenmedical.health/de/cannabis/flower/420_compound_27_1_ca_ber-berlin_berries?deliveryTarget=cGhhcm1hY3k6fDo4N2Q5MDc1ZS0zMWE0LTQyYTUtYWM3Ni03YWFkMTBhMTJhMzg%3D#reviews
Asavita,10365,Berlin,Mac’s Cookies,AVAAY 26/1 MCO,Hybrid,26%,1%,"7,67 €/g",Auf Lager,https://greenmedical.health/de/cannabis/flower/avaay_26_1_mco-mac_s_cookies?deliveryTarget=cGhhcm1hY3k6fDo4N2Q5MDc1ZS0zMWE0LTQyYTUtYWM3Ni03YWFkMTBhMTJhMzg%3D#reviews
Asavita,10365,Berlin,Afghan Bubba Kush,Cannamedical Hybrid Ultimate SF,Hybrid,33%,1%,"6,94 €/g",Auf Lager,https://greenmedical.health/de/cannabis/flower/cannamedical_hybrid_ultimate_sf-afghan_bubba_kush?deliveryTarget=cGhhcm1hY3k6fDo4N2Q5MDc1ZS0zMWE0LTQyYTUtYWM3Ni03YWFkMTBhMTJhMzg%3D#reviews
Asavita,10365,Berlin,Rainbow Pavé,Legend's RP 34/1,Hybrid Sativa Dominant,34%,1%,"7,08 €/g",NEU,https://greenmedical.health/de/cannabis/flower/legend_s_rp_34_1-rainbow_pav_?deliveryTarget=cGhhcm1hY3k6fDo4N2Q5MDc1ZS0zMWE0LTQyYTUtYWM3Ni03YWFkMTBhMTJhMzg%3D#reviews
Asavita,10365,Berlin,Purple Punch x Jungle Cake,Demecan CRAFT D-Jungle 28:1,Hybrid Indica Dominant,28%,1%,"6,99 €/g",Auf Lager,https://greenmedical.health/de/cannabis/flower/demecan_craft_d_jungle_28_1-purple_punch_x_jungle_cake?deliveryTarget=cGhhcm1hY3k6fDo4N2Q5MDc1ZS0zMWE0LTQyYTUtYWM3Ni03YWFkMTBhMTJhMzg%3D#reviews
Asavita,10365,Berlin,Atomic Apple,High Greens AA 26/1,Hybrid Indica Dominant,26%,1%,"6,84 €/g",Auf Lager,https://greenmedical.health/de/cannabis/flower/high_greens_aa_26_1-atomic_apple?deliveryTarget=cGhhcm1hY3k6fDo4N2Q5MDc1ZS0zMWE0LTQyYTUtYWM3Ni03YWFkMTBhMTJhMzg%3D#reviews
Asavita,10365,Berlin,Waffle Truffle,Huala 30/1 UK WTR,Hybrid Indica Dominant,30%,1%,"4,80 €/g",NEU,https://greenmedical.health/de/cannabis/flower/huala_30_1_uk_wtr-waffle_truffle?deliveryTarget=cGhhcm1hY3k6fDo4N2Q5MDc1ZS0zMWE0LTQyYTUtYWM3Ni03YWFkMTBhMTJhMzg%3D#reviews
Asavita,10365,Berlin,GMO Cookies,Peace Naturals 29/1 GC,Indica,29%,<1%,"5,69 €/g",Auf Lager,https://greenmedical.health/de/cannabis/flower/peace_naturals_29_1_gc-gmo_cookies?deliveryTarget=cGhhcm1hY3k6fDo4N2Q5MDc1ZS0zMWE0LTQyYTUtYWM3Ni03YWFkMTBhMTJhMzg%3D#reviews
Asavita,10365,Berlin,Modified Gas,Green Karat MG 29/1,Hybrid,29%,1%,"6,98 €/g",Auf Lager,https://greenmedical.health/de/cannabis/flower/green_karat_mg_29_1-modified_gas?deliveryTarget=cGhhcm1hY3k6fDo4N2Q5MDc1ZS0zMWE0LTQyYTUtYWM3Ni03YWFkMTBhMTJhMzg%3D#reviews
Asavita,10365,Berlin,Pink Slurricane,High Greens PS 30/1,Hybrid Indica Dominant,30%,1%,"5,89 €/g",NEU,https://greenmedical.health/de/cannabis/flower/high_green_ps_30_1-pink_slurricane?deliveryTarget=cGhhcm1hY3k6fDo4N2Q5MDc1ZS0zMWE0LTQyYTUtYWM3Ni03YWFkMTBhMTJhMzg%3D#reviews
Asavita,10365,Berlin,Facetz,Bathera 30/1 FA,Indica,30%,1%,"5,77 €/g",NEU,https://greenmedical.health/de/cannabis/flower/bathera_30_1_fa-facetz?deliveryTarget=cGhhcm1hY3k6fDo4N2Q5MDc1ZS0zMWE0LTQyYTUtYWM3Ni03YWFkMTBhMTJhMzg%3D#reviews
Asavita,10365,Berlin,Apples & Bananas,IUVO 30/1 SQ,Hybrid,30%,1%,"7,59 €/g",Auf Lager,https://greenmedical.health/de/cannabis/flower/iuvo_sq_29_1-apples_bananas?deliveryTarget=cGhhcm1hY3k6fDo4N2Q5MDc1ZS0zMWE0LTQyYTUtYWM3Ni03YWFkMTBhMTJhMzg%3D#reviews
Asavita,10365,Berlin,Wedding Cake,31/1 Amici WC,Hybrid,31%,1%,"5,68 €/g",Auf Lager,https://greenmedical.health/de/cannabis/flower/31_1_amici_wc-wedding_cake?deliveryTarget=cGhhcm1hY3k6fDo4N2Q5MDc1ZS0zMWE0LTQyYTUtYWM3Ni03YWFkMTBhMTJhMzg%3D#reviews
Asavita,10365,Berlin,Cheddar Cheeze,CannXChange CC 25/1,Hybrid Indica Dominant,25%,1%,"4,69 €/g",NEU,https://greenmedical.health/de/cannabis/flower/cannxchange_cc_25_1-cheddar_cheeze?deliveryTarget=cGhhcm1hY3k6fDo4N2Q5MDc1ZS0zMWE0LTQyYTUtYWM3Ni03YWFkMTBhMTJhMzg%3D#reviews
Asavita,10365,Berlin,Midnight,TIKUN Midnight 10/14,Hybrid Sativa Dominant,10%,14%,"7,42 €/g",Auf Lager,https://greenmedical.health/de/cannabis/flower/tikun_midnight_10_14-midnight?deliveryTarget=cGhhcm1hY3k6fDo4N2Q5MDc1ZS0zMWE0LTQyYTUtYWM3Ni03YWFkMTBhMTJhMzg%3D#reviews
Asavita,10365,Berlin,Garlic Truffle,N!CE 31/1 GT,Hybrid Indica Dominant,31%,1%,"5,07 €/g",Auf Lager,https://greenmedical.health/de/cannabis/flower/n_ce_31_1_gt-garlic_truffle?deliveryTarget=cGhhcm1hY3k6fDo4N2Q5MDc1ZS0zMWE0LTQyYTUtYWM3Ni03YWFkMTBhMTJhMzg%3D#reviews
Asavita,10365,Berlin,Cool Grapes,Eufloria 30/1 CLG,Hybrid,30%,1%,"6,19 €/g",Auf Lager,https://greenmedical.health/de/cannabis/flower/eufloria_30_1_clg-cool_grapes?deliveryTarget=cGhhcm1hY3k6fDo4N2Q5MDc1ZS0zMWE0LTQyYTUtYWM3Ni03YWFkMTBhMTJhMzg%3D#reviews
Asavita,10365,Berlin,Spritzer,Remexian 27/1 NXN SPZ,Hybrid,27%,1%,"5,68 €/g",Auf Lager,https://greenmedical.health/de/cannabis/flower/remexian_27_1_nxn_spz-spritzer?deliveryTarget=cGhhcm1hY3k6fDo4N2Q5MDc1ZS0zMWE0LTQyYTUtYWM3Ni03YWFkMTBhMTJhMzg%3D#reviews
Asavita,10365,Berlin,Guava Barz,Greenseal 24/1 GUB,Hybrid,24%,1%,"4,79 €/g",NEU,https://greenmedical.health/de/cannabis/flower/greenseal_24_1_gub-guava_barz?deliveryTarget=cGhhcm1hY3k6fDo4N2Q5MDc1ZS0zMWE0LTQyYTUtYWM3Ni03YWFkMTBhMTJhMzg%3D#reviews
Asavita,10365,Berlin,Chemdawg OG,Origine Nature CHEM,Hybrid Sativa Dominant,23.5%,<1%,"5,94 €/g",Auf Lager,https://greenmedical.health/de/cannabis/flower/origine_nature_chem-chemdawg_og?deliveryTarget=cGhhcm1hY3k6fDo4N2Q5MDc1ZS0zMWE0LTQyYTUtYWM3Ni03YWFkMTBhMTJhMzg%3D#reviews
Asavita,10365,Berlin,Platinum Pavé,420 Compound 27/1 CA PPE,Hybrid,27%,1%,"4,29 €/g",Auf Lager,https://greenmedical.health/de/cannabis/flower/420_compound_27_1_ca_ppe-platinum_pav_?deliveryTarget=cGhhcm1hY3k6fDo4N2Q5MDc1ZS0zMWE0LTQyYTUtYWM3Ni03YWFkMTBhMTJhMzg%3D#reviews
Asavita,10365,Berlin,Black Cherry Punch,Cannamedical Indica classic ZAF,Hybrid Indica Dominant,20.4%,<1%,"4,40 €/g",Auf Lager,https://greenmedical.health/de/cannabis/flower/cannamedical-indica-classic-zaf-black-cherry-punch?deliveryTarget=cGhhcm1hY3k6fDo4N2Q5MDc1ZS0zMWE0LTQyYTUtYWM3Ni03YWFkMTBhMTJhMzg%3D#reviews
Asavita,10365,Berlin,Funky Zkittlez,High Greens FZ 30/1,Hybrid Indica Dominant,30%,1%,"7,35 €/g",Auf Lager,https://greenmedical.health/de/cannabis/flower/high_greens_fz_30_1-funky_zkittlez?deliveryTarget=cGhhcm1hY3k6fDo4N2Q5MDc1ZS0zMWE0LTQyYTUtYWM3Ni03YWFkMTBhMTJhMzg%3D#reviews
Asavita,10365,Berlin,Neutronium,IUVO 28/1 OC,Hybrid,28%,1%,"7,99 €/g",Auf Lager,https://greenmedical.health/de/cannabis/flower/iuvo_28_1_oc-neutronium?deliveryTarget=cGhhcm1hY3k6fDo4N2Q5MDc1ZS0zMWE0LTQyYTUtYWM3Ni03YWFkMTBhMTJhMzg%3D#reviews
Asavita,10365,Berlin,Black Lime,N!CE 29/1 BL,Hybrid,29%,1%,"4,84 €/g",Auf Lager,https://greenmedical.health/de/cannabis/flower/n_ce_29_1_bl-black_lime?deliveryTarget=cGhhcm1hY3k6fDo4N2Q5MDc1ZS0zMWE0LTQyYTUtYWM3Ni03YWFkMTBhMTJhMzg%3D#reviews
Asavita,10365,Berlin,Mo´s Sunset,AVAAY 22/1 MOS,Hybrid,22%,1%,"7,45 €/g",Auf Lager,https://greenmedical.health/de/cannabis/flower/avaay_22_1_mos-mo_s_sunset?deliveryTarget=cGhhcm1hY3k6fDo4N2Q5MDc1ZS0zMWE0LTQyYTUtYWM3Ni03YWFkMTBhMTJhMzg%3D#reviews
Asavita,10365,Berlin,Banana Cream Cake,Cannamedical Indica Forte BC,Hybrid,24.7%,1%,"5,49 €/g",Auf Lager,https://greenmedical.health/de/cannabis/flower/cannamedical_indica_forte_bc-banana_cream_cake?deliveryTarget=cGhhcm1hY3k6fDo4N2Q5MDc1ZS0zMWE0LTQyYTUtYWM3Ni03YWFkMTBhMTJhMzg%3D#reviews
Asavita,10365,Berlin,Cap Junky,N!CE 26/1 CJ,Hybrid,26%,1%,"4,74 €/g",Auf Lager,https://greenmedical.health/de/cannabis/flower/n_ce_26_1_cj-cap_junky?deliveryTarget=cGhhcm1hY3k6fDo4N2Q5MDc1ZS0zMWE0LTQyYTUtYWM3Ni03YWFkMTBhMTJhMzg%3D#reviews
Asavita,10365,Berlin,Do-Si-Dos,AVAAY 27/1 DID,Hybrid,27%,<1%,"7,99 €/g",Auf Lager,https://greenmedical.health/de/cannabis/flower/avaay_27_1_did-do_si_dos?deliveryTarget=cGhhcm1hY3k6fDo4N2Q5MDc1ZS0zMWE0LTQyYTUtYWM3Ni03YWFkMTBhMTJhMzg%3D#reviews
Asavita,10365,Berlin,Birthday Cake,Buuo 30/1 BDC,Hybrid Indica Dominant,30%,1%,"4,64 €/g",NEU,https://greenmedical.health/de/cannabis/flower/buuo_30_1_bdc-birthday_cake?deliveryTarget=cGhhcm1hY3k6fDo4N2Q5MDc1ZS0zMWE0LTQyYTUtYWM3Ni03YWFkMTBhMTJhMzg%3D#reviews
Asavita,10365,Berlin,Chemango Kush,Pedanios 31/1 CMK-CA,Hybrid Indica Dominant,28.5%,<1%,"6,74 €/g",Auf Lager,https://greenmedical.health/de/cannabis/flower/pedanios_31_1_cmk_ca-chemango_kush?deliveryTarget=cGhhcm1hY3k6fDo4N2Q5MDc1ZS0zMWE0LTQyYTUtYWM3Ni03YWFkMTBhMTJhMzg%3D#reviews
Asavita,10365,Berlin,Green Delight,Cannamedical Indica Ultra AU,Hybrid Indica Dominant,28%,1%,"8,49 €/g",Auf Lager,https://greenmedical.health/de/cannabis/flower/cannamedical_indica_ultra_au-green_delight?deliveryTarget=cGhhcm1hY3k6fDo4N2Q5MDc1ZS0zMWE0LTQyYTUtYWM3Ni03YWFkMTBhMTJhMzg%3D#reviews
Asavita,10365,Berlin,Rainbow Pavé,Ceres RP 32/1,Hybrid,32%,1%,"7,48 €/g",Auf Lager,https://greenmedical.health/de/cannabis/flower/ceres_rp_32_1-rainbow_pav_?deliveryTarget=cGhhcm1hY3k6fDo4N2Q5MDc1ZS0zMWE0LTQyYTUtYWM3Ni03YWFkMTBhMTJhMzg%3D#reviews
Asavita,10365,Berlin,Grizzly Glue,Coyote Valley 24/1 GRG,Hybrid Indica Dominant,24%,1%,"3,69 €/g",NEU,https://greenmedical.health/de/cannabis/flower/coyote_valley_24_1_grg-grizzly_glue?deliveryTarget=cGhhcm1hY3k6fDo4N2Q5MDc1ZS0zMWE0LTQyYTUtYWM3Ni03YWFkMTBhMTJhMzg%3D#reviews
Asavita,10365,Berlin,Frozen Lemon Haze,Pedanios 25/1 FLH CA,Hybrid Sativa Dominant,25%,1%,"8,29 €/g",Auf Lager,https://greenmedical.health/de/cannabis/flower/pedanios_25_1_flh_ca-frozen_lemon_haze?deliveryTarget=cGhhcm1hY3k6fDo4N2Q5MDc1ZS0zMWE0LTQyYTUtYWM3Ni03YWFkMTBhMTJhMzg%3D#reviews
Asavita,10365,Berlin,Strawberry Guava,Greenseal 33/1 SGU,Hybrid Indica Dominant,33%,1%,"5,99 €/g",NEU,https://greenmedical.health/de/cannabis/flower/greenseal_33_1_sgu-strawberry_guava?deliveryTarget=cGhhcm1hY3k6fDo4N2Q5MDc1ZS0zMWE0LTQyYTUtYWM3Ni03YWFkMTBhMTJhMzg%3D#reviews
Asavita,10365,Berlin,Super Buff Cherry,GrowMotion SBC24,Hybrid Indica Dominant,24%,1%,"9,49 €/g",Auf Lager,https://greenmedical.health/de/cannabis/flower/growmotion_sbc24-super_buff_cherry?deliveryTarget=cGhhcm1hY3k6fDo4N2Q5MDc1ZS0zMWE0LTQyYTUtYWM3Ni03YWFkMTBhMTJhMzg%3D#reviews
Asavita,10365,Berlin,Garlic Budder,madrecan 27/1 GB9,Hybrid,27%,<1%,"4,62 €/g",Auf Lager,https://greenmedical.health/de/cannabis/flower/madrecan_27_1_gb9-garlic_budder?deliveryTarget=cGhhcm1hY3k6fDo4N2Q5MDc1ZS0zMWE0LTQyYTUtYWM3Ni03YWFkMTBhMTJhMzg%3D#reviews
Asavita,10365,Berlin,8-Ball Kush,Materia 8BK 30/1,Hybrid Indica Dominant,30%,1%,"5,48 €/g",Auf Lager,https://greenmedical.health/de/cannabis/flower/materia_8bk_30_1-8_ball_kush?deliveryTarget=cGhhcm1hY3k6fDo4N2Q5MDc1ZS0zMWE0LTQyYTUtYWM3Ni03YWFkMTBhMTJhMzg%3D#reviews
Asavita,10365,Berlin,Triangle Mints,N!CE 27/1 TMI,Hybrid Indica Dominant,27%,1%,"4,24 €/g",Auf Lager,https://greenmedical.health/de/cannabis/flower/n_ce_27_1_tmi-triangle_mints?deliveryTarget=cGhhcm1hY3k6fDo4N2Q5MDc1ZS0zMWE0LTQyYTUtYWM3Ni03YWFkMTBhMTJhMzg%3D#reviews
Asavita,10365,Berlin,Noga,TIKUN Noga 27/1,Hybrid,27%,1%,"6,85 €/g",Auf Lager,https://greenmedical.health/de/cannabis/flower/tikun_noga_27_1-noga?deliveryTarget=cGhhcm1hY3k6fDo4N2Q5MDc1ZS0zMWE0LTQyYTUtYWM3Ni03YWFkMTBhMTJhMzg%3D#reviews
Asavita,10365,Berlin,Vegas Wedding Cake,CannGo 28/1 WG,Hybrid Indica Dominant,28%,1%,"4,89 €/g",NEU,https://greenmedical.health/de/cannabis/flower/canngo_28_1_wg-vegas_wedding_cake?deliveryTarget=cGhhcm1hY3k6fDo4N2Q5MDc1ZS0zMWE0LTQyYTUtYWM3Ni03YWFkMTBhMTJhMzg%3D#reviews
Asavita,10365,Berlin,Heavy Eyes,Cookies 2.0 31/1 HE,Hybrid Indica Dominant,31%,1%,"8,94 €/g",Auf Lager,https://greenmedical.health/de/cannabis/flower/cookies_2_0_31_1-heavy_eyes?deliveryTarget=cGhhcm1hY3k6fDo4N2Q5MDc1ZS0zMWE0LTQyYTUtYWM3Ni03YWFkMTBhMTJhMzg%3D#reviews
Asavita,10365,Berlin,Heavy Eyes,Cookies 2.0 30/1 HE,Hybrid Indica Dominant,30%,1%,"8,59 €/g",Auf Lager,https://greenmedical.health/de/cannabis/flower/cookies_2_0_30_1_he-heavy_eyes?deliveryTarget=cGhhcm1hY3k6fDo4N2Q5MDc1ZS0zMWE0LTQyYTUtYWM3Ni03YWFkMTBhMTJhMzg%3D#reviews
Asavita,10365,Berlin,Permanent Marker,HiDealz 24/1 MS PMM Smalls,Hybrid,24%,1%,"3,49 €/g",Auf Lager,https://greenmedical.health/de/cannabis/flower/hidealz_24_1_ms_pmm_smalls-permanent_marker?deliveryTarget=cGhhcm1hY3k6fDo4N2Q5MDc1ZS0zMWE0LTQyYTUtYWM3Ni03YWFkMTBhMTJhMzg%3D#reviews
Asavita,10365,Berlin,Cap Junky,TIKUN CAP J 31/1,Hybrid,31%,1%,"7,35 €/g",Auf Lager,https://greenmedical.health/de/cannabis/flower/tikun_cap_j_31_1-cap_junky?deliveryTarget=cGhhcm1hY3k6fDo4N2Q5MDc1ZS0zMWE0LTQyYTUtYWM3Ni03YWFkMTBhMTJhMzg%3D#reviews
Asavita,10365,Berlin,Bubblegumz,Cookies 2.0 28/1,Hybrid,28%,1%,"7,99 €/g",Auf Lager,https://greenmedical.health/de/cannabis/flower/cookies_2_0_28_1-bubblegumz?deliveryTarget=cGhhcm1hY3k6fDo4N2Q5MDc1ZS0zMWE0LTQyYTUtYWM3Ni03YWFkMTBhMTJhMzg%3D#reviews
Asavita,10365,Berlin,Andes,Materia AND 18/1,Hybrid Sativa Dominant,18%,1%,"3,89 €/g",Auf Lager,https://greenmedical.health/de/cannabis/flower/materia_and_18_1-andes?deliveryTarget=cGhhcm1hY3k6fDo4N2Q5MDc1ZS0zMWE0LTQyYTUtYWM3Ni03YWFkMTBhMTJhMzg%3D#reviews
Asavita,10365,Berlin,Munyunz,Remexian 27/1 GJY MUN,Hybrid Sativa Dominant,27%,1%,"5,38 €/g",Auf Lager,https://greenmedical.health/de/cannabis/flower/remexian_27_1_gjy_mun-munyunz?deliveryTarget=cGhhcm1hY3k6fDo4N2Q5MDc1ZS0zMWE0LTQyYTUtYWM3Ni03YWFkMTBhMTJhMzg%3D#reviews
Asavita,10365,Berlin,Blueberry Bananas,Cookies 2.0 26/1,Hybrid,26%,1%,"7,99 €/g",Auf Lager,https://greenmedical.health/de/cannabis/flower/cookies_2_0-blueberry_bananas?deliveryTarget=cGhhcm1hY3k6fDo4N2Q5MDc1ZS0zMWE0LTQyYTUtYWM3Ni03YWFkMTBhMTJhMzg%3D#reviews
Asavita,10365,Berlin,Maple,Coyote Valley 22/1 MAP,Hybrid,22%,1%,"3,69 €/g",NEU,https://greenmedical.health/de/cannabis/flower/coyote_valley_22_1_map-maple?deliveryTarget=cGhhcm1hY3k6fDo4N2Q5MDc1ZS0zMWE0LTQyYTUtYWM3Ni03YWFkMTBhMTJhMzg%3D#reviews
Asavita,10365,Berlin,FalconZ,V-LUE FaZ 30/1,Hybrid,30%,<1%,"5,99 €/g",Auf Lager,https://greenmedical.health/de/cannabis/flower/v_lue_faz_30_1-falconz?deliveryTarget=cGhhcm1hY3k6fDo4N2Q5MDc1ZS0zMWE0LTQyYTUtYWM3Ni03YWFkMTBhMTJhMzg%3D#reviews
Asavita,10365,Berlin,Platin Driver,ZOIKS 22/1 PD,Hybrid Indica Dominant,22%,1%,"4,69 €/g",Auf Lager,https://greenmedical.health/de/cannabis/flower/zoiks_22_1_pd-platin_driver?deliveryTarget=cGhhcm1hY3k6fDo4N2Q5MDc1ZS0zMWE0LTQyYTUtYWM3Ni03YWFkMTBhMTJhMzg%3D#reviews
Asavita,10365,Berlin,Don Zour,AVAAY 26/1 DZ,Hybrid Sativa Dominant,26%,1%,"7,29 €/g",Auf Lager,https://greenmedical.health/de/cannabis/flower/avaay_26_1_dz-don_zour?deliveryTarget=cGhhcm1hY3k6fDo4N2Q5MDc1ZS0zMWE0LTQyYTUtYWM3Ni03YWFkMTBhMTJhMzg%3D#reviews
Asavita,10365,Berlin,Midnight Mimosa,AVAAY 30/1 MIM,Hybrid Indica Dominant,30%,1%,"5,79 €/g",Auf Lager,https://greenmedical.health/de/cannabis/flower/avaay_30_1_mim-midnight_mimosa?deliveryTarget=cGhhcm1hY3k6fDo4N2Q5MDc1ZS0zMWE0LTQyYTUtYWM3Ni03YWFkMTBhMTJhMzg%3D#reviews
Asavita,10365,Berlin,Spritzer,V-LUE SPZ 33/1,Hybrid,33%,<0%,"5,89 €/g",Auf Lager,https://greenmedical.health/de/cannabis/flower/v_lue_spz33_1-spritzer?deliveryTarget=cGhhcm1hY3k6fDo4N2Q5MDc1ZS0zMWE0LTQyYTUtYWM3Ni03YWFkMTBhMTJhMzg%3D#reviews
Asavita,10365,Berlin,Gelat Skyfloater,Cannamedical Indica Classic DK 22/1,Hybrid Indica Dominant,22%,1%,"5,19 €/g",Auf Lager,https://greenmedical.health/de/cannabis/flower/cannamedical_indica_classic_dk_22_1-gelat_skyfloater?deliveryTarget=cGhhcm1hY3k6fDo4N2Q5MDc1ZS0zMWE0LTQyYTUtYWM3Ni03YWFkMTBhMTJhMzg%3D#reviews
Asavita,10365,Berlin,GMO x Han Solo Burger,Demecan PS Strong Drop,Hybrid Indica Dominant,27%,1%,"4,29 €/g",NEU,https://greenmedical.health/de/cannabis/flower/demecan_ps_strong_drop-gmo_x_han_solo_burger?deliveryTarget=cGhhcm1hY3k6fDo4N2Q5MDc1ZS0zMWE0LTQyYTUtYWM3Ni03YWFkMTBhMTJhMzg%3D#reviews
Asavita,10365,Berlin,Purple Rain by the Gram,Weeco Duke 30/1 DK,Sativa,30%,1%,"4,49 €/g",NEU,https://greenmedical.health/de/cannabis/flower/weeco_duke_30_1-purple_rain_by_the_gram?deliveryTarget=cGhhcm1hY3k6fDo4N2Q5MDc1ZS0zMWE0LTQyYTUtYWM3Ni03YWFkMTBhMTJhMzg%3D#reviews
Asavita,10365,Berlin,Gelatti,N!CE 26/1 GE,Hybrid Indica Dominant,26%,1%,"5,29 €/g",Auf Lager,https://greenmedical.health/de/cannabis/flower/n_ce_26_1_ge-gelatti?deliveryTarget=cGhhcm1hY3k6fDo4N2Q5MDc1ZS0zMWE0LTQyYTUtYWM3Ni03YWFkMTBhMTJhMzg%3D#reviews
Asavita,10365,Berlin,Gelato Cake,THC AKUT 30 OHS,Hybrid,30%,1%,"4,68 €/g",Auf Lager,https://greenmedical.health/de/cannabis/flower/thc_akut_30_ohs-pucker_up?deliveryTarget=cGhhcm1hY3k6fDo4N2Q5MDc1ZS0zMWE0LTQyYTUtYWM3Ni03YWFkMTBhMTJhMzg%3D#reviews
Asavita,10365,Berlin,Heavy Eyes,Cookies 2.0 26/1 HE,Hybrid Indica Dominant,26%,1%,"7,99 €/g",Auf Lager,https://greenmedical.health/de/cannabis/flower/cookies_2_0_26_1_he-heavy_eyes?deliveryTarget=cGhhcm1hY3k6fDo4N2Q5MDc1ZS0zMWE0LTQyYTUtYWM3Ni03YWFkMTBhMTJhMzg%3D#reviews
Asavita,10365,Berlin,Ben & Berries,ZOIKS 31/1 BB,Hybrid Sativa Dominant,31%,1%,"5,99 €/g",Auf Lager,https://greenmedical.health/de/cannabis/flower/zoiks_31_1_bb-ben_berries?deliveryTarget=cGhhcm1hY3k6fDo4N2Q5MDc1ZS0zMWE0LTQyYTUtYWM3Ni03YWFkMTBhMTJhMzg%3D#reviews
Sky Cannabis Kudamm,10711,Berlin,OJ Zainbow,IUVO 24/1 KC,Sativa,24%,1%,"7,80 €/g",Auf Lager,https://greenmedical.health/de/cannabis/flower/iuvo_24_1_kc-oj_zainbow?deliveryTarget=cGhhcm1hY3k6fDpmNzI1ZDk5OS05YjE1LTRlYTktOTIzMi01YWUyOTNlY2VlNmU%3D#reviews
Sky Cannabis Kudamm,10711,Berlin,Killer Cupcake,IUVO 22/1 OC,Hybrid,22%,1%,"7,80 €/g",Auf Lager,https://greenmedical.health/de/cannabis/flower/iuvo_22_1_oc-killer_cupcake?deliveryTarget=cGhhcm1hY3k6fDpmNzI1ZDk5OS05YjE1LTRlYTktOTIzMi01YWUyOTNlY2VlNmU%3D#reviews
Sky Cannabis Kudamm,10711,Berlin,Waffle Bites,AVAAY Signature 28/1 WB,Indica,28%,<1%,"7,30 €/g",Auf Lager,https://greenmedical.health/de/cannabis/flower/avaay-signature-28-1-wb-waffle-bites?deliveryTarget=cGhhcm1hY3k6fDpmNzI1ZDk5OS05YjE1LTRlYTktOTIzMi01YWUyOTNlY2VlNmU%3D#reviews
Sky Cannabis Kudamm,10711,Berlin,Tubitti Frubitti,TANNENBUSCH 31/1 TF,Hybrid Indica Dominant,31%,<1%,"8,49 €/g",Auf Lager,https://greenmedical.health/de/cannabis/flower/tannenbusch_31_1_tf-tubitti_frubitti?deliveryTarget=cGhhcm1hY3k6fDpmNzI1ZDk5OS05YjE1LTRlYTktOTIzMi01YWUyOTNlY2VlNmU%3D#reviews
Sky Cannabis Kudamm,10711,Berlin,Wedding Cake x Jet Fuel Gelato,Demecan Core Saxonia 28:1,Hybrid Indica Dominant,28%,<1%,"5,99 €/g",Auf Lager,https://greenmedical.health/de/cannabis/flower/demecan_core_saxonia_28_01-wedding_cake_x_jet_fuel_gelato?deliveryTarget=cGhhcm1hY3k6fDpmNzI1ZDk5OS05YjE1LTRlYTktOTIzMi01YWUyOTNlY2VlNmU%3D#reviews
Sky Cannabis Kudamm,10711,Berlin,Black Cherry Punch,enua 22/1 PS3 BCP CA,Hybrid Indica Dominant,22%,0.9%,"4,99 €/g",Auf Lager,https://greenmedical.health/de/cannabis/flower/enua_22_1_ps3_bcp_ca-black_cherry_punch?deliveryTarget=cGhhcm1hY3k6fDpmNzI1ZDk5OS05YjE1LTRlYTktOTIzMi01YWUyOTNlY2VlNmU%3D#reviews
Sky Cannabis Kudamm,10711,Berlin,Peechy Keen,Demecan CRAFT Luna 31:1,Hybrid Indica Dominant,30.1%,<1%,"5,99 €/g",Auf Lager,https://greenmedical.health/de/cannabis/flower/demecan_craft_luna_31_1-peechy_keen?deliveryTarget=cGhhcm1hY3k6fDpmNzI1ZDk5OS05YjE1LTRlYTktOTIzMi01YWUyOTNlY2VlNmU%3D#reviews
Sky Cannabis Kudamm,10711,Berlin,Ice Cream Cake x Kush Mints,420 Evolution 27/1 CA ICC,Hybrid,27%,<1%,"6,99 €/g",Auf Lager,https://greenmedical.health/de/cannabis/flower/420_evolution_27_1_ca_icc_ice_cream_cake-ice_cream_cake_kush_mints?deliveryTarget=cGhhcm1hY3k6fDpmNzI1ZDk5OS05YjE1LTRlYTktOTIzMi01YWUyOTNlY2VlNmU%3D#reviews
Sky Cannabis Kudamm,10711,Berlin,Khalifa Mints,AVAAY 28/1 KM,Hybrid,28%,1%,"8,50 €/g",Auf Lager,https://greenmedical.health/de/cannabis/flower/avaay_28_1_km-khalifa_mints?deliveryTarget=cGhhcm1hY3k6fDpmNzI1ZDk5OS05YjE1LTRlYTktOTIzMi01YWUyOTNlY2VlNmU%3D#reviews
Sky Cannabis Kudamm,10711,Berlin,Pineapple Cherry Punch,enua 30/1 PS3 CA PCP,Hybrid,30%,1%,"4,99 €/g",Auf Lager,https://greenmedical.health/de/cannabis/flower/enua_30_1_ps3_ca_pcp-pineapple_cherry_punch?deliveryTarget=cGhhcm1hY3k6fDpmNzI1ZDk5OS05YjE1LTRlYTktOTIzMi01YWUyOTNlY2VlNmU%3D#reviews
Sky Cannabis Kudamm,10711,Berlin,Berlin Berries,420 Compound 27/1 CA BER,Hybrid,27%,<1%,"5,80 €/g",Auf Lager,https://greenmedical.health/de/cannabis/flower/420_compound_27_1_ca_ber-berlin_berries?deliveryTarget=cGhhcm1hY3k6fDpmNzI1ZDk5OS05YjE1LTRlYTktOTIzMi01YWUyOTNlY2VlNmU%3D#reviews
Sky Cannabis Kudamm,10711,Berlin,Mac’s Cookies,AVAAY 26/1 MCO,Hybrid,26%,1%,"5,60 €/g",Auf Lager,https://greenmedical.health/de/cannabis/flower/avaay_26_1_mco-mac_s_cookies?deliveryTarget=cGhhcm1hY3k6fDpmNzI1ZDk5OS05YjE1LTRlYTktOTIzMi01YWUyOTNlY2VlNmU%3D#reviews
Sky Cannabis Kudamm,10711,Berlin,Purps Crystal Breath,enua 36/1 PCB CA,Hybrid Indica Dominant,36%,1%,"6,70 €/g",NEU,https://greenmedical.health/de/cannabis/flower/enua_36_1_pcb_ca-purps_crystal_breath?deliveryTarget=cGhhcm1hY3k6fDpmNzI1ZDk5OS05YjE1LTRlYTktOTIzMi01YWUyOTNlY2VlNmU%3D#reviews
Sky Cannabis Kudamm,10711,Berlin,98 Aloha White Widow x Trainwreck,Demecan CRAFT Aloha 31:1,Hybrid Sativa Dominant,31%,1%,"7,80 €/g",Auf Lager,https://greenmedical.health/de/cannabis/flower/demecan_craft_aloha_31_1-98_aloha_white_widow_x_trainwreck?deliveryTarget=cGhhcm1hY3k6fDpmNzI1ZDk5OS05YjE1LTRlYTktOTIzMi01YWUyOTNlY2VlNmU%3D#reviews
Sky Cannabis Kudamm,10711,Berlin,Tropical Cherry Punch,enua 27/1 TCP CA,Hybrid,27%,1%,"6,50 €/g",NEU,https://greenmedical.health/de/cannabis/flower/enua_27_1_tcp_ca-tropical_cherry_punch?deliveryTarget=cGhhcm1hY3k6fDpmNzI1ZDk5OS05YjE1LTRlYTktOTIzMi01YWUyOTNlY2VlNmU%3D#reviews
Sky Cannabis Kudamm,10711,Berlin,Apples & Bananas,IUVO 30/1 SQ,Hybrid,30%,1%,"7,99 €/g",Auf Lager,https://greenmedical.health/de/cannabis/flower/iuvo_sq_29_1-apples_bananas?deliveryTarget=cGhhcm1hY3k6fDpmNzI1ZDk5OS05YjE1LTRlYTktOTIzMi01YWUyOTNlY2VlNmU%3D#reviews
Sky Cannabis Kudamm,10711,Berlin,Sunset Berries,AVAAY 26/1 SB,Hybrid Sativa Dominant,26%,1%,"6,80 €/g",Auf Lager,https://greenmedical.health/de/cannabis/flower/avaay_26_1_sb-sunset_berries?deliveryTarget=cGhhcm1hY3k6fDpmNzI1ZDk5OS05YjE1LTRlYTktOTIzMi01YWUyOTNlY2VlNmU%3D#reviews
Sky Cannabis Kudamm,10711,Berlin,Permanent Marker,Greenseal 24/1 PMM,Hybrid Indica Dominant,24%,1%,"4,80 €/g",NEU,https://greenmedical.health/de/cannabis/flower/greenseal_24_1_pmm-permanent_marker?deliveryTarget=cGhhcm1hY3k6fDpmNzI1ZDk5OS05YjE1LTRlYTktOTIzMi01YWUyOTNlY2VlNmU%3D#reviews
Sky Cannabis Kudamm,10711,Berlin,Space Rider,ZOIKS 22/1 SR,Hybrid Indica Dominant,22%,1%,"3,60 €/g",Auf Lager,https://greenmedical.health/de/cannabis/flower/zoiks_22_1_sr-space_rider?deliveryTarget=cGhhcm1hY3k6fDpmNzI1ZDk5OS05YjE1LTRlYTktOTIzMi01YWUyOTNlY2VlNmU%3D#reviews
Sky Cannabis Kudamm,10711,Berlin,Waffle Truffle,Huala 27/1 UK WTR,Hybrid Indica Dominant,27%,1%,"4,99 €/g",Auf Lager,https://greenmedical.health/de/cannabis/flower/huala_27_1_uk_wtr-waffle_truffle?deliveryTarget=cGhhcm1hY3k6fDpmNzI1ZDk5OS05YjE1LTRlYTktOTIzMi01YWUyOTNlY2VlNmU%3D#reviews
Sky Cannabis Kudamm,10711,Berlin,Neutronium,IUVO 28/1 OC,Hybrid,28%,1%,"7,99 €/g",Auf Lager,https://greenmedical.health/de/cannabis/flower/iuvo_28_1_oc-neutronium?deliveryTarget=cGhhcm1hY3k6fDpmNzI1ZDk5OS05YjE1LTRlYTktOTIzMi01YWUyOTNlY2VlNmU%3D#reviews
Sky Cannabis Kudamm,10711,Berlin,Franco’s Fullgas,Remexian 27/1 FFG,Sativa,26%,1%,"5,99 €/g",Auf Lager,https://greenmedical.health/de/cannabis/flower/remexian_27_1_ffg-franco_s_fullgas?deliveryTarget=cGhhcm1hY3k6fDpmNzI1ZDk5OS05YjE1LTRlYTktOTIzMi01YWUyOTNlY2VlNmU%3D#reviews
Sky Cannabis Kudamm,10711,Berlin,Meringue,ZOIKS 18/1 MER,Hybrid Sativa Dominant,18%,1%,"3,99 €/g",Auf Lager,https://greenmedical.health/de/cannabis/flower/zoiks_18_1_mer-meringue?deliveryTarget=cGhhcm1hY3k6fDpmNzI1ZDk5OS05YjE1LTRlYTktOTIzMi01YWUyOTNlY2VlNmU%3D#reviews
Sky Cannabis Kudamm,10711,Berlin,Temptation,IUVO 24/1 OC,Hybrid,24%,<1%,"7,99 €/g",Auf Lager,https://greenmedical.health/de/cannabis/flower/iuvo_24_1_oc-temptation?deliveryTarget=cGhhcm1hY3k6fDpmNzI1ZDk5OS05YjE1LTRlYTktOTIzMi01YWUyOTNlY2VlNmU%3D#reviews
Sky Cannabis Kudamm,10711,Berlin,Super Buff Cherry,GrowMotion SBC24,Hybrid Indica Dominant,24%,1%,"7,18 €/g",Auf Lager,https://greenmedical.health/de/cannabis/flower/growmotion_sbc24-super_buff_cherry?deliveryTarget=cGhhcm1hY3k6fDpmNzI1ZDk5OS05YjE1LTRlYTktOTIzMi01YWUyOTNlY2VlNmU%3D#reviews
Sky Cannabis Kudamm,10711,Berlin,Ice Burn,IUVO 24/1 OC,Indica,24%,1%,"7,80 €/g",Auf Lager,https://greenmedical.health/de/cannabis/flower/iuvo_24_1_oc-ice_burn?deliveryTarget=cGhhcm1hY3k6fDpmNzI1ZDk5OS05YjE1LTRlYTktOTIzMi01YWUyOTNlY2VlNmU%3D#reviews
Sky Cannabis Kudamm,10711,Berlin,Siggis Holunderblüte,Siggis HBLT 22:01,Hybrid Indica Dominant,22%,1%,"8,49 €/g",NEU,https://greenmedical.health/de/cannabis/flower/siggis_hblt_22_01-siggis_holunderbluete?deliveryTarget=cGhhcm1hY3k6fDpmNzI1ZDk5OS05YjE1LTRlYTktOTIzMi01YWUyOTNlY2VlNmU%3D#reviews
Sky Cannabis Kudamm,10711,Berlin,Banjo,Cannamedical Sativa Forte ES 25/1,Hybrid,25%,<1%,"5,40 €/g",Auf Lager,https://greenmedical.health/de/cannabis/flower/cannamedical_sativa_forte_es_25_1-banjo?deliveryTarget=cGhhcm1hY3k6fDpmNzI1ZDk5OS05YjE1LTRlYTktOTIzMi01YWUyOTNlY2VlNmU%3D#reviews
Sky Cannabis Kudamm,10711,Berlin,Scented Marker,420 Evolution 30/1 CA SCM,Hybrid Indica Dominant,30%,1%,"7,49 €/g",NEU,https://greenmedical.health/de/cannabis/flower/420_evolution_30_1_ca_scm-scented_marker?deliveryTarget=cGhhcm1hY3k6fDpmNzI1ZDk5OS05YjE1LTRlYTktOTIzMi01YWUyOTNlY2VlNmU%3D#reviews
Sky Cannabis Kudamm,10711,Berlin,Siggis Zitronenblüte,Siggis ZBLT 28:01,Hybrid Indica Dominant,28%,1%,"8,66 €/g",Auf Lager,https://greenmedical.health/de/cannabis/flower/siggis_zblt_28_01-siggis_zitronenbluete?deliveryTarget=cGhhcm1hY3k6fDpmNzI1ZDk5OS05YjE1LTRlYTktOTIzMi01YWUyOTNlY2VlNmU%3D#reviews
Sky Cannabis Kudamm,10711,Berlin,Motorgas,ZOIKS 31/1 MOT,Hybrid,31%,1%,"4,99 €/g",Auf Lager,https://greenmedical.health/de/cannabis/flower/zoiks_31_1_mot-motorgas?deliveryTarget=cGhhcm1hY3k6fDpmNzI1ZDk5OS05YjE1LTRlYTktOTIzMi01YWUyOTNlY2VlNmU%3D#reviews
Sky Cannabis Kudamm,10711,Berlin,Alienmax,ZOIKS 22/1 ALM,Hybrid,22%,1%,"3,99 €/g",Auf Lager,https://greenmedical.health/de/cannabis/flower/zoiks_22_1_alm-alienmax?deliveryTarget=cGhhcm1hY3k6fDpmNzI1ZDk5OS05YjE1LTRlYTktOTIzMi01YWUyOTNlY2VlNmU%3D#reviews
Sky Cannabis Kreuzberg,10961,Berlin,OJ Zainbow,IUVO 24/1 KC,Sativa,24%,1%,"7,80 €/g",Auf Lager,https://greenmedical.health/de/cannabis/flower/iuvo_24_1_kc-oj_zainbow?deliveryTarget=cGhhcm1hY3k6fDo2YTIwZTQwOC1jMGQ5LTQ4N2YtOTRmMy0yMjdiMWUwZDM2NmU%3D#reviews
Sky Cannabis Kreuzberg,10961,Berlin,Killer Cupcake,IUVO 22/1 OC,Hybrid,22%,1%,"7,80 €/g",Auf Lager,https://greenmedical.health/de/cannabis/flower/iuvo_22_1_oc-killer_cupcake?deliveryTarget=cGhhcm1hY3k6fDo2YTIwZTQwOC1jMGQ5LTQ4N2YtOTRmMy0yMjdiMWUwZDM2NmU%3D#reviews
Sky Cannabis Kreuzberg,10961,Berlin,Waffle Bites,AVAAY Signature 28/1 WB,Indica,28%,<1%,"7,30 €/g",Auf Lager,https://greenmedical.health/de/cannabis/flower/avaay-signature-28-1-wb-waffle-bites?deliveryTarget=cGhhcm1hY3k6fDo2YTIwZTQwOC1jMGQ5LTQ4N2YtOTRmMy0yMjdiMWUwZDM2NmU%3D#reviews
Sky Cannabis Kreuzberg,10961,Berlin,Siggis Pfefferminze,Siggis PMNZ 28:01,Hybrid,28%,1%,"8,95 €/g",Auf Lager,https://greenmedical.health/de/cannabis/flower/siggis_pmnz_28_01-siggis_pfefferminze?deliveryTarget=cGhhcm1hY3k6fDo2YTIwZTQwOC1jMGQ5LTQ4N2YtOTRmMy0yMjdiMWUwZDM2NmU%3D#reviews
Sky Cannabis Kreuzberg,10961,Berlin,Black Cherry Punch,enua 22/1 PS3 BCP CA,Hybrid Indica Dominant,22%,0.9%,"4,99 €/g",Auf Lager,https://greenmedical.health/de/cannabis/flower/enua_22_1_ps3_bcp_ca-black_cherry_punch?deliveryTarget=cGhhcm1hY3k6fDo2YTIwZTQwOC1jMGQ5LTQ4N2YtOTRmMy0yMjdiMWUwZDM2NmU%3D#reviews
Sky Cannabis Kreuzberg,10961,Berlin,Peechy Keen,Demecan CRAFT Luna 31:1,Hybrid Indica Dominant,30.1%,<1%,"5,99 €/g",Auf Lager,https://greenmedical.health/de/cannabis/flower/demecan_craft_luna_31_1-peechy_keen?deliveryTarget=cGhhcm1hY3k6fDo2YTIwZTQwOC1jMGQ5LTQ4N2YtOTRmMy0yMjdiMWUwZDM2NmU%3D#reviews
Sky Cannabis Kreuzberg,10961,Berlin,Golden Goat,Demecan Core Golden Horizon 30:01,Hybrid Sativa Dominant,30%,1%,"6,98 €/g",Auf Lager,https://greenmedical.health/de/cannabis/flower/demecan_core_golden_horizon_30_01-golden_goat?deliveryTarget=cGhhcm1hY3k6fDo2YTIwZTQwOC1jMGQ5LTQ4N2YtOTRmMy0yMjdiMWUwZDM2NmU%3D#reviews
Sky Cannabis Kreuzberg,10961,Berlin,Medellin,Origine Nature MED 32/1,Hybrid,32%,1%,"6,99 €/g",Auf Lager,https://greenmedical.health/de/cannabis/flower/origine_nature_med_32_1-medellin?deliveryTarget=cGhhcm1hY3k6fDo2YTIwZTQwOC1jMGQ5LTQ4N2YtOTRmMy0yMjdiMWUwZDM2NmU%3D#reviews
Sky Cannabis Kreuzberg,10961,Berlin,Girl Scout Cookies,Luana 20/1 GSC,Hybrid,20%,1%,"4,79 €/g",Auf Lager,https://greenmedical.health/de/cannabis/flower/luana_20_1_gsc-girl_scout_cookies?deliveryTarget=cGhhcm1hY3k6fDo2YTIwZTQwOC1jMGQ5LTQ4N2YtOTRmMy0yMjdiMWUwZDM2NmU%3D#reviews
Sky Cannabis Kreuzberg,10961,Berlin,Jokerz #31 x Gastro Pop,Demecan CRAFT Tigerz Eye 31:1,Hybrid,31%,1%,"7,49 €/g",Auf Lager,https://greenmedical.health/de/cannabis/flower/demecan_craft_tigerz_eye_31_1-jokerz_31_x_gastro_pop?deliveryTarget=cGhhcm1hY3k6fDo2YTIwZTQwOC1jMGQ5LTQ4N2YtOTRmMy0yMjdiMWUwZDM2NmU%3D#reviews
Sky Cannabis Kreuzberg,10961,Berlin,Ice Cream Cake x Kush Mints,420 Evolution 27/1 CA ICC,Hybrid,27%,<1%,"6,99 €/g",Auf Lager,https://greenmedical.health/de/cannabis/flower/420_evolution_27_1_ca_icc_ice_cream_cake-ice_cream_cake_kush_mints?deliveryTarget=cGhhcm1hY3k6fDo2YTIwZTQwOC1jMGQ5LTQ4N2YtOTRmMy0yMjdiMWUwZDM2NmU%3D#reviews
Sky Cannabis Kreuzberg,10961,Berlin,Khalifa Mints,AVAAY 28/1 KM,Hybrid,28%,1%,"8,50 €/g",Auf Lager,https://greenmedical.health/de/cannabis/flower/avaay_28_1_km-khalifa_mints?deliveryTarget=cGhhcm1hY3k6fDo2YTIwZTQwOC1jMGQ5LTQ4N2YtOTRmMy0yMjdiMWUwZDM2NmU%3D#reviews
Sky Cannabis Kreuzberg,10961,Berlin,Pineapple Cherry Punch,enua 30/1 PS3 CA PCP,Hybrid,30%,1%,"4,99 €/g",Auf Lager,https://greenmedical.health/de/cannabis/flower/enua_30_1_ps3_ca_pcp-pineapple_cherry_punch?deliveryTarget=cGhhcm1hY3k6fDo2YTIwZTQwOC1jMGQ5LTQ4N2YtOTRmMy0yMjdiMWUwZDM2NmU%3D#reviews
Sky Cannabis Kreuzberg,10961,Berlin,Berlin Berries,420 Compound 27/1 CA BER,Hybrid,27%,<1%,"5,80 €/g",Auf Lager,https://greenmedical.health/de/cannabis/flower/420_compound_27_1_ca_ber-berlin_berries?deliveryTarget=cGhhcm1hY3k6fDo2YTIwZTQwOC1jMGQ5LTQ4N2YtOTRmMy0yMjdiMWUwZDM2NmU%3D#reviews
Sky Cannabis Kreuzberg,10961,Berlin,Mac’s Cookies,AVAAY 26/1 MCO,Hybrid,26%,1%,"5,60 €/g",Auf Lager,https://greenmedical.health/de/cannabis/flower/avaay_26_1_mco-mac_s_cookies?deliveryTarget=cGhhcm1hY3k6fDo2YTIwZTQwOC1jMGQ5LTQ4N2YtOTRmMy0yMjdiMWUwZDM2NmU%3D#reviews
Sky Cannabis Kreuzberg,10961,Berlin,Purps Crystal Breath,enua 36/1 PCB CA,Hybrid Indica Dominant,36%,1%,"6,70 €/g",NEU,https://greenmedical.health/de/cannabis/flower/enua_36_1_pcb_ca-purps_crystal_breath?deliveryTarget=cGhhcm1hY3k6fDo2YTIwZTQwOC1jMGQ5LTQ4N2YtOTRmMy0yMjdiMWUwZDM2NmU%3D#reviews
Sky Cannabis Kreuzberg,10961,Berlin,98 Aloha White Widow x Trainwreck,Demecan CRAFT Aloha 31:1,Hybrid Sativa Dominant,31%,1%,"7,80 €/g",Auf Lager,https://greenmedical.health/de/cannabis/flower/demecan_craft_aloha_31_1-98_aloha_white_widow_x_trainwreck?deliveryTarget=cGhhcm1hY3k6fDo2YTIwZTQwOC1jMGQ5LTQ4N2YtOTRmMy0yMjdiMWUwZDM2NmU%3D#reviews
Sky Cannabis Kreuzberg,10961,Berlin,Tropical Cherry Punch,enua 27/1 TCP CA,Hybrid,27%,1%,"6,50 €/g",NEU,https://greenmedical.health/de/cannabis/flower/enua_27_1_tcp_ca-tropical_cherry_punch?deliveryTarget=cGhhcm1hY3k6fDo2YTIwZTQwOC1jMGQ5LTQ4N2YtOTRmMy0yMjdiMWUwZDM2NmU%3D#reviews
Sky Cannabis Kreuzberg,10961,Berlin,Apples & Bananas,IUVO 30/1 SQ,Hybrid,30%,1%,"7,99 €/g",Auf Lager,https://greenmedical.health/de/cannabis/flower/iuvo_sq_29_1-apples_bananas?deliveryTarget=cGhhcm1hY3k6fDo2YTIwZTQwOC1jMGQ5LTQ4N2YtOTRmMy0yMjdiMWUwZDM2NmU%3D#reviews
Sky Cannabis Kreuzberg,10961,Berlin,Sunset Berries,AVAAY 26/1 SB,Hybrid Sativa Dominant,26%,1%,"6,80 €/g",Auf Lager,https://greenmedical.health/de/cannabis/flower/avaay_26_1_sb-sunset_berries?deliveryTarget=cGhhcm1hY3k6fDo2YTIwZTQwOC1jMGQ5LTQ4N2YtOTRmMy0yMjdiMWUwZDM2NmU%3D#reviews
Sky Cannabis Kreuzberg,10961,Berlin,Permanent Marker,Greenseal 24/1 PMM,Hybrid Indica Dominant,24%,1%,"4,80 €/g",NEU,https://greenmedical.health/de/cannabis/flower/greenseal_24_1_pmm-permanent_marker?deliveryTarget=cGhhcm1hY3k6fDo2YTIwZTQwOC1jMGQ5LTQ4N2YtOTRmMy0yMjdiMWUwZDM2NmU%3D#reviews
Sky Cannabis Kreuzberg,10961,Berlin,Space Rider,ZOIKS 22/1 SR,Hybrid Indica Dominant,22%,1%,"3,60 €/g",Auf Lager,https://greenmedical.health/de/cannabis/flower/zoiks_22_1_sr-space_rider?deliveryTarget=cGhhcm1hY3k6fDo2YTIwZTQwOC1jMGQ5LTQ4N2YtOTRmMy0yMjdiMWUwZDM2NmU%3D#reviews
Sky Cannabis Kreuzberg,10961,Berlin,Waffle Truffle,Huala 27/1 UK WTR,Hybrid Indica Dominant,27%,1%,"4,99 €/g",Auf Lager,https://greenmedical.health/de/cannabis/flower/huala_27_1_uk_wtr-waffle_truffle?deliveryTarget=cGhhcm1hY3k6fDo2YTIwZTQwOC1jMGQ5LTQ4N2YtOTRmMy0yMjdiMWUwZDM2NmU%3D#reviews
Sky Cannabis Kreuzberg,10961,Berlin,Neutronium,IUVO 28/1 OC,Hybrid,28%,1%,"7,99 €/g",Auf Lager,https://greenmedical.health/de/cannabis/flower/iuvo_28_1_oc-neutronium?deliveryTarget=cGhhcm1hY3k6fDo2YTIwZTQwOC1jMGQ5LTQ4N2YtOTRmMy0yMjdiMWUwZDM2NmU%3D#reviews
Sky Cannabis Kreuzberg,10961,Berlin,Meringue,ZOIKS 18/1 MER,Hybrid Sativa Dominant,18%,1%,"3,99 €/g",Auf Lager,https://greenmedical.health/de/cannabis/flower/zoiks_18_1_mer-meringue?deliveryTarget=cGhhcm1hY3k6fDo2YTIwZTQwOC1jMGQ5LTQ4N2YtOTRmMy0yMjdiMWUwZDM2NmU%3D#reviews
Sky Cannabis Kreuzberg,10961,Berlin,Temptation,IUVO 24/1 OC,Hybrid,24%,<1%,"7,99 €/g",Auf Lager,https://greenmedical.health/de/cannabis/flower/iuvo_24_1_oc-temptation?deliveryTarget=cGhhcm1hY3k6fDo2YTIwZTQwOC1jMGQ5LTQ4N2YtOTRmMy0yMjdiMWUwZDM2NmU%3D#reviews
Sky Cannabis Kreuzberg,10961,Berlin,Permanent Marker,Bava Med 27/1 BLA-GA,Hybrid,27%,1%,"4,65 €/g",Auf Lager,https://greenmedical.health/de/cannabis/flower/bava_med_27_1_bla_ga-permanent_marker?deliveryTarget=cGhhcm1hY3k6fDo2YTIwZTQwOC1jMGQ5LTQ4N2YtOTRmMy0yMjdiMWUwZDM2NmU%3D#reviews
Sky Cannabis Kreuzberg,10961,Berlin,Super Buff Cherry,GrowMotion SBC24,Hybrid Indica Dominant,24%,1%,"7,18 €/g",Auf Lager,https://greenmedical.health/de/cannabis/flower/growmotion_sbc24-super_buff_cherry?deliveryTarget=cGhhcm1hY3k6fDo2YTIwZTQwOC1jMGQ5LTQ4N2YtOTRmMy0yMjdiMWUwZDM2NmU%3D#reviews
Sky Cannabis Kreuzberg,10961,Berlin,Ice Burn,IUVO 24/1 OC,Indica,24%,1%,"7,80 €/g",Auf Lager,https://greenmedical.health/de/cannabis/flower/iuvo_24_1_oc-ice_burn?deliveryTarget=cGhhcm1hY3k6fDo2YTIwZTQwOC1jMGQ5LTQ4N2YtOTRmMy0yMjdiMWUwZDM2NmU%3D#reviews
Sky Cannabis Kreuzberg,10961,Berlin,Siggis Holunderblüte,Siggis HBLT 22:01,Hybrid Indica Dominant,22%,1%,"8,49 €/g",NEU,https://greenmedical.health/de/cannabis/flower/siggis_hblt_22_01-siggis_holunderbluete?deliveryTarget=cGhhcm1hY3k6fDo2YTIwZTQwOC1jMGQ5LTQ4N2YtOTRmMy0yMjdiMWUwZDM2NmU%3D#reviews
Sky Cannabis Kreuzberg,10961,Berlin,OG Kush,Demecan Core OG 21:1,Hybrid Indica Dominant,21%,1%,"4,90 €/g",Auf Lager,https://greenmedical.health/de/cannabis/flower/demecan_core_og_21_1-og_kush?deliveryTarget=cGhhcm1hY3k6fDo2YTIwZTQwOC1jMGQ5LTQ4N2YtOTRmMy0yMjdiMWUwZDM2NmU%3D#reviews
Sky Cannabis Kreuzberg,10961,Berlin,Banjo,Cannamedical Sativa Forte ES 25/1,Hybrid,25%,<1%,"5,40 €/g",Auf Lager,https://greenmedical.health/de/cannabis/flower/cannamedical_sativa_forte_es_25_1-banjo?deliveryTarget=cGhhcm1hY3k6fDo2YTIwZTQwOC1jMGQ5LTQ4N2YtOTRmMy0yMjdiMWUwZDM2NmU%3D#reviews
Sky Cannabis Kreuzberg,10961,Berlin,Scented Marker,420 Evolution 30/1 CA SCM,Hybrid Indica Dominant,30%,1%,"7,49 €/g",NEU,https://greenmedical.health/de/cannabis/flower/420_evolution_30_1_ca_scm-scented_marker?deliveryTarget=cGhhcm1hY3k6fDo2YTIwZTQwOC1jMGQ5LTQ4N2YtOTRmMy0yMjdiMWUwZDM2NmU%3D#reviews
Sky Cannabis Kreuzberg,10961,Berlin,Motorgas,ZOIKS 31/1 MOT,Hybrid,31%,1%,"4,99 €/g",Auf Lager,https://greenmedical.health/de/cannabis/flower/zoiks_31_1_mot-motorgas?deliveryTarget=cGhhcm1hY3k6fDo2YTIwZTQwOC1jMGQ5LTQ4N2YtOTRmMy0yMjdiMWUwZDM2NmU%3D#reviews
Sky Cannabis Kreuzberg,10961,Berlin,Alienmax,ZOIKS 22/1 ALM,Hybrid,22%,1%,"3,99 €/g",Auf Lager,https://greenmedical.health/de/cannabis/flower/zoiks_22_1_alm-alienmax?deliveryTarget=cGhhcm1hY3k6fDo2YTIwZTQwOC1jMGQ5LTQ4N2YtOTRmMy0yMjdiMWUwZDM2NmU%3D#reviews
Jiroo,12107,Berlin-Tempelhof,Tangerine Boost,Cannamedical Indica Forte BC,Hybrid Sativa Dominant,23.8%,1%,"6,95 €/g",Auf Lager,https://greenmedical.health/de/cannabis/flower/cannamedical_indica_forte_bc-tangerine_boost?deliveryTarget=cGhhcm1hY3k6fDo0OGJlMmFhMi01ZGU3LTRiNzgtYTE2MS01YjRjOWRjMzMzZGQ%3D#reviews
Jiroo,12107,Berlin-Tempelhof,Cosmic Cream,Pedanios 31/1 COS-CA,Hybrid Indica Dominant,31%,<1%,"8,95 €/g",Auf Lager,https://greenmedical.health/de/cannabis/flower/pedanios-31-1-cos-ca-cosmic-cream-34e1?deliveryTarget=cGhhcm1hY3k6fDo0OGJlMmFhMi01ZGU3LTRiNzgtYTE2MS01YjRjOWRjMzMzZGQ%3D#reviews
Jiroo,12107,Berlin-Tempelhof,Electric Honeydew (EHD),Pedanios 26/1 EHD-CA,Sativa,26%,<1%,"6,95 €/g",Auf Lager,https://greenmedical.health/de/cannabis/flower/pedanios-26-1-ehd-ca-electric-honeydew-ehd?deliveryTarget=cGhhcm1hY3k6fDo0OGJlMmFhMi01ZGU3LTRiNzgtYTE2MS01YjRjOWRjMzMzZGQ%3D#reviews
Jiroo,12107,Berlin-Tempelhof,Polar Cookies,Cannamedical Sativa Ultra NM,Hybrid Sativa Dominant,29.7%,<1%,"8,95 €/g",Auf Lager,https://greenmedical.health/de/cannabis/flower/cannamedical-sativa-ultra-nm-polar-cookies-fa5c?deliveryTarget=cGhhcm1hY3k6fDo0OGJlMmFhMi01ZGU3LTRiNzgtYTE2MS01YjRjOWRjMzMzZGQ%3D#reviews
Jiroo,12107,Berlin-Tempelhof,Siggis Pfefferminze,Siggis PMNZ 28:01,Hybrid,28%,1%,"10,95 €/g",Auf Lager,https://greenmedical.health/de/cannabis/flower/siggis_pmnz_28_01-siggis_pfefferminze?deliveryTarget=cGhhcm1hY3k6fDo0OGJlMmFhMi01ZGU3LTRiNzgtYTE2MS01YjRjOWRjMzMzZGQ%3D#reviews
Jiroo,12107,Berlin-Tempelhof,Blue Lobster,Vasco x Cipher BL,Hybrid Indica Dominant,23.4%,<1%,"10,95 €/g",Auf Lager,https://greenmedical.health/de/cannabis/flower/vasco_x_cipher_bl-blue_lobster?deliveryTarget=cGhhcm1hY3k6fDo0OGJlMmFhMi01ZGU3LTRiNzgtYTE2MS01YjRjOWRjMzMzZGQ%3D#reviews
Jiroo,12107,Berlin-Tempelhof,Pink Diesel,Pedanios 31/1 PND-CA,Hybrid Indica Dominant,31%,<1%,"8,95 €/g",Auf Lager,https://greenmedical.health/de/cannabis/flower/pedanios_31_1_pnd_ca-pink_diesel?deliveryTarget=cGhhcm1hY3k6fDo0OGJlMmFhMi01ZGU3LTRiNzgtYTE2MS01YjRjOWRjMzMzZGQ%3D#reviews
Jiroo,12107,Berlin-Tempelhof,Medellin,Origine Nature MED 32/1,Hybrid,32%,1%,"7,45 €/g",Auf Lager,https://greenmedical.health/de/cannabis/flower/origine_nature_med_32_1-medellin?deliveryTarget=cGhhcm1hY3k6fDo0OGJlMmFhMi01ZGU3LTRiNzgtYTE2MS01YjRjOWRjMzMzZGQ%3D#reviews
Jiroo,12107,Berlin-Tempelhof,Permanent Marker,Bathera 28/1,Hybrid Sativa Dominant,28%,1%,"8,45 €/g",Auf Lager,https://greenmedical.health/de/cannabis/flower/bathera_28_1-permanent_marker?deliveryTarget=cGhhcm1hY3k6fDo0OGJlMmFhMi01ZGU3LTRiNzgtYTE2MS01YjRjOWRjMzMzZGQ%3D#reviews
Jiroo,12107,Berlin-Tempelhof,Siggis Zitronenblüte,Siggis ZBLT 24:01,Hybrid Indica Dominant,24%,1%,"10,75 €/g",Auf Lager,https://greenmedical.health/de/cannabis/flower/siggis_zblt_24_01-siggis_zitronenbluete?deliveryTarget=cGhhcm1hY3k6fDo0OGJlMmFhMi01ZGU3LTRiNzgtYTE2MS01YjRjOWRjMzMzZGQ%3D#reviews
Jiroo,12107,Berlin-Tempelhof,Afghan Bubba Kush,Cannamedical Hybrid Ultimate SF,Hybrid,33%,1%,"8,45 €/g",Auf Lager,https://greenmedical.health/de/cannabis/flower/cannamedical_hybrid_ultimate_sf-afghan_bubba_kush?deliveryTarget=cGhhcm1hY3k6fDo0OGJlMmFhMi01ZGU3LTRiNzgtYTE2MS01YjRjOWRjMzMzZGQ%3D#reviews
Jiroo,12107,Berlin-Tempelhof,Siggis Waldbeerblüte,Siggis WBLT 22:01,Hybrid Sativa Dominant,22%,1%,"10,45 €/g",Auf Lager,https://greenmedical.health/de/cannabis/flower/siggis_wblt_22_01-siggis_waldbeerbluete?deliveryTarget=cGhhcm1hY3k6fDo0OGJlMmFhMi01ZGU3LTRiNzgtYTE2MS01YjRjOWRjMzMzZGQ%3D#reviews
Jiroo,12107,Berlin-Tempelhof,Super Lemon Haze,30/1 Amici SLH,Hybrid Sativa Dominant,30%,1%,"7,45 €/g",NEU,https://greenmedical.health/de/cannabis/flower/30_1_amici_slh-super_lemon_haze?deliveryTarget=cGhhcm1hY3k6fDo0OGJlMmFhMi01ZGU3LTRiNzgtYTE2MS01YjRjOWRjMzMzZGQ%3D#reviews
Jiroo,12107,Berlin-Tempelhof,Liberty Haze,Truth Holdings LH 29/1,Hybrid,29%,1%,"7,95 €/g",Auf Lager,https://greenmedical.health/de/cannabis/flower/truth_holdings_lh_29_1-liberty_haze?deliveryTarget=cGhhcm1hY3k6fDo0OGJlMmFhMi01ZGU3LTRiNzgtYTE2MS01YjRjOWRjMzMzZGQ%3D#reviews
Jiroo,12107,Berlin-Tempelhof,Diablo’s Dream,Cresco RST 33/1,Hybrid Indica Dominant,33%,1%,"7,95 €/g",NEU,https://greenmedical.health/de/cannabis/flower/cresco_rst_33_1-diablo_s_dream?deliveryTarget=cGhhcm1hY3k6fDo0OGJlMmFhMi01ZGU3LTRiNzgtYTE2MS01YjRjOWRjMzMzZGQ%3D#reviews
Jiroo,12107,Berlin-Tempelhof,Snow Lotus,LIT 31/1 SNW,Hybrid Sativa Dominant,31%,1%,"7,45 €/g",Auf Lager,https://greenmedical.health/de/cannabis/flower/lit_31_1_snw-snow_lotus?deliveryTarget=cGhhcm1hY3k6fDo0OGJlMmFhMi01ZGU3LTRiNzgtYTE2MS01YjRjOWRjMzMzZGQ%3D#reviews
Jiroo,12107,Berlin-Tempelhof,Blue Z,Bathera 23/1 BZ,Hybrid Indica Dominant,23%,1%,"7,45 €/g",NEU,https://greenmedical.health/de/cannabis/flower/bathera_23_1_bz-blue_z?deliveryTarget=cGhhcm1hY3k6fDo0OGJlMmFhMi01ZGU3LTRiNzgtYTE2MS01YjRjOWRjMzMzZGQ%3D#reviews
Jiroo,12107,Berlin-Tempelhof,Blueberry Headband,26/1 Amici BH,Hybrid Indica Dominant,26%,1%,"7,45 €/g",Auf Lager,https://greenmedical.health/de/cannabis/flower/26_1_amici_bh-blueberry_headband?deliveryTarget=cGhhcm1hY3k6fDo0OGJlMmFhMi01ZGU3LTRiNzgtYTE2MS01YjRjOWRjMzMzZGQ%3D#reviews
Jiroo,12107,Berlin-Tempelhof,Jack Black,Cresco RSE 27/1,Hybrid Sativa Dominant,27%,1%,"7,45 €/g",Auf Lager,https://greenmedical.health/de/cannabis/flower/cresco_rse_27_1-jack_black?deliveryTarget=cGhhcm1hY3k6fDo0OGJlMmFhMi01ZGU3LTRiNzgtYTE2MS01YjRjOWRjMzMzZGQ%3D#reviews
Jiroo,12107,Berlin-Tempelhof,GMO X Gush Mints,Demecan CRAFT Emerald 27:1,Hybrid,27%,<1%,"6,40 €/g",Auf Lager,https://greenmedical.health/de/cannabis/flower/demecan_craft_emerald_27_01-gmo_x_gush_mints?deliveryTarget=cGhhcm1hY3k6fDo0OGJlMmFhMi01ZGU3LTRiNzgtYTE2MS01YjRjOWRjMzMzZGQ%3D#reviews
Jiroo,12107,Berlin-Tempelhof,Super Boof,gramz. 001 SB 25/1,Hybrid,25%,1%,"6,95 €/g",Auf Lager,https://greenmedical.health/de/cannabis/flower/gramz_001_sb_25_1-super_boof?deliveryTarget=cGhhcm1hY3k6fDo0OGJlMmFhMi01ZGU3LTRiNzgtYTE2MS01YjRjOWRjMzMzZGQ%3D#reviews
Jiroo,12107,Berlin-Tempelhof,Banana Kush,Sinceritas Hybrid Verum 24/1 BK,Hybrid,24%,1%,"6,95 €/g",Auf Lager,https://greenmedical.health/de/cannabis/flower/sinceritas_hybrid_verum_24_1_bk-banana_kush?deliveryTarget=cGhhcm1hY3k6fDo0OGJlMmFhMi01ZGU3LTRiNzgtYTE2MS01YjRjOWRjMzMzZGQ%3D#reviews
Jiroo,12107,Berlin-Tempelhof,LA Kush Cake,Cannamedical Indica Forte AU LKC,Hybrid Indica Dominant,24%,1%,"6,79 €/g",Auf Lager,https://greenmedical.health/de/cannabis/flower/cannamedical_indica_forte_au_lkc-la_kush_cake?deliveryTarget=cGhhcm1hY3k6fDo0OGJlMmFhMi01ZGU3LTRiNzgtYTE2MS01YjRjOWRjMzMzZGQ%3D#reviews
Jiroo,12107,Berlin-Tempelhof,Blueberry Bananas,Vasco x Cipher BB 28/1,Hybrid Indica Dominant,28%,1%,"10,95 €/g",Auf Lager,https://greenmedical.health/de/cannabis/flower/vasco_x_cipher_bb_28_1_blueberry_banana-blueberry_bananas?deliveryTarget=cGhhcm1hY3k6fDo0OGJlMmFhMi01ZGU3LTRiNzgtYTE2MS01YjRjOWRjMzMzZGQ%3D#reviews
Jiroo,12107,Berlin-Tempelhof,Chemango Kush,Pedanios 31/1 CMK-CA,Hybrid Indica Dominant,28.5%,<1%,"8,45 €/g",Auf Lager,https://greenmedical.health/de/cannabis/flower/pedanios_31_1_cmk_ca-chemango_kush?deliveryTarget=cGhhcm1hY3k6fDo0OGJlMmFhMi01ZGU3LTRiNzgtYTE2MS01YjRjOWRjMzMzZGQ%3D#reviews
Jiroo,12107,Berlin-Tempelhof,Rainbow Pavé,Ceres RP 32/1,Hybrid,32%,1%,"8,45 €/g",Auf Lager,https://greenmedical.health/de/cannabis/flower/ceres_rp_32_1-rainbow_pav_?deliveryTarget=cGhhcm1hY3k6fDo0OGJlMmFhMi01ZGU3LTRiNzgtYTE2MS01YjRjOWRjMzMzZGQ%3D#reviews
Jiroo,12107,Berlin-Tempelhof,Cosmic MAC,Sinceritas Sativa Auris 27/1 CM,Hybrid Sativa Dominant,27%,1%,"7,90 €/g",Auf Lager,https://greenmedical.health/de/cannabis/flower/sinceritas_sativa_auris_27_1_cm-cosmic_mac?deliveryTarget=cGhhcm1hY3k6fDo0OGJlMmFhMi01ZGU3LTRiNzgtYTE2MS01YjRjOWRjMzMzZGQ%3D#reviews
Jiroo,12107,Berlin-Tempelhof,MAC Deluxe,SUMO MDLX 27/1,Hybrid Indica Dominant,27%,<1%,"5,95 €/g",Auf Lager,https://greenmedical.health/de/cannabis/flower/sumo_mdlx_27_1-mac_deluxe?deliveryTarget=cGhhcm1hY3k6fDo0OGJlMmFhMi01ZGU3LTRiNzgtYTE2MS01YjRjOWRjMzMzZGQ%3D#reviews
Jiroo,12107,Berlin-Tempelhof,Rainbow Cake,gramz. 002 RC 30/1,Hybrid,30%,1%,"7,45 €/g",Auf Lager,https://greenmedical.health/de/cannabis/flower/gramz_002_rc_30_1-rainbow_cake?deliveryTarget=cGhhcm1hY3k6fDo0OGJlMmFhMi01ZGU3LTRiNzgtYTE2MS01YjRjOWRjMzMzZGQ%3D#reviews
Jiroo,12107,Berlin-Tempelhof,AV Gas,Beyond Bloom AV Gas 24/1,Hybrid Indica Dominant,24%,1%,"6,45 €/g",Auf Lager,https://greenmedical.health/de/cannabis/flower/beyond_bloom_av_gas_24_1-av_gas?deliveryTarget=cGhhcm1hY3k6fDo0OGJlMmFhMi01ZGU3LTRiNzgtYTE2MS01YjRjOWRjMzMzZGQ%3D#reviews
Jiroo,12107,Berlin-Tempelhof,The Soap,MediproCan Frosty Peaks 28/1 SO,Hybrid Sativa Dominant,28%,1%,"5,45 €/g",Auf Lager,https://greenmedical.health/de/cannabis/flower/mediprocan_frosty_peaks_28_1-the_soap?deliveryTarget=cGhhcm1hY3k6fDo0OGJlMmFhMi01ZGU3LTRiNzgtYTE2MS01YjRjOWRjMzMzZGQ%3D#reviews
Jiroo,12107,Berlin-Tempelhof,Pavé S1,Green Karat PV 26/1,Hybrid,26%,<1%,"6,95 €/g",Auf Lager,https://greenmedical.health/de/cannabis/flower/green_karat_pv_26_1-pav_s1?deliveryTarget=cGhhcm1hY3k6fDo0OGJlMmFhMi01ZGU3LTRiNzgtYTE2MS01YjRjOWRjMzMzZGQ%3D#reviews
Jiroo,12107,Berlin-Tempelhof,Honey Biscotti,TREATZ HB 29/1,Hybrid Indica Dominant,29%,1%,"7,45 €/g",Auf Lager,https://greenmedical.health/de/cannabis/flower/treatz_hb_29_1-honey_biscotti?deliveryTarget=cGhhcm1hY3k6fDo0OGJlMmFhMi01ZGU3LTRiNzgtYTE2MS01YjRjOWRjMzMzZGQ%3D#reviews
Jiroo,12107,Berlin-Tempelhof,Jack Herer,Balancial 22/1 PT S1 JH,Hybrid,22%,1%,"4,95 €/g",Auf Lager,https://greenmedical.health/de/cannabis/flower/balancial_22_1_pt_s1_jh-jack_herer?deliveryTarget=cGhhcm1hY3k6fDo0OGJlMmFhMi01ZGU3LTRiNzgtYTE2MS01YjRjOWRjMzMzZGQ%3D#reviews
Jiroo,12107,Berlin-Tempelhof,Heavy Eyes,Cookies 2.0 31/1 HE,Hybrid Indica Dominant,31%,1%,"9,95 €/g",Auf Lager,https://greenmedical.health/de/cannabis/flower/cookies_2_0_31_1-heavy_eyes?deliveryTarget=cGhhcm1hY3k6fDo0OGJlMmFhMi01ZGU3LTRiNzgtYTE2MS01YjRjOWRjMzMzZGQ%3D#reviews
Jiroo,12107,Berlin-Tempelhof,Banana Runtz,CRQSH BNTZ 30/1,Hybrid Indica Dominant,30%,1%,"7,99 €/g",Auf Lager,https://greenmedical.health/de/cannabis/flower/crqsh_bntz_30_1-banana_runtz?deliveryTarget=cGhhcm1hY3k6fDo0OGJlMmFhMi01ZGU3LTRiNzgtYTE2MS01YjRjOWRjMzMzZGQ%3D#reviews
Jiroo,12107,Berlin-Tempelhof,Gas Monkey,CRQSH GKY 30/1,Hybrid Indica Dominant,30%,1%,"7,99 €/g",Auf Lager,https://greenmedical.health/de/cannabis/flower/crqsh_gky_30_1-gas_monkey?deliveryTarget=cGhhcm1hY3k6fDo0OGJlMmFhMi01ZGU3LTRiNzgtYTE2MS01YjRjOWRjMzMzZGQ%3D#reviews
Jiroo,12107,Berlin-Tempelhof,Scoops,Huala 22/1 CA SCO,Hybrid Indica Dominant,22%,1%,"4,45 €/g",Auf Lager,https://greenmedical.health/de/cannabis/flower/huala_22_1_ca_sco-scoops?deliveryTarget=cGhhcm1hY3k6fDo0OGJlMmFhMi01ZGU3LTRiNzgtYTE2MS01YjRjOWRjMzMzZGQ%3D#reviews
Jiroo,12107,Berlin-Tempelhof,Gelato33,LOT 420 GLT,Hybrid,25%,<1%,"9,95 €/g",Auf Lager,https://greenmedical.health/de/cannabis/flower/lot_420_glt_pt-gelato33?deliveryTarget=cGhhcm1hY3k6fDo0OGJlMmFhMi01ZGU3LTRiNzgtYTE2MS01YjRjOWRjMzMzZGQ%3D#reviews
Jiroo,12107,Berlin-Tempelhof,Peach Chementine,420 Evolution 33/1 CA PCH,Hybrid,33%,<1%,"8,45 €/g",Auf Lager,https://greenmedical.health/de/cannabis/flower/420_evolution_33_1_ca_pch-peach_chementine?deliveryTarget=cGhhcm1hY3k6fDo0OGJlMmFhMi01ZGU3LTRiNzgtYTE2MS01YjRjOWRjMzMzZGQ%3D#reviews
Jiroo,12107,Berlin-Tempelhof,Medellin,Cookies 2.0 Medellin 26/1 CAN,Hybrid,26%,1%,"6,50 €/g",Auf Lager,https://greenmedical.health/de/cannabis/flower/cookies_2_0_medellin_26_1_can-medellin?deliveryTarget=cGhhcm1hY3k6fDo0OGJlMmFhMi01ZGU3LTRiNzgtYTE2MS01YjRjOWRjMzMzZGQ%3D#reviews
Jiroo,12107,Berlin-Tempelhof,Black Triangle,MediproCan Polar Bear Punch 28/1 BT,Hybrid Indica Dominant,28%,1%,"5,45 €/g",Auf Lager,https://greenmedical.health/de/cannabis/flower/mediprocan_polar_bear_punch_28_1_bt_black_triangle-black_triangle?deliveryTarget=cGhhcm1hY3k6fDo0OGJlMmFhMi01ZGU3LTRiNzgtYTE2MS01YjRjOWRjMzMzZGQ%3D#reviews
Jiroo,12107,Berlin-Tempelhof,Pink Slurricane,Remexian 27/1 PSL,Hybrid Indica Dominant,27%,<1%,"5,95 €/g",Auf Lager,https://greenmedical.health/de/cannabis/flower/remexian_27_1_psl-pink_kush_x_slurricane?deliveryTarget=cGhhcm1hY3k6fDo0OGJlMmFhMi01ZGU3LTRiNzgtYTE2MS01YjRjOWRjMzMzZGQ%3D#reviews
Jiroo,12107,Berlin-Tempelhof,FalconZ,V-LUE FaZ 30/1,Hybrid,30%,<1%,"5,99 €/g",Auf Lager,https://greenmedical.health/de/cannabis/flower/v_lue_faz_30_1-falconz?deliveryTarget=cGhhcm1hY3k6fDo0OGJlMmFhMi01ZGU3LTRiNzgtYTE2MS01YjRjOWRjMzMzZGQ%3D#reviews
Jiroo,12107,Berlin-Tempelhof,Citral Pop,Cannamedical Hybrid Forte KA,Hybrid,24%,1%,"6,95 €/g",NEU,https://greenmedical.health/de/cannabis/flower/cannamedical_hybrid_forte_ka-citral_pop?deliveryTarget=cGhhcm1hY3k6fDo0OGJlMmFhMi01ZGU3LTRiNzgtYTE2MS01YjRjOWRjMzMzZGQ%3D#reviews
Jiroo,12107,Berlin-Tempelhof,Cap Junky,CRQSH CPJs 33/1 Smalls,Hybrid,33%,1%,"5,95 €/g",Auf Lager,https://greenmedical.health/de/cannabis/flower/crqsh_cpjs_33_1_cap_junky_smalls-cap_junky?deliveryTarget=cGhhcm1hY3k6fDo0OGJlMmFhMi01ZGU3LTRiNzgtYTE2MS01YjRjOWRjMzMzZGQ%3D#reviews
Jiroo,12107,Berlin-Tempelhof,Slurricane,enua 25/1 SLC CA,Hybrid Indica Dominant,23.7%,<1%,"5,95 €/g",Auf Lager,https://greenmedical.health/de/cannabis/flower/enua-25-1-slc-ca-slurricane?deliveryTarget=cGhhcm1hY3k6fDo0OGJlMmFhMi01ZGU3LTRiNzgtYTE2MS01YjRjOWRjMzMzZGQ%3D#reviews
Jiroo,12107,Berlin-Tempelhof,Apples & Bananas,LOT 420 AB 25/1,Indica,24.1%,<1%,"8,95 €/g",Auf Lager,https://greenmedical.health/de/cannabis/flower/lot_420_ab_25_1-apples_amp_bananas?deliveryTarget=cGhhcm1hY3k6fDo0OGJlMmFhMi01ZGU3LTRiNzgtYTE2MS01YjRjOWRjMzMzZGQ%3D#reviews
Jiroo,12107,Berlin-Tempelhof,Triangle Silver Haze,AAYRA 25/1 TSH,Hybrid,25%,1%,"5,45 €/g",Auf Lager,https://greenmedical.health/de/cannabis/flower/aayra_25_1_tsh-triangle_silver_haze?deliveryTarget=cGhhcm1hY3k6fDo0OGJlMmFhMi01ZGU3LTRiNzgtYTE2MS01YjRjOWRjMzMzZGQ%3D#reviews
Jiroo,12107,Berlin-Tempelhof,Miracle Alien Cookies (MAC),Mac 1+,Hybrid,25%,<1%,"7,95 €/g",Auf Lager,https://greenmedical.health/de/cannabis/flower/cantourage_mac_1_-mac_1?deliveryTarget=cGhhcm1hY3k6fDo0OGJlMmFhMi01ZGU3LTRiNzgtYTE2MS01YjRjOWRjMzMzZGQ%3D#reviews
Jiroo,12107,Berlin-Tempelhof,Pavé Runtz,Vasco PR,Hybrid Indica Dominant,24.5%,1%,"7,29 €/g",Auf Lager,https://greenmedical.health/de/cannabis/flower/vasco_pr_-pav_runtz?deliveryTarget=cGhhcm1hY3k6fDo0OGJlMmFhMi01ZGU3LTRiNzgtYTE2MS01YjRjOWRjMzMzZGQ%3D#reviews
Jiroo,12107,Berlin-Tempelhof,Purple Octane,CzechOut 21/1 PUO,Hybrid Indica Dominant,21%,1%,"4,75 €/g",Auf Lager,https://greenmedical.health/de/cannabis/flower/czechout_21_1_puo-purple_octane?deliveryTarget=cGhhcm1hY3k6fDo0OGJlMmFhMi01ZGU3LTRiNzgtYTE2MS01YjRjOWRjMzMzZGQ%3D#reviews
Jiroo,12107,Berlin-Tempelhof,AD Rainbow,HiDealz 21/1 MS DRB AD Smalls,Hybrid Indica Dominant,21%,1%,"3,95 €/g",NEU,https://greenmedical.health/de/cannabis/flower/hidealz_21_1_ms_drb_ad_smalls-ad_rainbow?deliveryTarget=cGhhcm1hY3k6fDo0OGJlMmFhMi01ZGU3LTRiNzgtYTE2MS01YjRjOWRjMzMzZGQ%3D#reviews
Jiroo,12107,Berlin-Tempelhof,Afina,Bedrocan 22/1,Sativa,22%,1%,"8,95 €/g",Auf Lager,https://greenmedical.health/de/cannabis/flower/bedrocan-22-1-afina-2826?deliveryTarget=cGhhcm1hY3k6fDo0OGJlMmFhMi01ZGU3LTRiNzgtYTE2MS01YjRjOWRjMzMzZGQ%3D#reviews
Jiroo,12107,Berlin-Tempelhof,Apples & Bananas,Cookies 2.0 26/1 CAN AB,Hybrid Indica Dominant,26%,1%,"6,50 €/g",Auf Lager,https://greenmedical.health/de/cannabis/flower/cookies_2_0_26_1_can_ab-apples_bananas?deliveryTarget=cGhhcm1hY3k6fDo0OGJlMmFhMi01ZGU3LTRiNzgtYTE2MS01YjRjOWRjMzMzZGQ%3D#reviews
Jiroo,12107,Berlin-Tempelhof,Triangle Queen,IUVO 24/1 OC,Indica,23.2%,<1%,"7,75 €/g",Auf Lager,https://greenmedical.health/de/cannabis/flower/iuvo_24_1_oc-triangle_queen?deliveryTarget=cGhhcm1hY3k6fDo0OGJlMmFhMi01ZGU3LTRiNzgtYTE2MS01YjRjOWRjMzMzZGQ%3D#reviews
Jiroo,12107,Berlin-Tempelhof,ZZ4,Medicus 21/1 EZA,Hybrid Indica Dominant,21%,1%,"4,95 €/g",Auf Lager,https://greenmedical.health/de/cannabis/flower/medicus_21_1_eza-zz4?deliveryTarget=cGhhcm1hY3k6fDo0OGJlMmFhMi01ZGU3LTRiNzgtYTE2MS01YjRjOWRjMzMzZGQ%3D#reviews
Jiroo,12107,Berlin-Tempelhof,Amnesia Haze Cake,AVAAY Signature 32/1 AHC,Hybrid Sativa Dominant,32%,<1%,"10,95 €/g",Auf Lager,https://greenmedical.health/de/cannabis/flower/avaay_signature_32_1_ahc-amnesia_haze_cake?deliveryTarget=cGhhcm1hY3k6fDo0OGJlMmFhMi01ZGU3LTRiNzgtYTE2MS01YjRjOWRjMzMzZGQ%3D#reviews
Jiroo,12107,Berlin-Tempelhof,Cool Grapes,Green Karat CG 30/1,Hybrid Indica Dominant,30%,<1%,"7,95 €/g",Auf Lager,https://greenmedical.health/de/cannabis/flower/green_karat_cg_30_1-cool_grapes?deliveryTarget=cGhhcm1hY3k6fDo0OGJlMmFhMi01ZGU3LTRiNzgtYTE2MS01YjRjOWRjMzMzZGQ%3D#reviews
Sky Cannabis Wedding,13353,Berlin,OJ Zainbow,IUVO 24/1 KC,Sativa,24%,1%,"7,80 €/g",Auf Lager,https://greenmedical.health/de/cannabis/flower/iuvo_24_1_kc-oj_zainbow?deliveryTarget=cGhhcm1hY3k6fDozYmE1MzNiZS1lNDExLTQ3NzItYjM1OC0yNzg0NDU2Y2NmOWE%3D#reviews
Sky Cannabis Wedding,13353,Berlin,Killer Cupcake,IUVO 22/1 OC,Hybrid,22%,1%,"7,80 €/g",Auf Lager,https://greenmedical.health/de/cannabis/flower/iuvo_22_1_oc-killer_cupcake?deliveryTarget=cGhhcm1hY3k6fDozYmE1MzNiZS1lNDExLTQ3NzItYjM1OC0yNzg0NDU2Y2NmOWE%3D#reviews
Sky Cannabis Wedding,13353,Berlin,Waffle Bites,AVAAY Signature 28/1 WB,Indica,28%,<1%,"7,30 €/g",Auf Lager,https://greenmedical.health/de/cannabis/flower/avaay-signature-28-1-wb-waffle-bites?deliveryTarget=cGhhcm1hY3k6fDozYmE1MzNiZS1lNDExLTQ3NzItYjM1OC0yNzg0NDU2Y2NmOWE%3D#reviews
Sky Cannabis Wedding,13353,Berlin,Tangrini,ZOIKS 26/1 TG,Hybrid Sativa Dominant,26%,1%,"4,80 €/g",Auf Lager,https://greenmedical.health/de/cannabis/flower/zoiks_26_1_tg-tangrini?deliveryTarget=cGhhcm1hY3k6fDozYmE1MzNiZS1lNDExLTQ3NzItYjM1OC0yNzg0NDU2Y2NmOWE%3D#reviews
Sky Cannabis Wedding,13353,Berlin,Siggis Pfefferminze,Siggis PMNZ 28:01,Hybrid,28%,1%,"8,95 €/g",Auf Lager,https://greenmedical.health/de/cannabis/flower/siggis_pmnz_28_01-siggis_pfefferminze?deliveryTarget=cGhhcm1hY3k6fDozYmE1MzNiZS1lNDExLTQ3NzItYjM1OC0yNzg0NDU2Y2NmOWE%3D#reviews
Sky Cannabis Wedding,13353,Berlin,Black Cherry Punch,enua 22/1 PS3 BCP CA,Hybrid Indica Dominant,22%,0.9%,"4,99 €/g",Auf Lager,https://greenmedical.health/de/cannabis/flower/enua_22_1_ps3_bcp_ca-black_cherry_punch?deliveryTarget=cGhhcm1hY3k6fDozYmE1MzNiZS1lNDExLTQ3NzItYjM1OC0yNzg0NDU2Y2NmOWE%3D#reviews
Sky Cannabis Wedding,13353,Berlin,Peechy Keen,Demecan CRAFT Luna 31:1,Hybrid Indica Dominant,30.1%,<1%,"5,99 €/g",Auf Lager,https://greenmedical.health/de/cannabis/flower/demecan_craft_luna_31_1-peechy_keen?deliveryTarget=cGhhcm1hY3k6fDozYmE1MzNiZS1lNDExLTQ3NzItYjM1OC0yNzg0NDU2Y2NmOWE%3D#reviews
Sky Cannabis Wedding,13353,Berlin,Golden Goat,Demecan Core Golden Horizon 30:01,Hybrid Sativa Dominant,30%,1%,"6,98 €/g",Auf Lager,https://greenmedical.health/de/cannabis/flower/demecan_core_golden_horizon_30_01-golden_goat?deliveryTarget=cGhhcm1hY3k6fDozYmE1MzNiZS1lNDExLTQ3NzItYjM1OC0yNzg0NDU2Y2NmOWE%3D#reviews
Sky Cannabis Wedding,13353,Berlin,Jet Fuel Gelato,enua 30/1 PS3 JFG CA,Hybrid,30%,1%,"5,50 €/g",Auf Lager,https://greenmedical.health/de/cannabis/flower/enua_30_1_ps3_jfg_ca-jet_fuel_gelato?deliveryTarget=cGhhcm1hY3k6fDozYmE1MzNiZS1lNDExLTQ3NzItYjM1OC0yNzg0NDU2Y2NmOWE%3D#reviews
Sky Cannabis Wedding,13353,Berlin,Medellin,Origine Nature MED 32/1,Hybrid,32%,1%,"6,99 €/g",Auf Lager,https://greenmedical.health/de/cannabis/flower/origine_nature_med_32_1-medellin?deliveryTarget=cGhhcm1hY3k6fDozYmE1MzNiZS1lNDExLTQ3NzItYjM1OC0yNzg0NDU2Y2NmOWE%3D#reviews
Sky Cannabis Wedding,13353,Berlin,Waffle Truffle,Huala 25/1 UK WTR,Hybrid Indica Dominant,25%,1%,"4,60 €/g",Auf Lager,https://greenmedical.health/de/cannabis/flower/huala_25_1_uk_wtr-waffle_truffle?deliveryTarget=cGhhcm1hY3k6fDozYmE1MzNiZS1lNDExLTQ3NzItYjM1OC0yNzg0NDU2Y2NmOWE%3D#reviews
Sky Cannabis Wedding,13353,Berlin,Jokerz #31 x Gastro Pop,Demecan CRAFT Tigerz Eye 31:1,Hybrid,31%,1%,"7,49 €/g",Auf Lager,https://greenmedical.health/de/cannabis/flower/demecan_craft_tigerz_eye_31_1-jokerz_31_x_gastro_pop?deliveryTarget=cGhhcm1hY3k6fDozYmE1MzNiZS1lNDExLTQ3NzItYjM1OC0yNzg0NDU2Y2NmOWE%3D#reviews
Sky Cannabis Wedding,13353,Berlin,Ice Cream Cake x Kush Mints,420 Evolution 27/1 CA ICC,Hybrid,27%,<1%,"6,99 €/g",Auf Lager,https://greenmedical.health/de/cannabis/flower/420_evolution_27_1_ca_icc_ice_cream_cake-ice_cream_cake_kush_mints?deliveryTarget=cGhhcm1hY3k6fDozYmE1MzNiZS1lNDExLTQ3NzItYjM1OC0yNzg0NDU2Y2NmOWE%3D#reviews
Sky Cannabis Wedding,13353,Berlin,Khalifa Mints,AVAAY 28/1 KM,Hybrid,28%,1%,"8,50 €/g",Auf Lager,https://greenmedical.health/de/cannabis/flower/avaay_28_1_km-khalifa_mints?deliveryTarget=cGhhcm1hY3k6fDozYmE1MzNiZS1lNDExLTQ3NzItYjM1OC0yNzg0NDU2Y2NmOWE%3D#reviews
Sky Cannabis Wedding,13353,Berlin,Pineapple Cherry Punch,enua 30/1 PS3 CA PCP,Hybrid,30%,1%,"4,99 €/g",Auf Lager,https://greenmedical.health/de/cannabis/flower/enua_30_1_ps3_ca_pcp-pineapple_cherry_punch?deliveryTarget=cGhhcm1hY3k6fDozYmE1MzNiZS1lNDExLTQ3NzItYjM1OC0yNzg0NDU2Y2NmOWE%3D#reviews
Sky Cannabis Wedding,13353,Berlin,Berlin Berries,420 Compound 27/1 CA BER,Hybrid,27%,<1%,"5,80 €/g",Auf Lager,https://greenmedical.health/de/cannabis/flower/420_compound_27_1_ca_ber-berlin_berries?deliveryTarget=cGhhcm1hY3k6fDozYmE1MzNiZS1lNDExLTQ3NzItYjM1OC0yNzg0NDU2Y2NmOWE%3D#reviews
Sky Cannabis Wedding,13353,Berlin,Mac’s Cookies,AVAAY 26/1 MCO,Hybrid,26%,1%,"5,60 €/g",Auf Lager,https://greenmedical.health/de/cannabis/flower/avaay_26_1_mco-mac_s_cookies?deliveryTarget=cGhhcm1hY3k6fDozYmE1MzNiZS1lNDExLTQ3NzItYjM1OC0yNzg0NDU2Y2NmOWE%3D#reviews
Sky Cannabis Wedding,13353,Berlin,Purps Crystal Breath,enua 36/1 PCB CA,Hybrid Indica Dominant,36%,1%,"6,70 €/g",NEU,https://greenmedical.health/de/cannabis/flower/enua_36_1_pcb_ca-purps_crystal_breath?deliveryTarget=cGhhcm1hY3k6fDozYmE1MzNiZS1lNDExLTQ3NzItYjM1OC0yNzg0NDU2Y2NmOWE%3D#reviews
Sky Cannabis Wedding,13353,Berlin,98 Aloha White Widow x Trainwreck,Demecan CRAFT Aloha 31:1,Hybrid Sativa Dominant,31%,1%,"7,80 €/g",Auf Lager,https://greenmedical.health/de/cannabis/flower/demecan_craft_aloha_31_1-98_aloha_white_widow_x_trainwreck?deliveryTarget=cGhhcm1hY3k6fDozYmE1MzNiZS1lNDExLTQ3NzItYjM1OC0yNzg0NDU2Y2NmOWE%3D#reviews
Sky Cannabis Wedding,13353,Berlin,Tropical Cherry Punch,enua 27/1 TCP CA,Hybrid,27%,1%,"6,50 €/g",NEU,https://greenmedical.health/de/cannabis/flower/enua_27_1_tcp_ca-tropical_cherry_punch?deliveryTarget=cGhhcm1hY3k6fDozYmE1MzNiZS1lNDExLTQ3NzItYjM1OC0yNzg0NDU2Y2NmOWE%3D#reviews
Sky Cannabis Wedding,13353,Berlin,Apples & Bananas,IUVO 30/1 SQ,Hybrid,30%,1%,"7,99 €/g",Auf Lager,https://greenmedical.health/de/cannabis/flower/iuvo_sq_29_1-apples_bananas?deliveryTarget=cGhhcm1hY3k6fDozYmE1MzNiZS1lNDExLTQ3NzItYjM1OC0yNzg0NDU2Y2NmOWE%3D#reviews
Sky Cannabis Wedding,13353,Berlin,Sunset Berries,AVAAY 26/1 SB,Hybrid Sativa Dominant,26%,1%,"6,80 €/g",Auf Lager,https://greenmedical.health/de/cannabis/flower/avaay_26_1_sb-sunset_berries?deliveryTarget=cGhhcm1hY3k6fDozYmE1MzNiZS1lNDExLTQ3NzItYjM1OC0yNzg0NDU2Y2NmOWE%3D#reviews
Sky Cannabis Wedding,13353,Berlin,Permanent Marker,Greenseal 24/1 PMM,Hybrid Indica Dominant,24%,1%,"4,80 €/g",NEU,https://greenmedical.health/de/cannabis/flower/greenseal_24_1_pmm-permanent_marker?deliveryTarget=cGhhcm1hY3k6fDozYmE1MzNiZS1lNDExLTQ3NzItYjM1OC0yNzg0NDU2Y2NmOWE%3D#reviews
Sky Cannabis Wedding,13353,Berlin,Space Rider,ZOIKS 22/1 SR,Hybrid Indica Dominant,22%,1%,"3,60 €/g",Auf Lager,https://greenmedical.health/de/cannabis/flower/zoiks_22_1_sr-space_rider?deliveryTarget=cGhhcm1hY3k6fDozYmE1MzNiZS1lNDExLTQ3NzItYjM1OC0yNzg0NDU2Y2NmOWE%3D#reviews
Sky Cannabis Wedding,13353,Berlin,Waffle Truffle,Huala 27/1 UK WTR,Hybrid Indica Dominant,27%,1%,"4,99 €/g",Auf Lager,https://greenmedical.health/de/cannabis/flower/huala_27_1_uk_wtr-waffle_truffle?deliveryTarget=cGhhcm1hY3k6fDozYmE1MzNiZS1lNDExLTQ3NzItYjM1OC0yNzg0NDU2Y2NmOWE%3D#reviews
Sky Cannabis Wedding,13353,Berlin,Jelly Mints,Demecan Core JM7 31:1,Hybrid Indica Dominant,31%,1%,"6,99 €/g",Auf Lager,https://greenmedical.health/de/cannabis/flower/demecan_core_jm7_31_1-jelly_mints?deliveryTarget=cGhhcm1hY3k6fDozYmE1MzNiZS1lNDExLTQ3NzItYjM1OC0yNzg0NDU2Y2NmOWE%3D#reviews
Sky Cannabis Wedding,13353,Berlin,Neutronium,IUVO 28/1 OC,Hybrid,28%,1%,"7,99 €/g",Auf Lager,https://greenmedical.health/de/cannabis/flower/iuvo_28_1_oc-neutronium?deliveryTarget=cGhhcm1hY3k6fDozYmE1MzNiZS1lNDExLTQ3NzItYjM1OC0yNzg0NDU2Y2NmOWE%3D#reviews
Sky Cannabis Wedding,13353,Berlin,Franco’s Fullgas,Remexian 27/1 FFG,Sativa,26%,1%,"5,99 €/g",Auf Lager,https://greenmedical.health/de/cannabis/flower/remexian_27_1_ffg-franco_s_fullgas?deliveryTarget=cGhhcm1hY3k6fDozYmE1MzNiZS1lNDExLTQ3NzItYjM1OC0yNzg0NDU2Y2NmOWE%3D#reviews
Sky Cannabis Wedding,13353,Berlin,Tangerine Boost,Demecan Core PULSE 27:1 Zativa,Hybrid Sativa Dominant,27%,<1%,"5,99 €/g",Auf Lager,https://greenmedical.health/de/cannabis/flower/demecan_core_pulse_27_01_zativa-tangerine_boost?deliveryTarget=cGhhcm1hY3k6fDozYmE1MzNiZS1lNDExLTQ3NzItYjM1OC0yNzg0NDU2Y2NmOWE%3D#reviews
Sky Cannabis Wedding,13353,Berlin,Temptation,IUVO 24/1 OC,Hybrid,24%,<1%,"7,99 €/g",Auf Lager,https://greenmedical.health/de/cannabis/flower/iuvo_24_1_oc-temptation?deliveryTarget=cGhhcm1hY3k6fDozYmE1MzNiZS1lNDExLTQ3NzItYjM1OC0yNzg0NDU2Y2NmOWE%3D#reviews
Sky Cannabis Wedding,13353,Berlin,Permanent Marker,Bava Med 27/1 BLA-GA,Hybrid,27%,1%,"4,65 €/g",Auf Lager,https://greenmedical.health/de/cannabis/flower/bava_med_27_1_bla_ga-permanent_marker?deliveryTarget=cGhhcm1hY3k6fDozYmE1MzNiZS1lNDExLTQ3NzItYjM1OC0yNzg0NDU2Y2NmOWE%3D#reviews
Sky Cannabis Wedding,13353,Berlin,Super Buff Cherry,GrowMotion SBC24,Hybrid Indica Dominant,24%,1%,"7,18 €/g",Auf Lager,https://greenmedical.health/de/cannabis/flower/growmotion_sbc24-super_buff_cherry?deliveryTarget=cGhhcm1hY3k6fDozYmE1MzNiZS1lNDExLTQ3NzItYjM1OC0yNzg0NDU2Y2NmOWE%3D#reviews
Sky Cannabis Wedding,13353,Berlin,Ice Burn,IUVO 24/1 OC,Indica,24%,1%,"7,80 €/g",Auf Lager,https://greenmedical.health/de/cannabis/flower/iuvo_24_1_oc-ice_burn?deliveryTarget=cGhhcm1hY3k6fDozYmE1MzNiZS1lNDExLTQ3NzItYjM1OC0yNzg0NDU2Y2NmOWE%3D#reviews
Sky Cannabis Wedding,13353,Berlin,Minty Cookies,enua 33/1 PS3 CA MYC,Hybrid,33%,1%,"6,49 €/g",Auf Lager,https://greenmedical.health/de/cannabis/flower/enua_33_1_ps3_ca_myc-minty_cookies?deliveryTarget=cGhhcm1hY3k6fDozYmE1MzNiZS1lNDExLTQ3NzItYjM1OC0yNzg0NDU2Y2NmOWE%3D#reviews
Sky Cannabis Wedding,13353,Berlin,Siggis Holunderblüte,Siggis HBLT 22:01,Hybrid Indica Dominant,22%,1%,"8,49 €/g",NEU,https://greenmedical.health/de/cannabis/flower/siggis_hblt_22_01-siggis_holunderbluete?deliveryTarget=cGhhcm1hY3k6fDozYmE1MzNiZS1lNDExLTQ3NzItYjM1OC0yNzg0NDU2Y2NmOWE%3D#reviews
Sky Cannabis Wedding,13353,Berlin,God Cherry Bud,Slouu 30/1 PS3 CA GCB,Hybrid,30%,1%,"4,95 €/g",Auf Lager,https://greenmedical.health/de/cannabis/flower/slouu_30_1_ps3_ca_gcb-god_cherry_bud?deliveryTarget=cGhhcm1hY3k6fDozYmE1MzNiZS1lNDExLTQ3NzItYjM1OC0yNzg0NDU2Y2NmOWE%3D#reviews
Sky Cannabis Wedding,13353,Berlin,Banjo,Cannamedical Sativa Forte ES 25/1,Hybrid,25%,<1%,"5,40 €/g",Auf Lager,https://greenmedical.health/de/cannabis/flower/cannamedical_sativa_forte_es_25_1-banjo?deliveryTarget=cGhhcm1hY3k6fDozYmE1MzNiZS1lNDExLTQ3NzItYjM1OC0yNzg0NDU2Y2NmOWE%3D#reviews
Sky Cannabis Wedding,13353,Berlin,Pineapple God,Huala 25/1 CA POG,Hybrid Sativa Dominant,25%,1%,"4,80 €/g",Auf Lager,https://greenmedical.health/de/cannabis/flower/huala_25_1_ca_pog-pineapple_god?deliveryTarget=cGhhcm1hY3k6fDozYmE1MzNiZS1lNDExLTQ3NzItYjM1OC0yNzg0NDU2Y2NmOWE%3D#reviews
Sky Cannabis Wedding,13353,Berlin,Scented Marker,420 Evolution 30/1 CA SCM,Hybrid Indica Dominant,30%,1%,"7,49 €/g",NEU,https://greenmedical.health/de/cannabis/flower/420_evolution_30_1_ca_scm-scented_marker?deliveryTarget=cGhhcm1hY3k6fDozYmE1MzNiZS1lNDExLTQ3NzItYjM1OC0yNzg0NDU2Y2NmOWE%3D#reviews
Sky Cannabis Wedding,13353,Berlin,Siggis Löwenzahn,Siggis LWZAHN 22:01,Hybrid,22%,1%,"8,95 €/g",Auf Lager,https://greenmedical.health/de/cannabis/flower/siggis_lwzahn_22_01-siggis_loewenzahn?deliveryTarget=cGhhcm1hY3k6fDozYmE1MzNiZS1lNDExLTQ3NzItYjM1OC0yNzg0NDU2Y2NmOWE%3D#reviews
Sky Cannabis Wedding,13353,Berlin,Motorgas,ZOIKS 31/1 MOT,Hybrid,31%,1%,"4,99 €/g",Auf Lager,https://greenmedical.health/de/cannabis/flower/zoiks_31_1_mot-motorgas?deliveryTarget=cGhhcm1hY3k6fDozYmE1MzNiZS1lNDExLTQ3NzItYjM1OC0yNzg0NDU2Y2NmOWE%3D#reviews
Sky Cannabis Wedding,13353,Berlin,Alienmax,ZOIKS 22/1 ALM,Hybrid,22%,1%,"3,99 €/g",Auf Lager,https://greenmedical.health/de/cannabis/flower/zoiks_22_1_alm-alienmax?deliveryTarget=cGhhcm1hY3k6fDozYmE1MzNiZS1lNDExLTQ3NzItYjM1OC0yNzg0NDU2Y2NmOWE%3D#reviews
Sky Cannabis Wedding,13353,Berlin,Alexander the Great,Nimbus Tyson 2.0 26/1,Hybrid Indica Dominant,26%,<1%,"5,99 €/g",Auf Lager,https://greenmedical.health/de/cannabis/flower/tyson_2_0_26_1-alexander_the_great?deliveryTarget=cGhhcm1hY3k6fDozYmE1MzNiZS1lNDExLTQ3NzItYjM1OC0yNzg0NDU2Y2NmOWE%3D#reviews
420brokkoli,33100,Paderborn,OJ Zainbow,IUVO 24/1 KC,Sativa,24%,1%,"7,99 €/g",Auf Lager,https://greenmedical.health/de/cannabis/flower/iuvo_24_1_kc-oj_zainbow?deliveryTarget=cGhhcm1hY3k6fDo5MGFjZWYyZi1lYjU3LTQ5MDQtOGEzMS0xMTQyYTAwZGQyZDI%3D#reviews
420brokkoli,33100,Paderborn,Sour Ape,Luana 24/1 APE,Hybrid,22%,1%,"5,99 €/g",Auf Lager,https://greenmedical.health/de/cannabis/flower/luana_24_1_ape-sour_ape?deliveryTarget=cGhhcm1hY3k6fDo5MGFjZWYyZi1lYjU3LTQ5MDQtOGEzMS0xMTQyYTAwZGQyZDI%3D#reviews
420brokkoli,33100,Paderborn,Ultra Dosed Candy,Barongo 24/1 LAX,Hybrid Indica Dominant,24%,1%,"6,49 €/g",Auf Lager,https://greenmedical.health/de/cannabis/flower/barongo_24_1_lax-ultra_dosed_candy?deliveryTarget=cGhhcm1hY3k6fDo5MGFjZWYyZi1lYjU3LTQ5MDQtOGEzMS0xMTQyYTAwZGQyZDI%3D#reviews
420brokkoli,33100,Paderborn,Killer Cupcake,IUVO 22/1 OC,Hybrid,22%,1%,"7,99 €/g",Auf Lager,https://greenmedical.health/de/cannabis/flower/iuvo_22_1_oc-killer_cupcake?deliveryTarget=cGhhcm1hY3k6fDo5MGFjZWYyZi1lYjU3LTQ5MDQtOGEzMS0xMTQyYTAwZGQyZDI%3D#reviews
420brokkoli,33100,Paderborn,Bashengo,Cannabis flos 23/1 CSF Ku.,Hybrid Indica Dominant,23%,1%,"5,49 €/g",Auf Lager,https://greenmedical.health/de/cannabis/flower/canify_cannabis_flos_23_1_csf_ku_-bashengo?deliveryTarget=cGhhcm1hY3k6fDo5MGFjZWYyZi1lYjU3LTQ5MDQtOGEzMS0xMTQyYTAwZGQyZDI%3D#reviews
420brokkoli,33100,Paderborn,White Gelato,Buuo 22/1 WHG,Hybrid Indica Dominant,22%,1%,"5,99 €/g",NEU,https://greenmedical.health/de/cannabis/flower/buuo_22_1_whg-white_gelato?deliveryTarget=cGhhcm1hY3k6fDo5MGFjZWYyZi1lYjU3LTQ5MDQtOGEzMS0xMTQyYTAwZGQyZDI%3D#reviews
420brokkoli,33100,Paderborn,Cosmic Cream,Pedanios 31/1 COS-CA,Hybrid Indica Dominant,31%,<1%,"7,99 €/g",Auf Lager,https://greenmedical.health/de/cannabis/flower/pedanios-31-1-cos-ca-cosmic-cream-34e1?deliveryTarget=cGhhcm1hY3k6fDo5MGFjZWYyZi1lYjU3LTQ5MDQtOGEzMS0xMTQyYTAwZGQyZDI%3D#reviews
420brokkoli,33100,Paderborn,Electric Honeydew (EHD),Pedanios 26/1 EHD-CA,Sativa,26%,<1%,"6,49 €/g",Auf Lager,https://greenmedical.health/de/cannabis/flower/pedanios-26-1-ehd-ca-electric-honeydew-ehd?deliveryTarget=cGhhcm1hY3k6fDo5MGFjZWYyZi1lYjU3LTQ5MDQtOGEzMS0xMTQyYTAwZGQyZDI%3D#reviews
420brokkoli,33100,Paderborn,Afina,Bedrocan Cannabis Flos 22/1,Sativa,22%,<1%,"7,49 €/g",Auf Lager,https://greenmedical.health/de/cannabis/flower/bedrocan-afina?deliveryTarget=cGhhcm1hY3k6fDo5MGFjZWYyZi1lYjU3LTQ5MDQtOGEzMS0xMTQyYTAwZGQyZDI%3D#reviews
420brokkoli,33100,Paderborn,Space Rider,ZOIKS 31/1 SR,Hybrid Indica Dominant,31%,1%,"5,49 €/g",Auf Lager,https://greenmedical.health/de/cannabis/flower/zoiks_31_1_sr-space_rider?deliveryTarget=cGhhcm1hY3k6fDo5MGFjZWYyZi1lYjU3LTQ5MDQtOGEzMS0xMTQyYTAwZGQyZDI%3D#reviews
420brokkoli,33100,Paderborn,Tubitti Frubitti,TANNENBUSCH 31/1 TF,Hybrid Indica Dominant,31%,<1%,"8,49 €/g",Auf Lager,https://greenmedical.health/de/cannabis/flower/tannenbusch_31_1_tf-tubitti_frubitti?deliveryTarget=cGhhcm1hY3k6fDo5MGFjZWYyZi1lYjU3LTQ5MDQtOGEzMS0xMTQyYTAwZGQyZDI%3D#reviews
420brokkoli,33100,Paderborn,Polar Pop,Bathera 35/1 PP,Hybrid Sativa Dominant,36.4%,1%,"7,99 €/g",Auf Lager,https://greenmedical.health/de/cannabis/flower/bathera_35_1_pp-polar_pop?deliveryTarget=cGhhcm1hY3k6fDo5MGFjZWYyZi1lYjU3LTQ5MDQtOGEzMS0xMTQyYTAwZGQyZDI%3D#reviews
420brokkoli,33100,Paderborn,Polar Cookies,Cannamedical Sativa Ultra NM,Hybrid Sativa Dominant,29.7%,<1%,"7,49 €/g",Auf Lager,https://greenmedical.health/de/cannabis/flower/cannamedical-sativa-ultra-nm-polar-cookies-fa5c?deliveryTarget=cGhhcm1hY3k6fDo5MGFjZWYyZi1lYjU3LTQ5MDQtOGEzMS0xMTQyYTAwZGQyZDI%3D#reviews
420brokkoli,33100,Paderborn,Amnesia Haze Cake,AVAAY 32/1 AHC,Hybrid Sativa Dominant,32%,1%,"9,49 €/g",Auf Lager,https://greenmedical.health/de/cannabis/flower/avaay_32_1_ahc-amnesia_haze_cake?deliveryTarget=cGhhcm1hY3k6fDo5MGFjZWYyZi1lYjU3LTQ5MDQtOGEzMS0xMTQyYTAwZGQyZDI%3D#reviews
420brokkoli,33100,Paderborn,Ultra Limelight,30/1 Amici UL,Sativa,30%,1%,"6,45 €/g",Auf Lager,https://greenmedical.health/de/cannabis/flower/30_1_amici_ul-ultra_limelight?deliveryTarget=cGhhcm1hY3k6fDo5MGFjZWYyZi1lYjU3LTQ5MDQtOGEzMS0xMTQyYTAwZGQyZDI%3D#reviews
420brokkoli,33100,Paderborn,Gastro Pop,420 Compound 33/1 GAP,Hybrid Indica Dominant,33%,<1%,"7,99 €/g",Auf Lager,https://greenmedical.health/de/cannabis/flower/420_compound_33_1_gap-gastro_pop?deliveryTarget=cGhhcm1hY3k6fDo5MGFjZWYyZi1lYjU3LTQ5MDQtOGEzMS0xMTQyYTAwZGQyZDI%3D#reviews
420brokkoli,33100,Paderborn,Ice Cream Cake x Kush Mints,420 Evolution 30/1 CA ICC,Hybrid,29.18%,<1%,"7,99 €/g",Auf Lager,https://greenmedical.health/de/cannabis/flower/420-evolution-30-1-ca-icc-icecream-cake-kush-mints?deliveryTarget=cGhhcm1hY3k6fDo5MGFjZWYyZi1lYjU3LTQ5MDQtOGEzMS0xMTQyYTAwZGQyZDI%3D#reviews
420brokkoli,33100,Paderborn,Lemon Cookies,Cannamedical Hybrid Ultra BC,Hybrid,28%,<1%,"6,49 €/g",Auf Lager,https://greenmedical.health/de/cannabis/flower/cannamedical_hybrid_ultra_bc-lemon_cookies?deliveryTarget=cGhhcm1hY3k6fDo5MGFjZWYyZi1lYjU3LTQ5MDQtOGEzMS0xMTQyYTAwZGQyZDI%3D#reviews
420brokkoli,33100,Paderborn,Golden Goat,Demecan Core Golden Horizon 30:01,Hybrid Sativa Dominant,30%,1%,"6,99 €/g",Auf Lager,https://greenmedical.health/de/cannabis/flower/demecan_core_golden_horizon_30_01-golden_goat?deliveryTarget=cGhhcm1hY3k6fDo5MGFjZWYyZi1lYjU3LTQ5MDQtOGEzMS0xMTQyYTAwZGQyZDI%3D#reviews
420brokkoli,33100,Paderborn,Hawaiian Rain x Permanent Marker,Demecan CRAFT Cali 29:1,Hybrid Indica Dominant,29%,1%,"7,49 €/g",Auf Lager,https://greenmedical.health/de/cannabis/flower/demecan_craft_cali_29_01-hawaiian_rain_x_permanent_marker?deliveryTarget=cGhhcm1hY3k6fDo5MGFjZWYyZi1lYjU3LTQ5MDQtOGEzMS0xMTQyYTAwZGQyZDI%3D#reviews
420brokkoli,33100,Paderborn,Point Breeze,AVAAY Khalifa 28/1 PB,Hybrid Indica Dominant,28%,1%,"9,49 €/g",Auf Lager,https://greenmedical.health/de/cannabis/flower/avaay_khalifa_28_1_pb-point_breeze?deliveryTarget=cGhhcm1hY3k6fDo5MGFjZWYyZi1lYjU3LTQ5MDQtOGEzMS0xMTQyYTAwZGQyZDI%3D#reviews
420brokkoli,33100,Paderborn,Gossip Gun,Avaay Signature 31/1 GOG,Hybrid Indica Dominant,31%,1%,"6,99 €/g",Auf Lager,https://greenmedical.health/de/cannabis/flower/avaay_signature_31_1_gog-gossip_gun?deliveryTarget=cGhhcm1hY3k6fDo5MGFjZWYyZi1lYjU3LTQ5MDQtOGEzMS0xMTQyYTAwZGQyZDI%3D#reviews
420brokkoli,33100,Paderborn,Huckleberry,Medical Saints 24/1 HUB,Sativa,24%,1%,"4,49 €/g",Auf Lager,https://greenmedical.health/de/cannabis/flower/medical_saints_24_1_hub-huckleberry?deliveryTarget=cGhhcm1hY3k6fDo5MGFjZWYyZi1lYjU3LTQ5MDQtOGEzMS0xMTQyYTAwZGQyZDI%3D#reviews
420brokkoli,33100,Paderborn,Midnight Lotus,Cannamedical CRAFT 28/1 Lotus,Hybrid,25.2%,1%,"7,20 €/g",Auf Lager,https://greenmedical.health/de/cannabis/flower/cannamedical_craft_28_1_lotus-pucker_up?deliveryTarget=cGhhcm1hY3k6fDo5MGFjZWYyZi1lYjU3LTQ5MDQtOGEzMS0xMTQyYTAwZGQyZDI%3D#reviews
420brokkoli,33100,Paderborn,Medellin,Origine Nature MED 32/1,Hybrid,32%,1%,"6,99 €/g",Auf Lager,https://greenmedical.health/de/cannabis/flower/origine_nature_med_32_1-medellin?deliveryTarget=cGhhcm1hY3k6fDo5MGFjZWYyZi1lYjU3LTQ5MDQtOGEzMS0xMTQyYTAwZGQyZDI%3D#reviews
420brokkoli,33100,Paderborn,Purps Crystal Breath,enua 33/1 PCB CA,Hybrid Indica Dominant,33%,1%,"5,99 €/g",Auf Lager,https://greenmedical.health/de/cannabis/flower/enua_33_1_pcb_ca-purps_crystal_breath?deliveryTarget=cGhhcm1hY3k6fDo5MGFjZWYyZi1lYjU3LTQ5MDQtOGEzMS0xMTQyYTAwZGQyZDI%3D#reviews
420brokkoli,33100,Paderborn,Lotus Punch,N!CE 25/1 LP,Hybrid Sativa Dominant,25%,1%,"5,49 €/g",Auf Lager,https://greenmedical.health/de/cannabis/flower/n_ce_25_1_lp-lotus_punch?deliveryTarget=cGhhcm1hY3k6fDo5MGFjZWYyZi1lYjU3LTQ5MDQtOGEzMS0xMTQyYTAwZGQyZDI%3D#reviews
420brokkoli,33100,Paderborn,Strawberry Cake,N!CE 24/1 SWC,Hybrid Indica Dominant,24%,1%,"4,99 €/g",Auf Lager,https://greenmedical.health/de/cannabis/flower/n_ce_24_1_swc-strawberry_cake?deliveryTarget=cGhhcm1hY3k6fDo5MGFjZWYyZi1lYjU3LTQ5MDQtOGEzMS0xMTQyYTAwZGQyZDI%3D#reviews
420brokkoli,33100,Paderborn,Top Mints Cake,DrWatson 26 TMC AUS,Hybrid,26%,1%,"3,99 €/g",Auf Lager,https://greenmedical.health/de/cannabis/flower/drwatson_26_tmc_aus-top_mints_cake?deliveryTarget=cGhhcm1hY3k6fDo5MGFjZWYyZi1lYjU3LTQ5MDQtOGEzMS0xMTQyYTAwZGQyZDI%3D#reviews
420brokkoli,33100,Paderborn,Lemon Kush,N!CE 30/1 LK,Hybrid Sativa Dominant,30%,1%,"5,99 €/g",Auf Lager,https://greenmedical.health/de/cannabis/flower/n_ce_30_1_lk-lemon_kush?deliveryTarget=cGhhcm1hY3k6fDo5MGFjZWYyZi1lYjU3LTQ5MDQtOGEzMS0xMTQyYTAwZGQyZDI%3D#reviews
420brokkoli,33100,Paderborn,Siggis Zitronenblüte,Siggis ZBLT 24:01,Hybrid Indica Dominant,24%,1%,"9,99 €/g",Auf Lager,https://greenmedical.health/de/cannabis/flower/siggis_zblt_24_01-siggis_zitronenbluete?deliveryTarget=cGhhcm1hY3k6fDo5MGFjZWYyZi1lYjU3LTQ5MDQtOGEzMS0xMTQyYTAwZGQyZDI%3D#reviews
420brokkoli,33100,Paderborn,Pineapple Cherry Punch,enua 30/1 PS3 CA PCP,Hybrid,30%,1%,"5,49 €/g",Auf Lager,https://greenmedical.health/de/cannabis/flower/enua_30_1_ps3_ca_pcp-pineapple_cherry_punch?deliveryTarget=cGhhcm1hY3k6fDo5MGFjZWYyZi1lYjU3LTQ5MDQtOGEzMS0xMTQyYTAwZGQyZDI%3D#reviews
420brokkoli,33100,Paderborn,Ozark,N!CE 33/1 OZK,Hybrid Sativa Dominant,33%,1%,"6,49 €/g",Auf Lager,https://greenmedical.health/de/cannabis/flower/n_ce_33_1_ozk-ozark?deliveryTarget=cGhhcm1hY3k6fDo5MGFjZWYyZi1lYjU3LTQ5MDQtOGEzMS0xMTQyYTAwZGQyZDI%3D#reviews
420brokkoli,33100,Paderborn,Super Silver Haze,Bathera 25/1 SSH,Hybrid,25%,1%,"7,49 €/g",Auf Lager,https://greenmedical.health/de/cannabis/flower/bathera_25_1_ssh-super_silver_haze?deliveryTarget=cGhhcm1hY3k6fDo5MGFjZWYyZi1lYjU3LTQ5MDQtOGEzMS0xMTQyYTAwZGQyZDI%3D#reviews
420brokkoli,33100,Paderborn,Black Cherry Punch,enua 27/1 PS3 CA BCP,Hybrid Indica Dominant,27%,1%,"5,49 €/g",Auf Lager,https://greenmedical.health/de/cannabis/flower/enua_27_1_ps3_ca_bcp-black_cherry_punch?deliveryTarget=cGhhcm1hY3k6fDo5MGFjZWYyZi1lYjU3LTQ5MDQtOGEzMS0xMTQyYTAwZGQyZDI%3D#reviews
420brokkoli,33100,Paderborn,Lemoncello,Weeco LMC 33/1 DK,Hybrid,33%,1%,"5,49 €/g",NEU,https://greenmedical.health/de/cannabis/flower/weeco_lmc_33_1_dk-lemoncello?deliveryTarget=cGhhcm1hY3k6fDo5MGFjZWYyZi1lYjU3LTQ5MDQtOGEzMS0xMTQyYTAwZGQyZDI%3D#reviews
420brokkoli,33100,Paderborn,Platinum Punch,Canify 25/1 LS Ku.,Hybrid Sativa Dominant,25%,1%,"4,99 €/g",Auf Lager,https://greenmedical.health/de/cannabis/flower/canify_25_1_ls_ku_-platinum_punch?deliveryTarget=cGhhcm1hY3k6fDo5MGFjZWYyZi1lYjU3LTQ5MDQtOGEzMS0xMTQyYTAwZGQyZDI%3D#reviews
420brokkoli,33100,Paderborn,Tamarindo,DrWatson 24 TO AUS,Hybrid,24%,1%,"3,99 €/g",Auf Lager,https://greenmedical.health/de/cannabis/flower/drwatson_24_to_aus-tamarindo?deliveryTarget=cGhhcm1hY3k6fDo5MGFjZWYyZi1lYjU3LTQ5MDQtOGEzMS0xMTQyYTAwZGQyZDI%3D#reviews
420brokkoli,33100,Paderborn,Bubba Kush,Demecan Typ 1,Hybrid Indica Dominant,21%,<1%,"5,99 €/g",Auf Lager,https://greenmedical.health/de/cannabis/flower/typ-1-demecan-bubba-kush?deliveryTarget=cGhhcm1hY3k6fDo5MGFjZWYyZi1lYjU3LTQ5MDQtOGEzMS0xMTQyYTAwZGQyZDI%3D#reviews
420brokkoli,33100,Paderborn,Miracle Alien Cookies (MAC),MAC 1+,Hybrid,25.8%,1%,"6,99 €/g",Auf Lager,https://greenmedical.health/de/cannabis/flower/mac_1_-miracle_alien_cookies?deliveryTarget=cGhhcm1hY3k6fDo5MGFjZWYyZi1lYjU3LTQ5MDQtOGEzMS0xMTQyYTAwZGQyZDI%3D#reviews
420brokkoli,33100,Paderborn,Siggis Waldbeerblüte,Siggis WBLT 22:01,Hybrid Sativa Dominant,22%,1%,"8,99 €/g",Auf Lager,https://greenmedical.health/de/cannabis/flower/siggis_wblt_22_01-siggis_waldbeerbluete?deliveryTarget=cGhhcm1hY3k6fDo5MGFjZWYyZi1lYjU3LTQ5MDQtOGEzMS0xMTQyYTAwZGQyZDI%3D#reviews
420brokkoli,33100,Paderborn,Waffle Truffle,Huala 30/1 UK WTR,Hybrid Indica Dominant,30%,1%,"4,99 €/g",NEU,https://greenmedical.health/de/cannabis/flower/huala_30_1_uk_wtr-waffle_truffle?deliveryTarget=cGhhcm1hY3k6fDo5MGFjZWYyZi1lYjU3LTQ5MDQtOGEzMS0xMTQyYTAwZGQyZDI%3D#reviews
420brokkoli,33100,Paderborn,Morning Sun,N!CE 29/1 MOS,Hybrid Indica Dominant,29%,1%,"5,49 €/g",Auf Lager,https://greenmedical.health/de/cannabis/flower/n_ce_29_1_mos-morning_sun?deliveryTarget=cGhhcm1hY3k6fDo5MGFjZWYyZi1lYjU3LTQ5MDQtOGEzMS0xMTQyYTAwZGQyZDI%3D#reviews
420brokkoli,33100,Paderborn,Guava Barz,N!CE 30/1 GBA,Hybrid Indica Dominant,30%,1%,"5,49 €/g",Auf Lager,https://greenmedical.health/de/cannabis/flower/n_ce_30_1_gba-guava_barz?deliveryTarget=cGhhcm1hY3k6fDo5MGFjZWYyZi1lYjU3LTQ5MDQtOGEzMS0xMTQyYTAwZGQyZDI%3D#reviews
420brokkoli,33100,Paderborn,Gelly Popper,enua 27/1 GPP CA,Hybrid Sativa Dominant,27%,<1%,"5,99 €/g",Auf Lager,https://greenmedical.health/de/cannabis/flower/enua_27_1_gpp_ca-gelly_popper?deliveryTarget=cGhhcm1hY3k6fDo5MGFjZWYyZi1lYjU3LTQ5MDQtOGEzMS0xMTQyYTAwZGQyZDI%3D#reviews
420brokkoli,33100,Paderborn,Purps Crystal Breath,enua 36/1 PCB CA,Hybrid Indica Dominant,36%,1%,"6,99 €/g",NEU,https://greenmedical.health/de/cannabis/flower/enua_36_1_pcb_ca-purps_crystal_breath?deliveryTarget=cGhhcm1hY3k6fDo5MGFjZWYyZi1lYjU3LTQ5MDQtOGEzMS0xMTQyYTAwZGQyZDI%3D#reviews
420brokkoli,33100,Paderborn,GMO Cookies,Peace Naturals 29/1 GC,Indica,29%,<1%,"5,99 €/g",Auf Lager,https://greenmedical.health/de/cannabis/flower/peace_naturals_29_1_gc-gmo_cookies?deliveryTarget=cGhhcm1hY3k6fDo5MGFjZWYyZi1lYjU3LTQ5MDQtOGEzMS0xMTQyYTAwZGQyZDI%3D#reviews
420brokkoli,33100,Paderborn,Apple Slapz,THC AKUT OHS 20 AS,Hybrid Indica Dominant,20%,1%,"3,99 €/g",NEU,https://greenmedical.health/de/cannabis/flower/thc_akut_ohs_20_as-apple_slapz?deliveryTarget=cGhhcm1hY3k6fDo5MGFjZWYyZi1lYjU3LTQ5MDQtOGEzMS0xMTQyYTAwZGQyZDI%3D#reviews
420brokkoli,33100,Paderborn,Garlic Z,Slouu 30/1 GLZ CA,Hybrid,30%,1%,"5,99 €/g",Auf Lager,https://greenmedical.health/de/cannabis/flower/slouu_30_1_glz_ca-garlic_z?deliveryTarget=cGhhcm1hY3k6fDo5MGFjZWYyZi1lYjU3LTQ5MDQtOGEzMS0xMTQyYTAwZGQyZDI%3D#reviews
420brokkoli,33100,Paderborn,Jack Flash5,DrWatson 26 Jack Flash5 AUS,Hybrid Sativa Dominant,26%,1%,"3,99 €/g",Auf Lager,https://greenmedical.health/de/cannabis/flower/drwatson_26_jack_flash5_aus-jack_flash5?deliveryTarget=cGhhcm1hY3k6fDo5MGFjZWYyZi1lYjU3LTQ5MDQtOGEzMS0xMTQyYTAwZGQyZDI%3D#reviews
420brokkoli,33100,Paderborn,Jungl' Cake,Remexian 33/1 MTL JUC,Hybrid Sativa Dominant,33%,<1%,"6,49 €/g",Auf Lager,https://greenmedical.health/de/cannabis/flower/remexian_33_1_mtl_juc-jungl_cake?deliveryTarget=cGhhcm1hY3k6fDo5MGFjZWYyZi1lYjU3LTQ5MDQtOGEzMS0xMTQyYTAwZGQyZDI%3D#reviews
420brokkoli,33100,Paderborn,Magic Gum Drops,420 Evolution 27/1 CA MGD,Hybrid Indica Dominant,27%,1%,"6,99 €/g",Auf Lager,https://greenmedical.health/de/cannabis/flower/420_evolution_27_1_ca_mgd-magic_gum_drops?deliveryTarget=cGhhcm1hY3k6fDo5MGFjZWYyZi1lYjU3LTQ5MDQtOGEzMS0xMTQyYTAwZGQyZDI%3D#reviews
420brokkoli,33100,Paderborn,Apples & Bananas,IUVO 30/1 SQ,Hybrid,30%,1%,"7,99 €/g",Auf Lager,https://greenmedical.health/de/cannabis/flower/iuvo_sq_29_1-apples_bananas?deliveryTarget=cGhhcm1hY3k6fDo5MGFjZWYyZi1lYjU3LTQ5MDQtOGEzMS0xMTQyYTAwZGQyZDI%3D#reviews
420brokkoli,33100,Paderborn,Orange Cake,LOT 420 OC,Hybrid Indica Dominant,26%,<1%,"8,44 €/g",Auf Lager,https://greenmedical.health/de/cannabis/flower/lot-420-oc-orange-cake?deliveryTarget=cGhhcm1hY3k6fDo5MGFjZWYyZi1lYjU3LTQ5MDQtOGEzMS0xMTQyYTAwZGQyZDI%3D#reviews
420brokkoli,33100,Paderborn,Miracle Alien Mintz,enua 30/1 AT2 CA MAM,Hybrid,30%,1%,"5,99 €/g",Auf Lager,https://greenmedical.health/de/cannabis/flower/enua_30_1_at2_ca_mam-miracle_alien_mintz?deliveryTarget=cGhhcm1hY3k6fDo5MGFjZWYyZi1lYjU3LTQ5MDQtOGEzMS0xMTQyYTAwZGQyZDI%3D#reviews
420brokkoli,33100,Paderborn,Mac 1,N!CE 24/1 Mac 1,Hybrid Indica Dominant,24%,1%,"4,99 €/g",Auf Lager,https://greenmedical.health/de/cannabis/flower/n_ce_24_1_mac_1-mac_1?deliveryTarget=cGhhcm1hY3k6fDo5MGFjZWYyZi1lYjU3LTQ5MDQtOGEzMS0xMTQyYTAwZGQyZDI%3D#reviews
420brokkoli,33100,Paderborn,Orange Kush Cake,Remexian 30/1 JOI OKC,Hybrid,30%,1%,"5,99 €/g",Auf Lager,https://greenmedical.health/de/cannabis/flower/remexian_30_1_joi_okc-orange_kush_cake?deliveryTarget=cGhhcm1hY3k6fDo5MGFjZWYyZi1lYjU3LTQ5MDQtOGEzMS0xMTQyYTAwZGQyZDI%3D#reviews
420brokkoli,33100,Paderborn,Super Lemon Haze,30/1 Amici SLH,Hybrid Sativa Dominant,30%,1%,"5,90 €/g",NEU,https://greenmedical.health/de/cannabis/flower/30_1_amici_slh-super_lemon_haze?deliveryTarget=cGhhcm1hY3k6fDo5MGFjZWYyZi1lYjU3LTQ5MDQtOGEzMS0xMTQyYTAwZGQyZDI%3D#reviews
420brokkoli,33100,Paderborn,Glueberry OG,Wildlife 24 GB CAN,Hybrid,24%,1%,"3,99 €/g",Auf Lager,https://greenmedical.health/de/cannabis/flower/wildlife_24_gb_can-glueberry_og?deliveryTarget=cGhhcm1hY3k6fDo5MGFjZWYyZi1lYjU3LTQ5MDQtOGEzMS0xMTQyYTAwZGQyZDI%3D#reviews
420brokkoli,33100,Paderborn,Diablo’s Dream,Cresco RST 33/1,Hybrid Indica Dominant,33%,1%,"6,99 €/g",NEU,https://greenmedical.health/de/cannabis/flower/cresco_rst_33_1-diablo_s_dream?deliveryTarget=cGhhcm1hY3k6fDo5MGFjZWYyZi1lYjU3LTQ5MDQtOGEzMS0xMTQyYTAwZGQyZDI%3D#reviews
420brokkoli,33100,Paderborn,Pineapple God,Huala 30/1 CA POG,Hybrid Sativa Dominant,30%,1%,"4,99 €/g",Auf Lager,https://greenmedical.health/de/cannabis/flower/huala_30_1_ca_pog-midnight?deliveryTarget=cGhhcm1hY3k6fDo5MGFjZWYyZi1lYjU3LTQ5MDQtOGEzMS0xMTQyYTAwZGQyZDI%3D#reviews
420brokkoli,33100,Paderborn,Snow Lotus,LIT 31/1 SNW,Hybrid Sativa Dominant,31%,1%,"4,99 €/g",Auf Lager,https://greenmedical.health/de/cannabis/flower/lit_31_1_snw-snow_lotus?deliveryTarget=cGhhcm1hY3k6fDo5MGFjZWYyZi1lYjU3LTQ5MDQtOGEzMS0xMTQyYTAwZGQyZDI%3D#reviews
420brokkoli,33100,Paderborn,Modified Grapes,Remexian 27/1 CRF MG,Hybrid Indica Dominant,27%,1%,"4,99 €/g",Auf Lager,https://greenmedical.health/de/cannabis/flower/remexian_27_1_crf_mg-modified_grapes?deliveryTarget=cGhhcm1hY3k6fDo5MGFjZWYyZi1lYjU3LTQ5MDQtOGEzMS0xMTQyYTAwZGQyZDI%3D#reviews
420brokkoli,33100,Paderborn,Blue Z,Bathera 23/1 BZ,Hybrid Indica Dominant,23%,1%,"6,99 €/g",NEU,https://greenmedical.health/de/cannabis/flower/bathera_23_1_bz-blue_z?deliveryTarget=cGhhcm1hY3k6fDo5MGFjZWYyZi1lYjU3LTQ5MDQtOGEzMS0xMTQyYTAwZGQyZDI%3D#reviews
420brokkoli,33100,Paderborn,Gorilla Glue 4,IMC THC27 T03 GG4,Indica,27%,<1%,"4,99 €/g",Auf Lager,https://greenmedical.health/de/cannabis/flower/imc-thc27-t03-gg4-gorilla-glue-4?deliveryTarget=cGhhcm1hY3k6fDo5MGFjZWYyZi1lYjU3LTQ5MDQtOGEzMS0xMTQyYTAwZGQyZDI%3D#reviews
420brokkoli,33100,Paderborn,Animal Crackers,Wildlife 30 AC CAN,Hybrid Indica Dominant,30%,1%,"4,99 €/g",Auf Lager,https://greenmedical.health/de/cannabis/flower/wildlife_30_ac_can-animal_crackers?deliveryTarget=cGhhcm1hY3k6fDo5MGFjZWYyZi1lYjU3LTQ5MDQtOGEzMS0xMTQyYTAwZGQyZDI%3D#reviews
420brokkoli,33100,Paderborn,Maluti CBD,Cannabis flos 1/14 LS Ku.,Hybrid Indica Dominant,1%,14%,"7,99 €/g",Auf Lager,https://greenmedical.health/de/cannabis/flower/canify_cannabis_flos_1_14_ls_ku-maluti_cbd?deliveryTarget=cGhhcm1hY3k6fDo5MGFjZWYyZi1lYjU3LTQ5MDQtOGEzMS0xMTQyYTAwZGQyZDI%3D#reviews
420brokkoli,33100,Paderborn,Grape Yogurt,Remexian 27/1 GJY GRY,Hybrid,27%,1%,"5,49 €/g",NEU,https://greenmedical.health/de/cannabis/flower/remexian_27_1_gjy_gry-grape_yogurt?deliveryTarget=cGhhcm1hY3k6fDo5MGFjZWYyZi1lYjU3LTQ5MDQtOGEzMS0xMTQyYTAwZGQyZDI%3D#reviews
420brokkoli,33100,Paderborn,Amnesia Haze Cake,AVAAY 28/1 AHC,Hybrid,28%,1%,"8,49 €/g",Auf Lager,https://greenmedical.health/de/cannabis/flower/avaay_28_1_ahc-amnesia_haze_cake?deliveryTarget=cGhhcm1hY3k6fDo5MGFjZWYyZi1lYjU3LTQ5MDQtOGEzMS0xMTQyYTAwZGQyZDI%3D#reviews
420brokkoli,33100,Paderborn,Jack Herer,Remexian 21/1 TCG JCK,Hybrid Sativa Dominant,21%,1%,"4,49 €/g",NEU,https://greenmedical.health/de/cannabis/flower/remexian_21_1_tcg_jck-jack_herer?deliveryTarget=cGhhcm1hY3k6fDo5MGFjZWYyZi1lYjU3LTQ5MDQtOGEzMS0xMTQyYTAwZGQyZDI%3D#reviews
420brokkoli,33100,Paderborn,Glitterbomb x Rainbow Cheddar,Remexian 26/1 CRF GBRC,Hybrid Indica Dominant,26%,1%,"4,99 €/g",Auf Lager,https://greenmedical.health/de/cannabis/flower/remexian_26_1_crf_gbrc-glitterbomb_x_rainbow_cheddar?deliveryTarget=cGhhcm1hY3k6fDo5MGFjZWYyZi1lYjU3LTQ5MDQtOGEzMS0xMTQyYTAwZGQyZDI%3D#reviews
420brokkoli,33100,Paderborn,Frosted Gumbo,Remexian 32/1 CRF FG,Hybrid Indica Dominant,32%,1%,"5,99 €/g",Auf Lager,https://greenmedical.health/de/cannabis/flower/remexian_32_1_crf_fg-frosted_gumbo?deliveryTarget=cGhhcm1hY3k6fDo5MGFjZWYyZi1lYjU3LTQ5MDQtOGEzMS0xMTQyYTAwZGQyZDI%3D#reviews
420brokkoli,33100,Paderborn,Needle Point,Coyote Valley 20/1 NP,Hybrid,20%,1%,"3,99 €/g",Auf Lager,https://greenmedical.health/de/cannabis/flower/coyote_valley_20_1_np-needle_point?deliveryTarget=cGhhcm1hY3k6fDo5MGFjZWYyZi1lYjU3LTQ5MDQtOGEzMS0xMTQyYTAwZGQyZDI%3D#reviews
420brokkoli,33100,Paderborn,Jet Fuel Gelato,enua 27/1 PS3 JFG CA,Hybrid,27%,1%,"5,99 €/g",Auf Lager,https://greenmedical.health/de/cannabis/flower/enua_27_1_ps3_jfg_ca-jet_fuel_gelato?deliveryTarget=cGhhcm1hY3k6fDo5MGFjZWYyZi1lYjU3LTQ5MDQtOGEzMS0xMTQyYTAwZGQyZDI%3D#reviews
420brokkoli,33100,Paderborn,Jungle Fumes,enua 30/1 JGF,Hybrid Sativa Dominant,30%,<1%,"5,99 €/g",Auf Lager,https://greenmedical.health/de/cannabis/flower/enua_30_1_jgf-jungle_fumes?deliveryTarget=cGhhcm1hY3k6fDo5MGFjZWYyZi1lYjU3LTQ5MDQtOGEzMS0xMTQyYTAwZGQyZDI%3D#reviews
420brokkoli,33100,Paderborn,Hindu Kush,IMC THC22 T01,Indica,22%,<1%,"5,95 €/g",Auf Lager,https://greenmedical.health/de/cannabis/flower/imc-thc22-t01-hindu-kush?deliveryTarget=cGhhcm1hY3k6fDo5MGFjZWYyZi1lYjU3LTQ5MDQtOGEzMS0xMTQyYTAwZGQyZDI%3D#reviews
420brokkoli,33100,Paderborn,Vanilla Cake,N!CE 26/1 VC,Hybrid Sativa Dominant,26%,1%,"5,94 €/g",Auf Lager,https://greenmedical.health/de/cannabis/flower/n_ce_26_1_vc-vanilla_cake?deliveryTarget=cGhhcm1hY3k6fDo5MGFjZWYyZi1lYjU3LTQ5MDQtOGEzMS0xMTQyYTAwZGQyZDI%3D#reviews
420brokkoli,33100,Paderborn,Sour Cheat Code,Wildlife 32 CC CAN,Hybrid,32%,1%,"5,49 €/g",Auf Lager,https://greenmedical.health/de/cannabis/flower/wildlife_32_cc_can-sour_cheat_code?deliveryTarget=cGhhcm1hY3k6fDo5MGFjZWYyZi1lYjU3LTQ5MDQtOGEzMS0xMTQyYTAwZGQyZDI%3D#reviews
420brokkoli,33100,Paderborn,Kush Mint,N!CE 27/1 KM,Hybrid Indica Dominant,27%,1%,"5,70 €/g",Auf Lager,https://greenmedical.health/de/cannabis/flower/n_ce_27_1_km-kush_mint?deliveryTarget=cGhhcm1hY3k6fDo5MGFjZWYyZi1lYjU3LTQ5MDQtOGEzMS0xMTQyYTAwZGQyZDI%3D#reviews
420brokkoli,33100,Paderborn,Big Purple Dragon,Weeco 26/1,Hybrid,26%,1%,"4,49 €/g",Auf Lager,https://greenmedical.health/de/cannabis/flower/weeco_26_1-big_purple_dragon?deliveryTarget=cGhhcm1hY3k6fDo5MGFjZWYyZi1lYjU3LTQ5MDQtOGEzMS0xMTQyYTAwZGQyZDI%3D#reviews
420brokkoli,33100,Paderborn,Frozen Lemon Mints,420 Evolution 30/1 FLM CA,Sativa,30%,<1%,"7,49 €/g",Auf Lager,https://greenmedical.health/de/cannabis/flower/420_evolution_30_1_flm_ca-frozen_lemon_mints?deliveryTarget=cGhhcm1hY3k6fDo5MGFjZWYyZi1lYjU3LTQ5MDQtOGEzMS0xMTQyYTAwZGQyZDI%3D#reviews
420brokkoli,33100,Paderborn,Black Lime,N!CE 29/1 BL,Hybrid,29%,1%,"4,49 €/g",Auf Lager,https://greenmedical.health/de/cannabis/flower/n_ce_29_1_bl-black_lime?deliveryTarget=cGhhcm1hY3k6fDo5MGFjZWYyZi1lYjU3LTQ5MDQtOGEzMS0xMTQyYTAwZGQyZDI%3D#reviews
420brokkoli,33100,Paderborn,Black Cherry Punch,THC AKUT MG 24 BCP,Hybrid Indica Dominant,24%,1%,"4,74 €/g",Auf Lager,https://greenmedical.health/de/cannabis/flower/thc_akut_mg_24_bcp-black_cherry_punch?deliveryTarget=cGhhcm1hY3k6fDo5MGFjZWYyZi1lYjU3LTQ5MDQtOGEzMS0xMTQyYTAwZGQyZDI%3D#reviews
420brokkoli,33100,Paderborn,Gorilla Glue,420 Natural 25/1 CA GG4,Hybrid,25%,<1%,"6,49 €/g",Auf Lager,https://greenmedical.health/de/cannabis/flower/420-natural-25-1-ca-gg4-gorilla-glue?deliveryTarget=cGhhcm1hY3k6fDo5MGFjZWYyZi1lYjU3LTQ5MDQtOGEzMS0xMTQyYTAwZGQyZDI%3D#reviews
420brokkoli,33100,Paderborn,Tropical Meltdown,enua 30/1 TPM CA,Hybrid,30%,1%,"5,99 €/g",Auf Lager,https://greenmedical.health/de/cannabis/flower/enua_30_1_tpm_ca-tropical_meltdown?deliveryTarget=cGhhcm1hY3k6fDo5MGFjZWYyZi1lYjU3LTQ5MDQtOGEzMS0xMTQyYTAwZGQyZDI%3D#reviews
420brokkoli,33100,Paderborn,Roma,IMC RO THC25,Hybrid Indica Dominant,25%,1%,"3,99 €/g",NEU,https://greenmedical.health/de/cannabis/flower/imc_ro_thc25-roma?deliveryTarget=cGhhcm1hY3k6fDo5MGFjZWYyZi1lYjU3LTQ5MDQtOGEzMS0xMTQyYTAwZGQyZDI%3D#reviews
420brokkoli,33100,Paderborn,Blueberry Bananas,Vasco x Cipher BB 28/1,Hybrid Indica Dominant,28%,1%,"10,49 €/g",Auf Lager,https://greenmedical.health/de/cannabis/flower/vasco_x_cipher_bb_28_1_blueberry_banana-blueberry_bananas?deliveryTarget=cGhhcm1hY3k6fDo5MGFjZWYyZi1lYjU3LTQ5MDQtOGEzMS0xMTQyYTAwZGQyZDI%3D#reviews
420brokkoli,33100,Paderborn,Super Lemon Haze,Cannamedical Sativa Forte,Hybrid,24%,0.1%,"6,66 €/g",Auf Lager,https://greenmedical.health/de/cannabis/flower/cannamedical_sativa_forte-oz_kush_x_coffin_candy?deliveryTarget=cGhhcm1hY3k6fDo5MGFjZWYyZi1lYjU3LTQ5MDQtOGEzMS0xMTQyYTAwZGQyZDI%3D#reviews
420brokkoli,33100,Paderborn,Jungle Fumes,enua 33/1 JGF,Hybrid Sativa Dominant,33%,<1%,"5,99 €/g",Auf Lager,https://greenmedical.health/de/cannabis/flower/enua_33_1_jgf-jungle_fumes?deliveryTarget=cGhhcm1hY3k6fDo5MGFjZWYyZi1lYjU3LTQ5MDQtOGEzMS0xMTQyYTAwZGQyZDI%3D#reviews
420brokkoli,33100,Paderborn,Glitter Bomb,MGF GBO 26/1,Hybrid Indica Dominant,26%,1%,"4,69 €/g",Auf Lager,https://greenmedical.health/de/cannabis/flower/mgf_gbo_26_1-glitter_bomb?deliveryTarget=cGhhcm1hY3k6fDo5MGFjZWYyZi1lYjU3LTQ5MDQtOGEzMS0xMTQyYTAwZGQyZDI%3D#reviews
420brokkoli,33100,Paderborn,Triangle Octane,Remexian 28/1 CRF TO,Hybrid Indica Dominant,28%,1%,"4,99 €/g",Auf Lager,https://greenmedical.health/de/cannabis/flower/remexian_28_1_crf_to-triangle_octane?deliveryTarget=cGhhcm1hY3k6fDo5MGFjZWYyZi1lYjU3LTQ5MDQtOGEzMS0xMTQyYTAwZGQyZDI%3D#reviews
420brokkoli,33100,Paderborn,Cosmic Candy,Remexian 33/1 GJY CCA,Hybrid,33%,1%,"6,99 €/g",NEU,https://greenmedical.health/de/cannabis/flower/remexian_33_1_gjy_cca-cosmic_candy?deliveryTarget=cGhhcm1hY3k6fDo5MGFjZWYyZi1lYjU3LTQ5MDQtOGEzMS0xMTQyYTAwZGQyZDI%3D#reviews
420brokkoli,33100,Paderborn,Strawberry Haze,Slouu 22/1 AGM CA SBH,Hybrid,22%,1%,"4,49 €/g",Auf Lager,https://greenmedical.health/de/cannabis/flower/slouu_22_1_agm_ca_sbh-strawberry_haze?deliveryTarget=cGhhcm1hY3k6fDo5MGFjZWYyZi1lYjU3LTQ5MDQtOGEzMS0xMTQyYTAwZGQyZDI%3D#reviews
420brokkoli,33100,Paderborn,Kali Lime Pie,Coyote Valley 24/1 KLP,Hybrid,24%,1%,"4,49 €/g",Auf Lager,https://greenmedical.health/de/cannabis/flower/coyote_valley_24_1_klp-kali_lime_pie?deliveryTarget=cGhhcm1hY3k6fDo5MGFjZWYyZi1lYjU3LTQ5MDQtOGEzMS0xMTQyYTAwZGQyZDI%3D#reviews
420brokkoli,33100,Paderborn,Outdoor OG Kush,IMC OOG THC28,Hybrid Indica Dominant,28%,<1%,"4,49 €/g",Auf Lager,https://greenmedical.health/de/cannabis/flower/imc_oog_thc28-outdoor_og_kush?deliveryTarget=cGhhcm1hY3k6fDo5MGFjZWYyZi1lYjU3LTQ5MDQtOGEzMS0xMTQyYTAwZGQyZDI%3D#reviews
420brokkoli,33100,Paderborn,Hawaiian Rain,Cookies 2.0 Hawaiian Rain 28/1 CAN,Hybrid,28%,1%,"7,49 €/g",Auf Lager,https://greenmedical.health/de/cannabis/flower/cookies_2_0_hawaiian_rain_28_1_can-hawaiian_rain?deliveryTarget=cGhhcm1hY3k6fDo5MGFjZWYyZi1lYjU3LTQ5MDQtOGEzMS0xMTQyYTAwZGQyZDI%3D#reviews
420brokkoli,33100,Paderborn,Frosted Lemon Angel,Weeco 27/1 FLA,Hybrid,27%,1%,"5,99 €/g",Auf Lager,https://greenmedical.health/de/cannabis/flower/weeco_27_1_fla-frosted_lemon_angel?deliveryTarget=cGhhcm1hY3k6fDo5MGFjZWYyZi1lYjU3LTQ5MDQtOGEzMS0xMTQyYTAwZGQyZDI%3D#reviews
420brokkoli,33100,Paderborn,Basotho Even,Canify Cannabis flos 10/12 LS Ku.,Hybrid,10%,12%,"7,49 €/g",Auf Lager,https://greenmedical.health/de/cannabis/flower/canify_cannabis_flos_10_12_ls_ku_-basotho_even?deliveryTarget=cGhhcm1hY3k6fDo5MGFjZWYyZi1lYjU3LTQ5MDQtOGEzMS0xMTQyYTAwZGQyZDI%3D#reviews
420brokkoli,33100,Paderborn,Blue Lobster,enua 27/1 Blue L CA,Hybrid Indica Dominant,27%,1%,"8,49 €/g",Auf Lager,https://greenmedical.health/de/cannabis/flower/enua_27_1_blue_l_ca-berry_artic_gelato?deliveryTarget=cGhhcm1hY3k6fDo5MGFjZWYyZi1lYjU3LTQ5MDQtOGEzMS0xMTQyYTAwZGQyZDI%3D#reviews
420brokkoli,33100,Paderborn,Holy Mints,Huala 20/1 CA HOM,Hybrid Indica Dominant,20%,1%,"4,99 €/g",Auf Lager,https://greenmedical.health/de/cannabis/flower/huala_20_1_ca_hom-holy_mints?deliveryTarget=cGhhcm1hY3k6fDo5MGFjZWYyZi1lYjU3LTQ5MDQtOGEzMS0xMTQyYTAwZGQyZDI%3D#reviews
420brokkoli,33100,Paderborn,White Widow,AMP Classic 18/1,Hybrid,18%,<1%,"4,99 €/g",Auf Lager,https://greenmedical.health/de/cannabis/flower/amp-classic-18-1-white-widow?deliveryTarget=cGhhcm1hY3k6fDo5MGFjZWYyZi1lYjU3LTQ5MDQtOGEzMS0xMTQyYTAwZGQyZDI%3D#reviews
420brokkoli,33100,Paderborn,Cinderella Mintz,Buuo 30/1 CNM,Hybrid,30%,1%,"5,44 €/g",Auf Lager,https://greenmedical.health/de/cannabis/flower/buuo_30_1_cnm-cinderella_mintz?deliveryTarget=cGhhcm1hY3k6fDo5MGFjZWYyZi1lYjU3LTQ5MDQtOGEzMS0xMTQyYTAwZGQyZDI%3D#reviews
420brokkoli,33100,Paderborn,Medellin,Cookies 26/1 MD,Indica,26%,1%,"6,94 €/g",Auf Lager,https://greenmedical.health/de/cannabis/flower/cookies_26_1_md-medellin?deliveryTarget=cGhhcm1hY3k6fDo5MGFjZWYyZi1lYjU3LTQ5MDQtOGEzMS0xMTQyYTAwZGQyZDI%3D#reviews
420brokkoli,33100,Paderborn,Garlic Budder,madrecan 27/1 GB9,Hybrid,27%,<1%,"4,99 €/g",Auf Lager,https://greenmedical.health/de/cannabis/flower/madrecan_27_1_gb9-garlic_budder?deliveryTarget=cGhhcm1hY3k6fDo5MGFjZWYyZi1lYjU3LTQ5MDQtOGEzMS0xMTQyYTAwZGQyZDI%3D#reviews
420brokkoli,33100,Paderborn,White Walker,N!CE 25/1 WW,Hybrid,25%,1%,"5,49 €/g",NEU,https://greenmedical.health/de/cannabis/flower/n_ce_25_1_ww-white_walker?deliveryTarget=cGhhcm1hY3k6fDo5MGFjZWYyZi1lYjU3LTQ5MDQtOGEzMS0xMTQyYTAwZGQyZDI%3D#reviews
420brokkoli,33100,Paderborn,Ozark,N!CE 30/1 OZK,Hybrid Sativa Dominant,30%,1%,"4,99 €/g",Auf Lager,https://greenmedical.health/de/cannabis/flower/n_ce_30_1_ozk-ozark?deliveryTarget=cGhhcm1hY3k6fDo5MGFjZWYyZi1lYjU3LTQ5MDQtOGEzMS0xMTQyYTAwZGQyZDI%3D#reviews
420brokkoli,33100,Paderborn,Siggis Holunderblüte,Siggis HBLT 22:01,Hybrid Indica Dominant,22%,1%,"8,49 €/g",NEU,https://greenmedical.health/de/cannabis/flower/siggis_hblt_22_01-siggis_holunderbluete?deliveryTarget=cGhhcm1hY3k6fDo5MGFjZWYyZi1lYjU3LTQ5MDQtOGEzMS0xMTQyYTAwZGQyZDI%3D#reviews
420brokkoli,33100,Paderborn,Frosted Boof,Upstate 26/1 FB,Hybrid,26%,1%,"5,89 €/g",Auf Lager,https://greenmedical.health/de/cannabis/flower/upstate_26_1_fb-frosted_boof?deliveryTarget=cGhhcm1hY3k6fDo5MGFjZWYyZi1lYjU3LTQ5MDQtOGEzMS0xMTQyYTAwZGQyZDI%3D#reviews
420brokkoli,33100,Paderborn,Humboldt Poundcake,Upstate 26/1 HP,Hybrid,26%,1%,"4,49 €/g",Auf Lager,https://greenmedical.health/de/cannabis/flower/upstate_26_1_hp-humboldt_poundcake?deliveryTarget=cGhhcm1hY3k6fDo5MGFjZWYyZi1lYjU3LTQ5MDQtOGEzMS0xMTQyYTAwZGQyZDI%3D#reviews
420brokkoli,33100,Paderborn,RS11,187 Cannabisflower RS11 THC 25,Hybrid Indica Dominant,25%,1%,"5,99 €/g",Auf Lager,https://greenmedical.health/de/cannabis/flower/187_cannabisflower_rs11_thc_25-rs11?deliveryTarget=cGhhcm1hY3k6fDo5MGFjZWYyZi1lYjU3LTQ5MDQtOGEzMS0xMTQyYTAwZGQyZDI%3D#reviews
420brokkoli,33100,Paderborn,Super Lemon G,420 Balanced Basic PT SLG,Sativa,5.6%,6.8%,"6,99 €/g",Auf Lager,https://greenmedical.health/de/cannabis/flower/420_balanced_basic_pt_slg-super_lemon_g?deliveryTarget=cGhhcm1hY3k6fDo5MGFjZWYyZi1lYjU3LTQ5MDQtOGEzMS0xMTQyYTAwZGQyZDI%3D#reviews
420brokkoli,33100,Paderborn,Double Z,Nimbus easy 20/1,Hybrid,20%,1%,"3,99 €/g",Auf Lager,https://greenmedical.health/de/cannabis/flower/nimbus_easy_20_1-double_z?deliveryTarget=cGhhcm1hY3k6fDo5MGFjZWYyZi1lYjU3LTQ5MDQtOGEzMS0xMTQyYTAwZGQyZDI%3D#reviews
420brokkoli,33100,Paderborn,Wedding Tree,Cannamedical Sativa Forte NM - Wedding Tree,Hybrid,24%,1%,"9,52 €/g",Auf Lager,https://greenmedical.health/de/cannabis/flower/cannamedical-sativa-forte-nm-wedding-tree-wedding-tree?deliveryTarget=cGhhcm1hY3k6fDo5MGFjZWYyZi1lYjU3LTQ5MDQtOGEzMS0xMTQyYTAwZGQyZDI%3D#reviews
420brokkoli,33100,Paderborn,Biscotti,187 Cannabisflower BSCT THC22,Hybrid Indica Dominant,22%,1%,"5,59 €/g",Auf Lager,https://greenmedical.health/de/cannabis/flower/187_cannabisflower_bsct_thc22-biscotti?deliveryTarget=cGhhcm1hY3k6fDo5MGFjZWYyZi1lYjU3LTQ5MDQtOGEzMS0xMTQyYTAwZGQyZDI%3D#reviews
420brokkoli,33100,Paderborn,Phantasia Purp,187 Cannabisflower PPP THC22,Hybrid Indica Dominant,22%,1%,"4,99 €/g",Auf Lager,https://greenmedical.health/de/cannabis/flower/187_cannabisflower_ppp_thc22-phantasia_purp?deliveryTarget=cGhhcm1hY3k6fDo5MGFjZWYyZi1lYjU3LTQ5MDQtOGEzMS0xMTQyYTAwZGQyZDI%3D#reviews
420brokkoli,33100,Paderborn,Gelato OG,CherryCo 23/01 GOG-K,Hybrid Indica Dominant,23%,1%,"4,99 €/g",Auf Lager,https://greenmedical.health/de/cannabis/flower/cherryco_23_01_gog_k-gelato_og?deliveryTarget=cGhhcm1hY3k6fDo5MGFjZWYyZi1lYjU3LTQ5MDQtOGEzMS0xMTQyYTAwZGQyZDI%3D#reviews
420brokkoli,33100,Paderborn,Banana Runtz,CRQSH BNTZ 30/1,Hybrid Indica Dominant,30%,1%,"7,98 €/g",Auf Lager,https://greenmedical.health/de/cannabis/flower/crqsh_bntz_30_1-banana_runtz?deliveryTarget=cGhhcm1hY3k6fDo5MGFjZWYyZi1lYjU3LTQ5MDQtOGEzMS0xMTQyYTAwZGQyZDI%3D#reviews
420brokkoli,33100,Paderborn,Forbidden Punch,187 Cannabisflower FPB THC25,Hybrid Indica Dominant,25%,1%,"6,49 €/g",Auf Lager,https://greenmedical.health/de/cannabis/flower/187_cannabisflower_fpb_thc25-forbidden_punch?deliveryTarget=cGhhcm1hY3k6fDo5MGFjZWYyZi1lYjU3LTQ5MDQtOGEzMS0xMTQyYTAwZGQyZDI%3D#reviews
420brokkoli,33100,Paderborn,Phantasia Purp,187 Cannabisflower PPP THC22 classics,Hybrid Indica Dominant,22%,1%,"4,79 €/g",Auf Lager,https://greenmedical.health/de/cannabis/flower/187_cannabisflower_ppp_thc22_classics-phantasia_purp?deliveryTarget=cGhhcm1hY3k6fDo5MGFjZWYyZi1lYjU3LTQ5MDQtOGEzMS0xMTQyYTAwZGQyZDI%3D#reviews
420brokkoli,33100,Paderborn,Ultra Coconut,ADREX Dank Craft 28 UC CAN,Hybrid Sativa Dominant,28%,1%,"4,79 €/g",NEU,https://greenmedical.health/de/cannabis/flower/adrex_dank_craft_28_uc_can-ultra_coconut?deliveryTarget=cGhhcm1hY3k6fDo5MGFjZWYyZi1lYjU3LTQ5MDQtOGEzMS0xMTQyYTAwZGQyZDI%3D#reviews
420brokkoli,33100,Paderborn,Khalifa Mints,AVAAY Khalifa 28/1 KM,Hybrid Sativa Dominant,28%,1%,"9,49 €/g",Auf Lager,https://greenmedical.health/de/cannabis/flower/avaay_khalifa_28_1_km-khalifa_mints?deliveryTarget=cGhhcm1hY3k6fDo5MGFjZWYyZi1lYjU3LTQ5MDQtOGEzMS0xMTQyYTAwZGQyZDI%3D#reviews
420brokkoli,33100,Paderborn,Gas Monkey,CRQSH GKY 30/1,Hybrid Indica Dominant,30%,1%,"7,98 €/g",Auf Lager,https://greenmedical.health/de/cannabis/flower/crqsh_gky_30_1-gas_monkey?deliveryTarget=cGhhcm1hY3k6fDo5MGFjZWYyZi1lYjU3LTQ5MDQtOGEzMS0xMTQyYTAwZGQyZDI%3D#reviews
420brokkoli,33100,Paderborn,Pink Kush,enua 30/1 PS3 PNK,Hybrid,30%,1%,"5,44 €/g",Auf Lager,https://greenmedical.health/de/cannabis/flower/enua_30_1_ps3_pnk-pink_kush?deliveryTarget=cGhhcm1hY3k6fDo5MGFjZWYyZi1lYjU3LTQ5MDQtOGEzMS0xMTQyYTAwZGQyZDI%3D#reviews
420brokkoli,33100,Paderborn,Fight Club,Vertical 7 36/1 FCL,Hybrid,36%,1%,"8,99 €/g",NEU,https://greenmedical.health/de/cannabis/flower/vertical_7_36_1_fcl-fight_club?deliveryTarget=cGhhcm1hY3k6fDo5MGFjZWYyZi1lYjU3LTQ5MDQtOGEzMS0xMTQyYTAwZGQyZDI%3D#reviews
420brokkoli,33100,Paderborn,Chemdawg,Origine Nature CHEM 29/1,Hybrid Sativa Dominant,29%,<1%,"6,49 €/g",NEU,https://greenmedical.health/de/cannabis/flower/origine_nature_chem_29_1-chemdawg?deliveryTarget=cGhhcm1hY3k6fDo5MGFjZWYyZi1lYjU3LTQ5MDQtOGEzMS0xMTQyYTAwZGQyZDI%3D#reviews
420brokkoli,33100,Paderborn,Cookies OZ,Slouu 33/1 COZ CA,Hybrid Indica Dominant,33%,1%,"6,49 €/g",NEU,https://greenmedical.health/de/cannabis/flower/slouu_33_1_coz_ca-cookies_oz?deliveryTarget=cGhhcm1hY3k6fDo5MGFjZWYyZi1lYjU3LTQ5MDQtOGEzMS0xMTQyYTAwZGQyZDI%3D#reviews
420brokkoli,33100,Paderborn,Cap Junky,CRQSH CPJs 33/1,Hybrid,33%,1%,"5,95 €/g",Auf Lager,https://greenmedical.health/de/cannabis/flower/crqsh_cpjs_33_1-cap_junky?deliveryTarget=cGhhcm1hY3k6fDo5MGFjZWYyZi1lYjU3LTQ5MDQtOGEzMS0xMTQyYTAwZGQyZDI%3D#reviews
MYCANNABIS (360 Grad Apotheke),40589,Düsseldorf,Sour Ape,Luana 24/1 APE,Hybrid,22%,1%,"5,99 €/g",Auf Lager,https://greenmedical.health/de/cannabis/flower/luana_24_1_ape-sour_ape?deliveryTarget=cGhhcm1hY3k6fDoyNGRkZmRlZi1iODBkLTQ2M2QtYWEyYy03OGQxNmVmMWVkZjA%3D#reviews
MYCANNABIS (360 Grad Apotheke),40589,Düsseldorf,Ultra Dosed Candy,Barongo 24/1 LAX,Hybrid Indica Dominant,24%,1%,"7,49 €/g",Auf Lager,https://greenmedical.health/de/cannabis/flower/barongo_24_1_lax-ultra_dosed_candy?deliveryTarget=cGhhcm1hY3k6fDoyNGRkZmRlZi1iODBkLTQ2M2QtYWEyYy03OGQxNmVmMWVkZjA%3D#reviews
MYCANNABIS (360 Grad Apotheke),40589,Düsseldorf,Killer Cupcake,IUVO 22/1 OC,Hybrid,22%,1%,"8,99 €/g",Auf Lager,https://greenmedical.health/de/cannabis/flower/iuvo_22_1_oc-killer_cupcake?deliveryTarget=cGhhcm1hY3k6fDoyNGRkZmRlZi1iODBkLTQ2M2QtYWEyYy03OGQxNmVmMWVkZjA%3D#reviews
MYCANNABIS (360 Grad Apotheke),40589,Düsseldorf,Waffle Bites,AVAAY Signature 28/1 WB,Indica,28%,<1%,"7,84 €/g",Auf Lager,https://greenmedical.health/de/cannabis/flower/avaay-signature-28-1-wb-waffle-bites?deliveryTarget=cGhhcm1hY3k6fDoyNGRkZmRlZi1iODBkLTQ2M2QtYWEyYy03OGQxNmVmMWVkZjA%3D#reviews
MYCANNABIS (360 Grad Apotheke),40589,Düsseldorf,Tangrini,ZOIKS 26/1 TG,Hybrid Sativa Dominant,26%,1%,"4,83 €/g",Auf Lager,https://greenmedical.health/de/cannabis/flower/zoiks_26_1_tg-tangrini?deliveryTarget=cGhhcm1hY3k6fDoyNGRkZmRlZi1iODBkLTQ2M2QtYWEyYy03OGQxNmVmMWVkZjA%3D#reviews
MYCANNABIS (360 Grad Apotheke),40589,Düsseldorf,Wedding Tree,Cannamedical Sativa Forte NM,Hybrid,24%,<1%,"8,99 €/g",Auf Lager,https://greenmedical.health/de/cannabis/flower/cannamedical_sativa_forte_nm-wedding_tree?deliveryTarget=cGhhcm1hY3k6fDoyNGRkZmRlZi1iODBkLTQ2M2QtYWEyYy03OGQxNmVmMWVkZjA%3D#reviews
MYCANNABIS (360 Grad Apotheke),40589,Düsseldorf,Chemango Kush,Pedanios 28/1 CMK-CA,Hybrid Indica Dominant,28%,1%,"6,99 €/g",Auf Lager,https://greenmedical.health/de/cannabis/flower/pedanios_28_1_cmk_ca-chemango_kush?deliveryTarget=cGhhcm1hY3k6fDoyNGRkZmRlZi1iODBkLTQ2M2QtYWEyYy03OGQxNmVmMWVkZjA%3D#reviews
MYCANNABIS (360 Grad Apotheke),40589,Düsseldorf,Blue Lobster,Vasco x Cipher BL,Hybrid Indica Dominant,23.4%,<1%,"9,99 €/g",Auf Lager,https://greenmedical.health/de/cannabis/flower/vasco_x_cipher_bl-blue_lobster?deliveryTarget=cGhhcm1hY3k6fDoyNGRkZmRlZi1iODBkLTQ2M2QtYWEyYy03OGQxNmVmMWVkZjA%3D#reviews
MYCANNABIS (360 Grad Apotheke),40589,Düsseldorf,Sun Lemon Diesel,ZOIKS 22/1 SLD,Hybrid,22%,1%,"4,49 €/g",Auf Lager,https://greenmedical.health/de/cannabis/flower/zoiks_22_1_sld-sun_lemon_diesel?deliveryTarget=cGhhcm1hY3k6fDoyNGRkZmRlZi1iODBkLTQ2M2QtYWEyYy03OGQxNmVmMWVkZjA%3D#reviews
MYCANNABIS (360 Grad Apotheke),40589,Düsseldorf,Lemon Cookies,Cannamedical Hybrid Ultra BC,Hybrid,28%,<1%,"6,99 €/g",Auf Lager,https://greenmedical.health/de/cannabis/flower/cannamedical_hybrid_ultra_bc-lemon_cookies?deliveryTarget=cGhhcm1hY3k6fDoyNGRkZmRlZi1iODBkLTQ2M2QtYWEyYy03OGQxNmVmMWVkZjA%3D#reviews
MYCANNABIS (360 Grad Apotheke),40589,Düsseldorf,Medellin,Origine Nature MED 32/1,Hybrid,32%,1%,"6,99 €/g",Auf Lager,https://greenmedical.health/de/cannabis/flower/origine_nature_med_32_1-medellin?deliveryTarget=cGhhcm1hY3k6fDoyNGRkZmRlZi1iODBkLTQ2M2QtYWEyYy03OGQxNmVmMWVkZjA%3D#reviews
MYCANNABIS (360 Grad Apotheke),40589,Düsseldorf,Basotho Even,Canify Cannabis flos 8/9 LS Ku.,Hybrid,8%,9%,"7,99 €/g",Auf Lager,https://greenmedical.health/de/cannabis/flower/canify_cannabis_flos_8_9_ls_ku_-basotho_even?deliveryTarget=cGhhcm1hY3k6fDoyNGRkZmRlZi1iODBkLTQ2M2QtYWEyYy03OGQxNmVmMWVkZjA%3D#reviews
MYCANNABIS (360 Grad Apotheke),40589,Düsseldorf,Azzai,ZOIKS 22/1 AZZ,Hybrid,22%,1%,"3,99 €/g",Auf Lager,https://greenmedical.health/de/cannabis/flower/zoiks_22_1_azz-azzai?deliveryTarget=cGhhcm1hY3k6fDoyNGRkZmRlZi1iODBkLTQ2M2QtYWEyYy03OGQxNmVmMWVkZjA%3D#reviews
MYCANNABIS (360 Grad Apotheke),40589,Düsseldorf,Girl Scout Cookies,Luana 20/1 GSC,Hybrid,20%,1%,"3,85 €/g",Auf Lager,https://greenmedical.health/de/cannabis/flower/luana_20_1_gsc-girl_scout_cookies?deliveryTarget=cGhhcm1hY3k6fDoyNGRkZmRlZi1iODBkLTQ2M2QtYWEyYy03OGQxNmVmMWVkZjA%3D#reviews
MYCANNABIS (360 Grad Apotheke),40589,Düsseldorf,Mac’s Cookies,AVAAY 26/1 MCO,Hybrid,26%,1%,"7,99 €/g",Auf Lager,https://greenmedical.health/de/cannabis/flower/avaay_26_1_mco-mac_s_cookies?deliveryTarget=cGhhcm1hY3k6fDoyNGRkZmRlZi1iODBkLTQ2M2QtYWEyYy03OGQxNmVmMWVkZjA%3D#reviews
MYCANNABIS (360 Grad Apotheke),40589,Düsseldorf,Miracle Alien Cookies (MAC),MAC 1+,Hybrid,25.8%,1%,"6,79 €/g",Auf Lager,https://greenmedical.health/de/cannabis/flower/mac_1_-miracle_alien_cookies?deliveryTarget=cGhhcm1hY3k6fDoyNGRkZmRlZi1iODBkLTQ2M2QtYWEyYy03OGQxNmVmMWVkZjA%3D#reviews
MYCANNABIS (360 Grad Apotheke),40589,Düsseldorf,Modified Gas,Green Karat MG 29/1,Hybrid,29%,1%,"7,49 €/g",Auf Lager,https://greenmedical.health/de/cannabis/flower/green_karat_mg_29_1-modified_gas?deliveryTarget=cGhhcm1hY3k6fDoyNGRkZmRlZi1iODBkLTQ2M2QtYWEyYy03OGQxNmVmMWVkZjA%3D#reviews
MYCANNABIS (360 Grad Apotheke),40589,Düsseldorf,Diablo’s Dream,Cresco RST 33/1,Hybrid Indica Dominant,33%,1%,"7,99 €/g",NEU,https://greenmedical.health/de/cannabis/flower/cresco_rst_33_1-diablo_s_dream?deliveryTarget=cGhhcm1hY3k6fDoyNGRkZmRlZi1iODBkLTQ2M2QtYWEyYy03OGQxNmVmMWVkZjA%3D#reviews
MYCANNABIS (360 Grad Apotheke),40589,Düsseldorf,Space Rider,ZOIKS 22/1 SR,Hybrid Indica Dominant,22%,1%,"3,99 €/g",Auf Lager,https://greenmedical.health/de/cannabis/flower/zoiks_22_1_sr-space_rider?deliveryTarget=cGhhcm1hY3k6fDoyNGRkZmRlZi1iODBkLTQ2M2QtYWEyYy03OGQxNmVmMWVkZjA%3D#reviews
MYCANNABIS (360 Grad Apotheke),40589,Düsseldorf,Banana Cream Cake,Cannamedical Indica Forte BC,Hybrid,24.7%,1%,"5,99 €/g",Auf Lager,https://greenmedical.health/de/cannabis/flower/cannamedical_indica_forte_bc-banana_cream_cake?deliveryTarget=cGhhcm1hY3k6fDoyNGRkZmRlZi1iODBkLTQ2M2QtYWEyYy03OGQxNmVmMWVkZjA%3D#reviews
MYCANNABIS (360 Grad Apotheke),40589,Düsseldorf,Birthday Cake,Buuo 30/1 BDC,Hybrid Indica Dominant,30%,1%,"5,99 €/g",NEU,https://greenmedical.health/de/cannabis/flower/buuo_30_1_bdc-birthday_cake?deliveryTarget=cGhhcm1hY3k6fDoyNGRkZmRlZi1iODBkLTQ2M2QtYWEyYy03OGQxNmVmMWVkZjA%3D#reviews
MYCANNABIS (360 Grad Apotheke),40589,Düsseldorf,Chemango Kush,Pedanios 31/1 CMK-CA,Hybrid Indica Dominant,28.5%,<1%,"7,29 €/g",Auf Lager,https://greenmedical.health/de/cannabis/flower/pedanios_31_1_cmk_ca-chemango_kush?deliveryTarget=cGhhcm1hY3k6fDoyNGRkZmRlZi1iODBkLTQ2M2QtYWEyYy03OGQxNmVmMWVkZjA%3D#reviews
MYCANNABIS (360 Grad Apotheke),40589,Düsseldorf,Afina,Bedrocan Forte 25/1,Hybrid,25%,<1%,"9,49 €/g",Auf Lager,https://greenmedical.health/de/cannabis/flower/bedrocan_forte_25_1-afina?deliveryTarget=cGhhcm1hY3k6fDoyNGRkZmRlZi1iODBkLTQ2M2QtYWEyYy03OGQxNmVmMWVkZjA%3D#reviews
MYCANNABIS (360 Grad Apotheke),40589,Düsseldorf,Grizzly Glue,Coyote Valley 24/1 GRG,Hybrid Indica Dominant,24%,1%,"3,99 €/g",NEU,https://greenmedical.health/de/cannabis/flower/coyote_valley_24_1_grg-grizzly_glue?deliveryTarget=cGhhcm1hY3k6fDoyNGRkZmRlZi1iODBkLTQ2M2QtYWEyYy03OGQxNmVmMWVkZjA%3D#reviews
MYCANNABIS (360 Grad Apotheke),40589,Düsseldorf,Temptation,IUVO 24/1 OC,Hybrid,24%,<1%,"8,99 €/g",Auf Lager,https://greenmedical.health/de/cannabis/flower/iuvo_24_1_oc-temptation?deliveryTarget=cGhhcm1hY3k6fDoyNGRkZmRlZi1iODBkLTQ2M2QtYWEyYy03OGQxNmVmMWVkZjA%3D#reviews
MYCANNABIS (360 Grad Apotheke),40589,Düsseldorf,Rainbow Milkshake Popstar,Buuo 24/1 RBM,Hybrid,24%,1%,"4,99 €/g",Auf Lager,https://greenmedical.health/de/cannabis/flower/buuo_24_1_rbm-rainbow_milkshake_popstar?deliveryTarget=cGhhcm1hY3k6fDoyNGRkZmRlZi1iODBkLTQ2M2QtYWEyYy03OGQxNmVmMWVkZjA%3D#reviews
MYCANNABIS (360 Grad Apotheke),40589,Düsseldorf,Banana Bonbon,Buuo 24/1 BBB,Hybrid,24%,1%,"4,99 €/g",Auf Lager,https://greenmedical.health/de/cannabis/flower/buuo_24_1_bbb-banana_bonbon?deliveryTarget=cGhhcm1hY3k6fDoyNGRkZmRlZi1iODBkLTQ2M2QtYWEyYy03OGQxNmVmMWVkZjA%3D#reviews
MYCANNABIS (360 Grad Apotheke),40589,Düsseldorf,Sour Blue Lemon,Buuo 24/1 SBLM,Hybrid,24%,1%,"4,99 €/g",Auf Lager,https://greenmedical.health/de/cannabis/flower/buuo_24_1_sblm-sour_blue_lemon?deliveryTarget=cGhhcm1hY3k6fDoyNGRkZmRlZi1iODBkLTQ2M2QtYWEyYy03OGQxNmVmMWVkZjA%3D#reviews
MYCANNABIS (360 Grad Apotheke),40589,Düsseldorf,Frosted Cookies Popstars,Buuo 26/1 FRC,Hybrid Indica Dominant,26%,1%,"4,49 €/g",NEU,https://greenmedical.health/de/cannabis/flower/buuo_26_1_frc-frosted_cookies_popstars?deliveryTarget=cGhhcm1hY3k6fDoyNGRkZmRlZi1iODBkLTQ2M2QtYWEyYy03OGQxNmVmMWVkZjA%3D#reviews
MYCANNABIS (360 Grad Apotheke),40589,Düsseldorf,Pavé S1,Green Karat PV 26/1,Hybrid,26%,<1%,"5,99 €/g",Auf Lager,https://greenmedical.health/de/cannabis/flower/green_karat_pv_26_1-pav_s1?deliveryTarget=cGhhcm1hY3k6fDoyNGRkZmRlZi1iODBkLTQ2M2QtYWEyYy03OGQxNmVmMWVkZjA%3D#reviews
MYCANNABIS (360 Grad Apotheke),40589,Düsseldorf,Pinewood Kush,Coyote Valley 22/1 PWK,Hybrid,22%,1%,"3,99 €/g",NEU,https://greenmedical.health/de/cannabis/flower/coyote_valley_22_1_pwk-pinewood_kush?deliveryTarget=cGhhcm1hY3k6fDoyNGRkZmRlZi1iODBkLTQ2M2QtYWEyYy03OGQxNmVmMWVkZjA%3D#reviews
MYCANNABIS (360 Grad Apotheke),40589,Düsseldorf,Vegas Wedding Cake,CannGo 26/1 WG,Hybrid Indica Dominant,26%,1%,"6,99 €/g",Auf Lager,https://greenmedical.health/de/cannabis/flower/canngo_26_1_wg-pucker_up?deliveryTarget=cGhhcm1hY3k6fDoyNGRkZmRlZi1iODBkLTQ2M2QtYWEyYy03OGQxNmVmMWVkZjA%3D#reviews
MYCANNABIS (360 Grad Apotheke),40589,Düsseldorf,Sticky Bomb Liberty City,Coyote Valley 16/1 SBLI,Hybrid Indica Dominant,16%,1%,"3,99 €/g",Auf Lager,https://greenmedical.health/de/cannabis/flower/coyote_valley_16_1_sbli-sticky_bomb_liberty_city?deliveryTarget=cGhhcm1hY3k6fDoyNGRkZmRlZi1iODBkLTQ2M2QtYWEyYy03OGQxNmVmMWVkZjA%3D#reviews
MYCANNABIS (360 Grad Apotheke),40589,Düsseldorf,Blue Lobster,enua 30/1 Blue L CA,Hybrid Indica Dominant,28%,1%,"9,99 €/g",Auf Lager,https://greenmedical.health/de/cannabis/flower/enua_30_1_blue_l_ca-blue_lobster?deliveryTarget=cGhhcm1hY3k6fDoyNGRkZmRlZi1iODBkLTQ2M2QtYWEyYy03OGQxNmVmMWVkZjA%3D#reviews
MYCANNABIS (360 Grad Apotheke),40589,Düsseldorf,Gastro Popstars,Buuo 22/1 GP,Hybrid,22%,1%,"3,99 €/g",NEU,https://greenmedical.health/de/cannabis/flower/buuo_22_1_gp-gastro_popstars?deliveryTarget=cGhhcm1hY3k6fDoyNGRkZmRlZi1iODBkLTQ2M2QtYWEyYy03OGQxNmVmMWVkZjA%3D#reviews
MYCANNABIS (360 Grad Apotheke),40589,Düsseldorf,Gelat Skyfloater,Cannamedical Indica Forte DK 22/1,Hybrid Indica Dominant,22%,1%,"5,49 €/g",Auf Lager,https://greenmedical.health/de/cannabis/flower/cannamedical_indica_forte_dk_22_1-gelat_skyfloater?deliveryTarget=cGhhcm1hY3k6fDoyNGRkZmRlZi1iODBkLTQ2M2QtYWEyYy03OGQxNmVmMWVkZjA%3D#reviews
MYCANNABIS (360 Grad Apotheke),40589,Düsseldorf,Maple,Coyote Valley 22/1 MAP,Hybrid,22%,1%,"3,99 €/g",NEU,https://greenmedical.health/de/cannabis/flower/coyote_valley_22_1_map-maple?deliveryTarget=cGhhcm1hY3k6fDoyNGRkZmRlZi1iODBkLTQ2M2QtYWEyYy03OGQxNmVmMWVkZjA%3D#reviews
MYCANNABIS (360 Grad Apotheke),40589,Düsseldorf,Sugar Berry Sorbet,Slouu 27/1 PS3 CA SBS,Hybrid,27%,1%,"4,99 €/g",Auf Lager,https://greenmedical.health/de/cannabis/flower/slouu_27_1_ps3_ca_sbs-sugar_berry_sorbet?deliveryTarget=cGhhcm1hY3k6fDoyNGRkZmRlZi1iODBkLTQ2M2QtYWEyYy03OGQxNmVmMWVkZjA%3D#reviews
MYCANNABIS (360 Grad Apotheke),40589,Düsseldorf,Apples & Bananas,BC Green 14/1 A&B,Hybrid,14%,1%,"2,99 €/g",Auf Lager,https://greenmedical.health/de/cannabis/flower/bc_green_14_1_a_b-apples_bananas?deliveryTarget=cGhhcm1hY3k6fDoyNGRkZmRlZi1iODBkLTQ2M2QtYWEyYy03OGQxNmVmMWVkZjA%3D#reviews
MYCANNABIS (360 Grad Apotheke),40589,Düsseldorf,Pink Platinum Banana,BC Green PPB 20/1,Hybrid Indica Dominant,20%,1%,"3,49 €/g",Auf Lager,https://greenmedical.health/de/cannabis/flower/bc_green_pbb_20_1-pink_platinum_banana?deliveryTarget=cGhhcm1hY3k6fDoyNGRkZmRlZi1iODBkLTQ2M2QtYWEyYy03OGQxNmVmMWVkZjA%3D#reviews
MYCANNABIS (360 Grad Apotheke),40589,Düsseldorf,Candy Rain,Barongo 22/1 CDR,Hybrid Indica Dominant,22%,1%,"5,99 €/g",NEU,https://greenmedical.health/de/cannabis/flower/barongo_22_1_cdr-candy_rain?deliveryTarget=cGhhcm1hY3k6fDoyNGRkZmRlZi1iODBkLTQ2M2QtYWEyYy03OGQxNmVmMWVkZjA%3D#reviews
Alle Farben,49324,Melle,Sour Ape,Luana 24/1 APE,Hybrid,22%,1%,"6,29 €/g",Auf Lager,https://greenmedical.health/de/cannabis/flower/luana_24_1_ape-sour_ape?deliveryTarget=cGhhcm1hY3k6fDozOTFiNGY4Mi0xOTA0LTRkMzYtOGFmMS0xZTk1YzkxODc5MjA%3D#reviews
Alle Farben,49324,Melle,Cosmic Cream,Pedanios 31/1 COS-CA,Hybrid Indica Dominant,31%,<1%,"9,49 €/g",Auf Lager,https://greenmedical.health/de/cannabis/flower/pedanios-31-1-cos-ca-cosmic-cream-34e1?deliveryTarget=cGhhcm1hY3k6fDozOTFiNGY4Mi0xOTA0LTRkMzYtOGFmMS0xZTk1YzkxODc5MjA%3D#reviews
Alle Farben,49324,Melle,Afina,Bedrocan Cannabis Flos 22/1,Sativa,22%,<1%,"9,99 €/g",Auf Lager,https://greenmedical.health/de/cannabis/flower/bedrocan-afina?deliveryTarget=cGhhcm1hY3k6fDozOTFiNGY4Mi0xOTA0LTRkMzYtOGFmMS0xZTk1YzkxODc5MjA%3D#reviews
Alle Farben,49324,Melle,Sourdough,Pedanios 29/1 SRD-CA,Indica,29%,<1%,"7,49 €/g",Auf Lager,https://greenmedical.health/de/cannabis/flower/pedanios-29-1-srd-ca-sourdough-srd?deliveryTarget=cGhhcm1hY3k6fDozOTFiNGY4Mi0xOTA0LTRkMzYtOGFmMS0xZTk1YzkxODc5MjA%3D#reviews
Alle Farben,49324,Melle,Tubitti Frubitti,TANNENBUSCH 31/1 TF,Hybrid Indica Dominant,31%,<1%,"7,99 €/g",Auf Lager,https://greenmedical.health/de/cannabis/flower/tannenbusch_31_1_tf-tubitti_frubitti?deliveryTarget=cGhhcm1hY3k6fDozOTFiNGY4Mi0xOTA0LTRkMzYtOGFmMS0xZTk1YzkxODc5MjA%3D#reviews
Alle Farben,49324,Melle,Farm Gas (FRG),Pedanios 27/1 FRG-CA,Hybrid,27%,<1%,"6,99 €/g",Auf Lager,https://greenmedical.health/de/cannabis/flower/pedanios-27-1-frg-ca-farm-gas-frg?deliveryTarget=cGhhcm1hY3k6fDozOTFiNGY4Mi0xOTA0LTRkMzYtOGFmMS0xZTk1YzkxODc5MjA%3D#reviews
Alle Farben,49324,Melle,Chemango Kush,Pedanios 28/1 CMK-CA,Hybrid Indica Dominant,28%,1%,"7,99 €/g",Auf Lager,https://greenmedical.health/de/cannabis/flower/pedanios_28_1_cmk_ca-chemango_kush?deliveryTarget=cGhhcm1hY3k6fDozOTFiNGY4Mi0xOTA0LTRkMzYtOGFmMS0xZTk1YzkxODc5MjA%3D#reviews
Alle Farben,49324,Melle,Siggis Pfefferminze,Siggis PMNZ 28:01,Hybrid,28%,1%,"10,99 €/g",Auf Lager,https://greenmedical.health/de/cannabis/flower/siggis_pmnz_28_01-siggis_pfefferminze?deliveryTarget=cGhhcm1hY3k6fDozOTFiNGY4Mi0xOTA0LTRkMzYtOGFmMS0xZTk1YzkxODc5MjA%3D#reviews
Alle Farben,49324,Melle,Gastro Pop,420 Compound 33/1 GAP,Hybrid Indica Dominant,33%,<1%,"9,49 €/g",Auf Lager,https://greenmedical.health/de/cannabis/flower/420_compound_33_1_gap-gastro_pop?deliveryTarget=cGhhcm1hY3k6fDozOTFiNGY4Mi0xOTA0LTRkMzYtOGFmMS0xZTk1YzkxODc5MjA%3D#reviews
Alle Farben,49324,Melle,Tangrini,ZOIKS 22/1 TG,Hybrid Sativa Dominant,24%,1%,"5,49 €/g",Auf Lager,https://greenmedical.health/de/cannabis/flower/zoiks_22_1_tg-tangrini?deliveryTarget=cGhhcm1hY3k6fDozOTFiNGY4Mi0xOTA0LTRkMzYtOGFmMS0xZTk1YzkxODc5MjA%3D#reviews
Alle Farben,49324,Melle,Bunatic,Luana 27/1 Donny B,Indica,27%,1%,"6,99 €/g",Auf Lager,https://greenmedical.health/de/cannabis/flower/luana_27_1_donny_b-bunatic?deliveryTarget=cGhhcm1hY3k6fDozOTFiNGY4Mi0xOTA0LTRkMzYtOGFmMS0xZTk1YzkxODc5MjA%3D#reviews
Alle Farben,49324,Melle,Wedding Cake x Jet Fuel Gelato,Demecan Core Saxonia 28:1,Hybrid Indica Dominant,28%,<1%,"6,99 €/g",Auf Lager,https://greenmedical.health/de/cannabis/flower/demecan_core_saxonia_28_01-wedding_cake_x_jet_fuel_gelato?deliveryTarget=cGhhcm1hY3k6fDozOTFiNGY4Mi0xOTA0LTRkMzYtOGFmMS0xZTk1YzkxODc5MjA%3D#reviews
Alle Farben,49324,Melle,Golden Goat,Demecan Core Golden Horizon 30:01,Hybrid Sativa Dominant,30%,1%,"7,99 €/g",Auf Lager,https://greenmedical.health/de/cannabis/flower/demecan_core_golden_horizon_30_01-golden_goat?deliveryTarget=cGhhcm1hY3k6fDozOTFiNGY4Mi0xOTA0LTRkMzYtOGFmMS0xZTk1YzkxODc5MjA%3D#reviews
Alle Farben,49324,Melle,Huckleberry,Medical Saints 24/1 HUB,Sativa,24%,1%,"4,99 €/g",Auf Lager,https://greenmedical.health/de/cannabis/flower/medical_saints_24_1_hub-huckleberry?deliveryTarget=cGhhcm1hY3k6fDozOTFiNGY4Mi0xOTA0LTRkMzYtOGFmMS0xZTk1YzkxODc5MjA%3D#reviews
Alle Farben,49324,Melle,Jet Fuel Gelato,enua 30/1 PS3 JFG CA,Hybrid,30%,1%,"6,49 €/g",Auf Lager,https://greenmedical.health/de/cannabis/flower/enua_30_1_ps3_jfg_ca-jet_fuel_gelato?deliveryTarget=cGhhcm1hY3k6fDozOTFiNGY4Mi0xOTA0LTRkMzYtOGFmMS0xZTk1YzkxODc5MjA%3D#reviews
Alle Farben,49324,Melle,Medellin,Origine Nature MED 32/1,Hybrid,32%,1%,"8,99 €/g",Auf Lager,https://greenmedical.health/de/cannabis/flower/origine_nature_med_32_1-medellin?deliveryTarget=cGhhcm1hY3k6fDozOTFiNGY4Mi0xOTA0LTRkMzYtOGFmMS0xZTk1YzkxODc5MjA%3D#reviews
Alle Farben,49324,Melle,Purps Crystal Breath,enua 33/1 PCB CA,Hybrid Indica Dominant,33%,1%,"7,99 €/g",Auf Lager,https://greenmedical.health/de/cannabis/flower/enua_33_1_pcb_ca-purps_crystal_breath?deliveryTarget=cGhhcm1hY3k6fDozOTFiNGY4Mi0xOTA0LTRkMzYtOGFmMS0xZTk1YzkxODc5MjA%3D#reviews
Alle Farben,49324,Melle,Strawberry Cake,N!CE 24/1 SWC,Hybrid Indica Dominant,24%,1%,"5,99 €/g",Auf Lager,https://greenmedical.health/de/cannabis/flower/n_ce_24_1_swc-strawberry_cake?deliveryTarget=cGhhcm1hY3k6fDozOTFiNGY4Mi0xOTA0LTRkMzYtOGFmMS0xZTk1YzkxODc5MjA%3D#reviews
Alle Farben,49324,Melle,Nothern Lime Pie,enua 33/1 NLP CA,Hybrid,33%,1%,"7,99 €/g",Auf Lager,https://greenmedical.health/de/cannabis/flower/enua_33_1_nlp_ca-nothern_lime_pie?deliveryTarget=cGhhcm1hY3k6fDozOTFiNGY4Mi0xOTA0LTRkMzYtOGFmMS0xZTk1YzkxODc5MjA%3D#reviews
Alle Farben,49324,Melle,Alien Mints,Huala 30/1 CA ALM,Hybrid Indica Dominant,30%,1%,"6,99 €/g",NEU,https://greenmedical.health/de/cannabis/flower/huala_30_1_ca_alm-alien_mints?deliveryTarget=cGhhcm1hY3k6fDozOTFiNGY4Mi0xOTA0LTRkMzYtOGFmMS0xZTk1YzkxODc5MjA%3D#reviews
Alle Farben,49324,Melle,Ice Cream Cake x Kush Mints,420 Evolution 27/1 CA ICC,Hybrid,27%,<1%,"8,99 €/g",Auf Lager,https://greenmedical.health/de/cannabis/flower/420_evolution_27_1_ca_icc_ice_cream_cake-ice_cream_cake_kush_mints?deliveryTarget=cGhhcm1hY3k6fDozOTFiNGY4Mi0xOTA0LTRkMzYtOGFmMS0xZTk1YzkxODc5MjA%3D#reviews
Alle Farben,49324,Melle,Pineapple Cherry Punch,enua 30/1 PS3 CA PCP,Hybrid,30%,1%,"6,49 €/g",Auf Lager,https://greenmedical.health/de/cannabis/flower/enua_30_1_ps3_ca_pcp-pineapple_cherry_punch?deliveryTarget=cGhhcm1hY3k6fDozOTFiNGY4Mi0xOTA0LTRkMzYtOGFmMS0xZTk1YzkxODc5MjA%3D#reviews
Alle Farben,49324,Melle,Tropicana Cookies,420 Natural 16/1 CA TRP,Hybrid,15%,<1%,"7,99 €/g",Auf Lager,https://greenmedical.health/de/cannabis/flower/420_natural_16_1_ca_trp-tropicana_cookies?deliveryTarget=cGhhcm1hY3k6fDozOTFiNGY4Mi0xOTA0LTRkMzYtOGFmMS0xZTk1YzkxODc5MjA%3D#reviews
Alle Farben,49324,Melle,Blue Z,Bathera 25/1 BZ,Hybrid Indica Dominant,25%,1%,"8,45 €/g",Auf Lager,https://greenmedical.health/de/cannabis/flower/bathera_25_1_bz-blue_z?deliveryTarget=cGhhcm1hY3k6fDozOTFiNGY4Mi0xOTA0LTRkMzYtOGFmMS0xZTk1YzkxODc5MjA%3D#reviews
Alle Farben,49324,Melle,Blueberry Yum Yum,AVAAY Signature 23/1 BYY,Hybrid Indica Dominant,23%,1%,"8,99 €/g",Auf Lager,https://greenmedical.health/de/cannabis/flower/avaay_signature_23_1_byy-blueberry_yum_yum?deliveryTarget=cGhhcm1hY3k6fDozOTFiNGY4Mi0xOTA0LTRkMzYtOGFmMS0xZTk1YzkxODc5MjA%3D#reviews
Alle Farben,49324,Melle,Rainbow Pavé,Legend's RP 34/1,Hybrid Sativa Dominant,34%,1%,"8,99 €/g",NEU,https://greenmedical.health/de/cannabis/flower/legend_s_rp_34_1-rainbow_pav_?deliveryTarget=cGhhcm1hY3k6fDozOTFiNGY4Mi0xOTA0LTRkMzYtOGFmMS0xZTk1YzkxODc5MjA%3D#reviews
Alle Farben,49324,Melle,Morning Sun,N!CE 29/1 MOS,Hybrid Indica Dominant,29%,1%,"6,90 €/g",Auf Lager,https://greenmedical.health/de/cannabis/flower/n_ce_29_1_mos-morning_sun?deliveryTarget=cGhhcm1hY3k6fDozOTFiNGY4Mi0xOTA0LTRkMzYtOGFmMS0xZTk1YzkxODc5MjA%3D#reviews
Alle Farben,49324,Melle,C47,TRUU PS 24:1,Hybrid,24%,1%,"5,49 €/g",Auf Lager,https://greenmedical.health/de/cannabis/flower/truu_ps_24_01-c47?deliveryTarget=cGhhcm1hY3k6fDozOTFiNGY4Mi0xOTA0LTRkMzYtOGFmMS0xZTk1YzkxODc5MjA%3D#reviews
Alle Farben,49324,Melle,Mandarin Sunset x Ethos Cookies,Drapalin 27/1 Full Gas,Hybrid Sativa Dominant,27%,<1%,"6,99 €/g",Auf Lager,https://greenmedical.health/de/cannabis/flower/drapalin_27_1_full_gas-mandarin_sunset_x_ethos_cookies?deliveryTarget=cGhhcm1hY3k6fDozOTFiNGY4Mi0xOTA0LTRkMzYtOGFmMS0xZTk1YzkxODc5MjA%3D#reviews
Alle Farben,49324,Melle,Pink Slurricane,High Greens PS 30/1,Hybrid Indica Dominant,30%,1%,"6,99 €/g",NEU,https://greenmedical.health/de/cannabis/flower/high_green_ps_30_1-pink_slurricane?deliveryTarget=cGhhcm1hY3k6fDozOTFiNGY4Mi0xOTA0LTRkMzYtOGFmMS0xZTk1YzkxODc5MjA%3D#reviews
Alle Farben,49324,Melle,Bling Blaow,420 Compound 30/1 CA BBW,Hybrid Indica Dominant,30%,<1%,"7,99 €/g",Auf Lager,https://greenmedical.health/de/cannabis/flower/420_compound_30_1_ca_bbw-bling_blaow?deliveryTarget=cGhhcm1hY3k6fDozOTFiNGY4Mi0xOTA0LTRkMzYtOGFmMS0xZTk1YzkxODc5MjA%3D#reviews
Alle Farben,49324,Melle,Gary Payton x Gushers,Drapalin 31/1 Da Fux,Hybrid Indica Dominant,31%,1%,"8,99 €/g",Auf Lager,https://greenmedical.health/de/cannabis/flower/drapalin_31_1_da_fux-gary_payton_x_gushers?deliveryTarget=cGhhcm1hY3k6fDozOTFiNGY4Mi0xOTA0LTRkMzYtOGFmMS0xZTk1YzkxODc5MjA%3D#reviews
Alle Farben,49324,Melle,Sonic Lemon Fuel,Peace Naturals 33/1 SL,Sativa,33%,<1%,"9,99 €/g",Auf Lager,https://greenmedical.health/de/cannabis/flower/peace_naturals_33_1_sl-sonic_lemon_fuel?deliveryTarget=cGhhcm1hY3k6fDozOTFiNGY4Mi0xOTA0LTRkMzYtOGFmMS0xZTk1YzkxODc5MjA%3D#reviews
Alle Farben,49324,Melle,Black Cherry Punch,enua 25/1 PS3 CA BCP,Hybrid Indica Dominant,25%,1%,"5,99 €/g",Auf Lager,https://greenmedical.health/de/cannabis/flower/enua_25_1_ps3_ca_bcp-black_cherry_punch?deliveryTarget=cGhhcm1hY3k6fDozOTFiNGY4Mi0xOTA0LTRkMzYtOGFmMS0xZTk1YzkxODc5MjA%3D#reviews
Alle Farben,49324,Melle,Sugar Dream,Medical Saints 30/1 SRD,Hybrid,30%,1%,"5,90 €/g",Auf Lager,https://greenmedical.health/de/cannabis/flower/medical_saints_30_1_srd-sugar_dream?deliveryTarget=cGhhcm1hY3k6fDozOTFiNGY4Mi0xOTA0LTRkMzYtOGFmMS0xZTk1YzkxODc5MjA%3D#reviews
Alle Farben,49324,Melle,Candy Pave,AVAAY 29/1 CP,Hybrid Indica Dominant,29%,<1%,"10,99 €/g",Auf Lager,https://greenmedical.health/de/cannabis/flower/avaay_29_1_cp-candy_pave?deliveryTarget=cGhhcm1hY3k6fDozOTFiNGY4Mi0xOTA0LTRkMzYtOGFmMS0xZTk1YzkxODc5MjA%3D#reviews
Alle Farben,49324,Melle,Peach Chementine,420 Evolution 30/1 CA PCH,Hybrid,30%,<1%,"7,99 €/g",Auf Lager,https://greenmedical.health/de/cannabis/flower/420-evolution-30-1-ca-pch-peach-chementine?deliveryTarget=cGhhcm1hY3k6fDozOTFiNGY4Mi0xOTA0LTRkMzYtOGFmMS0xZTk1YzkxODc5MjA%3D#reviews
Alle Farben,49324,Melle,Maluti CBD,Cannabis flos 1/14 LS Ku.,Hybrid Indica Dominant,1%,14%,"9,99 €/g",Auf Lager,https://greenmedical.health/de/cannabis/flower/canify_cannabis_flos_1_14_ls_ku-maluti_cbd?deliveryTarget=cGhhcm1hY3k6fDozOTFiNGY4Mi0xOTA0LTRkMzYtOGFmMS0xZTk1YzkxODc5MjA%3D#reviews
Alle Farben,49324,Melle,Bliss,Drapalin 28/1 Bliss,Hybrid Indica Dominant,28%,1%,"5,99 €/g",Auf Lager,https://greenmedical.health/de/cannabis/flower/drapalin_28_1_bliss-bliss?deliveryTarget=cGhhcm1hY3k6fDozOTFiNGY4Mi0xOTA0LTRkMzYtOGFmMS0xZTk1YzkxODc5MjA%3D#reviews
Alle Farben,49324,Melle,Sunset Sherbet,enua 33/1 SF4 CA SSS,Hybrid,33%,1%,"7,99 €/g",NEU,https://greenmedical.health/de/cannabis/flower/enua_33_1_sf4_ca_sss-sunset_sherbet?deliveryTarget=cGhhcm1hY3k6fDozOTFiNGY4Mi0xOTA0LTRkMzYtOGFmMS0xZTk1YzkxODc5MjA%3D#reviews
Alle Farben,49324,Melle,Bashengo,Luana Electric 24/1,Indica,22%,1%,"5,99 €/g",Auf Lager,https://greenmedical.health/de/cannabis/flower/luana_electric_24_1-bashengo?deliveryTarget=cGhhcm1hY3k6fDozOTFiNGY4Mi0xOTA0LTRkMzYtOGFmMS0xZTk1YzkxODc5MjA%3D#reviews
Alle Farben,49324,Melle,Cheat Code,Remexian 33/1 MTL CHC,Hybrid,33%,1%,"9,99 €/g",Auf Lager,https://greenmedical.health/de/cannabis/flower/remexian_33_1_mtl_chc-cheat_code?deliveryTarget=cGhhcm1hY3k6fDozOTFiNGY4Mi0xOTA0LTRkMzYtOGFmMS0xZTk1YzkxODc5MjA%3D#reviews
Alle Farben,49324,Melle,Crispy Doughnut,enua 25/1 CDG CA,Hybrid Indica Dominant,25%,<1%,"7,99 €/g",Auf Lager,https://greenmedical.health/de/cannabis/flower/enua_25_1_cdg_ca-crispy_doughnut?deliveryTarget=cGhhcm1hY3k6fDozOTFiNGY4Mi0xOTA0LTRkMzYtOGFmMS0xZTk1YzkxODc5MjA%3D#reviews
Alle Farben,49324,Melle,Black Jelly,Pedanios 27/1 BLY-CA,Hybrid Sativa Dominant,27%,1%,"8,99 €/g",Auf Lager,https://greenmedical.health/de/cannabis/flower/pedanios_27_1_bly_ca-black_jelly?deliveryTarget=cGhhcm1hY3k6fDozOTFiNGY4Mi0xOTA0LTRkMzYtOGFmMS0xZTk1YzkxODc5MjA%3D#reviews
Alle Farben,49324,Melle,LA Baker,Eufloria 33/1 LBA,Hybrid Indica Dominant,33%,1%,"9,99 €/g",Auf Lager,https://greenmedical.health/de/cannabis/flower/eufloria_33_1_lba-la_baker?deliveryTarget=cGhhcm1hY3k6fDozOTFiNGY4Mi0xOTA0LTRkMzYtOGFmMS0xZTk1YzkxODc5MjA%3D#reviews
Alle Farben,49324,Melle,Hindu Kush,IMC THC22 T01,Indica,22%,<1%,"9,99 €/g",Auf Lager,https://greenmedical.health/de/cannabis/flower/imc-thc22-t01-hindu-kush?deliveryTarget=cGhhcm1hY3k6fDozOTFiNGY4Mi0xOTA0LTRkMzYtOGFmMS0xZTk1YzkxODc5MjA%3D#reviews
Alle Farben,49324,Melle,Frozen Lemon Mints,420 Evolution 30/1 FLM CA,Sativa,30%,<1%,"10,99 €/g",Auf Lager,https://greenmedical.health/de/cannabis/flower/420_evolution_30_1_flm_ca-frozen_lemon_mints?deliveryTarget=cGhhcm1hY3k6fDozOTFiNGY4Mi0xOTA0LTRkMzYtOGFmMS0xZTk1YzkxODc5MjA%3D#reviews
Alle Farben,49324,Melle,Black Lime,N!CE 29/1 BL,Hybrid,29%,1%,"6,49 €/g",Auf Lager,https://greenmedical.health/de/cannabis/flower/n_ce_29_1_bl-black_lime?deliveryTarget=cGhhcm1hY3k6fDozOTFiNGY4Mi0xOTA0LTRkMzYtOGFmMS0xZTk1YzkxODc5MjA%3D#reviews
Alle Farben,49324,Melle,Scoop of Chem x Early Orange,NOC SE 19 Essence,Hybrid Indica Dominant,18%,1%,"3,99 €/g",Auf Lager,https://greenmedical.health/de/cannabis/flower/noc_se_19_essence-scoop_of_chem_x_early_orange?deliveryTarget=cGhhcm1hY3k6fDozOTFiNGY4Mi0xOTA0LTRkMzYtOGFmMS0xZTk1YzkxODc5MjA%3D#reviews
Alle Farben,49324,Melle,Black Cherry Punch,THC AKUT MG 24 BCP,Hybrid Indica Dominant,24%,1%,"4,99 €/g",Auf Lager,https://greenmedical.health/de/cannabis/flower/thc_akut_mg_24_bcp-black_cherry_punch?deliveryTarget=cGhhcm1hY3k6fDozOTFiNGY4Mi0xOTA0LTRkMzYtOGFmMS0xZTk1YzkxODc5MjA%3D#reviews
Alle Farben,49324,Melle,Gorilla Glue,420 Natural 25/1 CA GG4,Hybrid,25%,<1%,"8,99 €/g",Auf Lager,https://greenmedical.health/de/cannabis/flower/420-natural-25-1-ca-gg4-gorilla-glue?deliveryTarget=cGhhcm1hY3k6fDozOTFiNGY4Mi0xOTA0LTRkMzYtOGFmMS0xZTk1YzkxODc5MjA%3D#reviews
Alle Farben,49324,Melle,Mo´s Sunset,AVAAY 22/1 MOS,Hybrid,22%,1%,"5,99 €/g",Auf Lager,https://greenmedical.health/de/cannabis/flower/avaay_22_1_mos-mo_s_sunset?deliveryTarget=cGhhcm1hY3k6fDozOTFiNGY4Mi0xOTA0LTRkMzYtOGFmMS0xZTk1YzkxODc5MjA%3D#reviews
Alle Farben,49324,Melle,Strawberry Haze,Slouu 22/1 AGM CA SBH,Hybrid,22%,1%,"6,99 €/g",Auf Lager,https://greenmedical.health/de/cannabis/flower/slouu_22_1_agm_ca_sbh-strawberry_haze?deliveryTarget=cGhhcm1hY3k6fDozOTFiNGY4Mi0xOTA0LTRkMzYtOGFmMS0xZTk1YzkxODc5MjA%3D#reviews
Alle Farben,49324,Melle,Pineapple Fruz,420 Evolution 30/1 CA PEX,Hybrid Sativa Dominant,30%,1%,"8,99 €/g",Auf Lager,https://greenmedical.health/de/cannabis/flower/420_evolution_30_1_ca_pex-pineapple_fruz?deliveryTarget=cGhhcm1hY3k6fDozOTFiNGY4Mi0xOTA0LTRkMzYtOGFmMS0xZTk1YzkxODc5MjA%3D#reviews
Alle Farben,49324,Melle,Hash Burger,A+ Kineo CRAFT No.1 30/1,Hybrid,30%,1%,"7,99 €/g",Auf Lager,https://greenmedical.health/de/cannabis/flower/a_kineo_craft_no_1_30_1-hash_burger?deliveryTarget=cGhhcm1hY3k6fDozOTFiNGY4Mi0xOTA0LTRkMzYtOGFmMS0xZTk1YzkxODc5MjA%3D#reviews
Alle Farben,49324,Melle,Outdoor OG Kush,IMC OOG THC28,Hybrid Indica Dominant,28%,<1%,"5,99 €/g",Auf Lager,https://greenmedical.health/de/cannabis/flower/imc_oog_thc28-outdoor_og_kush?deliveryTarget=cGhhcm1hY3k6fDozOTFiNGY4Mi0xOTA0LTRkMzYtOGFmMS0xZTk1YzkxODc5MjA%3D#reviews
Alle Farben,49324,Melle,Garlic Z,Slouu 27/1 GLZ CA,Hybrid,27%,1%,"5,99 €/g",NEU,https://greenmedical.health/de/cannabis/flower/slouu_27_1_glz_ca-garlic_z?deliveryTarget=cGhhcm1hY3k6fDozOTFiNGY4Mi0xOTA0LTRkMzYtOGFmMS0xZTk1YzkxODc5MjA%3D#reviews
Alle Farben,49324,Melle,Berlin Berries,420 Compound 25/1 CA BER,Indica,25%,1%,"6,99 €/g",Auf Lager,https://greenmedical.health/de/cannabis/flower/420_compound_25_1_ca_ber-berlin_berries?deliveryTarget=cGhhcm1hY3k6fDozOTFiNGY4Mi0xOTA0LTRkMzYtOGFmMS0xZTk1YzkxODc5MjA%3D#reviews
Alle Farben,49324,Melle,Super Buff Cherry,GrowMotion SBC24,Hybrid Indica Dominant,24%,1%,"9,99 €/g",Auf Lager,https://greenmedical.health/de/cannabis/flower/growmotion_sbc24-super_buff_cherry?deliveryTarget=cGhhcm1hY3k6fDozOTFiNGY4Mi0xOTA0LTRkMzYtOGFmMS0xZTk1YzkxODc5MjA%3D#reviews
Alle Farben,49324,Melle,Star Struck,420 Evolution 25/1 CA STR,Hybrid,25%,<1%,"6,99 €/g",Auf Lager,https://greenmedical.health/de/cannabis/flower/420_evolution_25_1_ca_str-star_struck?deliveryTarget=cGhhcm1hY3k6fDozOTFiNGY4Mi0xOTA0LTRkMzYtOGFmMS0xZTk1YzkxODc5MjA%3D#reviews
Alle Farben,49324,Melle,Mac 1,420 Evolution 22/1 CA MAC,Indica,22%,<1%,"7,99 €/g",Auf Lager,https://greenmedical.health/de/cannabis/flower/420-evolution-22-1-ca-mac-mac-1?deliveryTarget=cGhhcm1hY3k6fDozOTFiNGY4Mi0xOTA0LTRkMzYtOGFmMS0xZTk1YzkxODc5MjA%3D#reviews
Alle Farben,49324,Melle,Cap Junky,420 Evolution 25/1 CA CAP,Hybrid Indica Dominant,25%,1%,"5,49 €/g",Auf Lager,https://greenmedical.health/de/cannabis/flower/420_evolution_25_1_ca_cap-cap_junky?deliveryTarget=cGhhcm1hY3k6fDozOTFiNGY4Mi0xOTA0LTRkMzYtOGFmMS0xZTk1YzkxODc5MjA%3D#reviews
Alle Farben,49324,Melle,Siggis Holunderblüte,Siggis HBLT 22:01,Hybrid Indica Dominant,22%,1%,"9,99 €/g",NEU,https://greenmedical.health/de/cannabis/flower/siggis_hblt_22_01-siggis_holunderbluete?deliveryTarget=cGhhcm1hY3k6fDozOTFiNGY4Mi0xOTA0LTRkMzYtOGFmMS0xZTk1YzkxODc5MjA%3D#reviews
Alle Farben,49324,Melle,Scented Marker,420 Evolution 33/1 CA SCM,Hybrid Indica Dominant,33%,1%,"10,99 €/g",Auf Lager,https://greenmedical.health/de/cannabis/flower/420_evolution_33_1_ca_scm-scented_marker?deliveryTarget=cGhhcm1hY3k6fDozOTFiNGY4Mi0xOTA0LTRkMzYtOGFmMS0xZTk1YzkxODc5MjA%3D#reviews
Alle Farben,49324,Melle,Grape Burger,Huala 22/1 CA CBG,Hybrid Indica Dominant,22%,1%,"5,99 €/g",Auf Lager,https://greenmedical.health/de/cannabis/flower/huala_22_1_ca_cbg-grape_burger?deliveryTarget=cGhhcm1hY3k6fDozOTFiNGY4Mi0xOTA0LTRkMzYtOGFmMS0xZTk1YzkxODc5MjA%3D#reviews
Alle Farben,49324,Melle,Pink Grapes,BC Green 30/1 PG,Hybrid Sativa Dominant,30%,1%,"7,99 €/g",Auf Lager,https://greenmedical.health/de/cannabis/flower/bc_green_30_1_pg-pink_grapes?deliveryTarget=cGhhcm1hY3k6fDozOTFiNGY4Mi0xOTA0LTRkMzYtOGFmMS0xZTk1YzkxODc5MjA%3D#reviews
Alle Farben,49324,Melle,Girl Scout Cookies x Mandarin Sunset,Drapalin 29/1 Cape Canaveral,Hybrid Indica Dominant,29%,1%,"7,90 €/g",Auf Lager,https://greenmedical.health/de/cannabis/flower/drapalin_29_1_cape_canaveral-girl_scout_cookies_x_mandarin_sunset?deliveryTarget=cGhhcm1hY3k6fDozOTFiNGY4Mi0xOTA0LTRkMzYtOGFmMS0xZTk1YzkxODc5MjA%3D#reviews
Alle Farben,49324,Melle,Amnesia Balanced,aleph Water 6/12,Hybrid Sativa Dominant,6%,12%,"8,99 €/g",Auf Lager,https://greenmedical.health/de/cannabis/flower/aleph_water_6_12-amnesia_balanced?deliveryTarget=cGhhcm1hY3k6fDozOTFiNGY4Mi0xOTA0LTRkMzYtOGFmMS0xZTk1YzkxODc5MjA%3D#reviews
Alle Farben,49324,Melle,Jack Haze,Canopy JHA 21/1,Hybrid,21%,<1%,"5,99 €/g",Auf Lager,https://greenmedical.health/de/cannabis/flower/canopy_jha_21_1-jack_haze?deliveryTarget=cGhhcm1hY3k6fDozOTFiNGY4Mi0xOTA0LTRkMzYtOGFmMS0xZTk1YzkxODc5MjA%3D#reviews
Alle Farben,49324,Melle,Sticky Bomb Liberty City,Coyote Valley 16/1 SBLI,Hybrid Indica Dominant,16%,1%,"3,99 €/g",Auf Lager,https://greenmedical.health/de/cannabis/flower/coyote_valley_16_1_sbli-sticky_bomb_liberty_city?deliveryTarget=cGhhcm1hY3k6fDozOTFiNGY4Mi0xOTA0LTRkMzYtOGFmMS0xZTk1YzkxODc5MjA%3D#reviews
Alle Farben,49324,Melle,Gorilla Glue,420 Natural 22/1 CA GG4,Hybrid,22%,<1%,"8,99 €/g",Auf Lager,https://greenmedical.health/de/cannabis/flower/420-natural-22-1-ca-gg4-gorilla-glue?deliveryTarget=cGhhcm1hY3k6fDozOTFiNGY4Mi0xOTA0LTRkMzYtOGFmMS0xZTk1YzkxODc5MjA%3D#reviews
Alle Farben,49324,Melle,Khalifa Mints,AVAAY Khalifa 28/1 KM,Hybrid Sativa Dominant,28%,1%,"8,99 €/g",Auf Lager,https://greenmedical.health/de/cannabis/flower/avaay_khalifa_28_1_km-khalifa_mints?deliveryTarget=cGhhcm1hY3k6fDozOTFiNGY4Mi0xOTA0LTRkMzYtOGFmMS0xZTk1YzkxODc5MjA%3D#reviews
Alle Farben,49324,Melle,Royal Berry,Cannamedical Indica Classic SF,Hybrid Indica Dominant,20%,1%,"5,99 €/g",Auf Lager,https://greenmedical.health/de/cannabis/flower/cannamedical_indica_classic_sf-royal_berry?deliveryTarget=cGhhcm1hY3k6fDozOTFiNGY4Mi0xOTA0LTRkMzYtOGFmMS0xZTk1YzkxODc5MjA%3D#reviews
Alle Farben,49324,Melle,Scoops,Huala 22/1 CA SCO,Hybrid Indica Dominant,22%,1%,"4,99 €/g",Auf Lager,https://greenmedical.health/de/cannabis/flower/huala_22_1_ca_sco-scoops?deliveryTarget=cGhhcm1hY3k6fDozOTFiNGY4Mi0xOTA0LTRkMzYtOGFmMS0xZTk1YzkxODc5MjA%3D#reviews
Alle Farben,49324,Melle,Solpina Magic,Luana 28/1 Pine,Indica,28%,<1%,"6,99 €/g",Auf Lager,https://greenmedical.health/de/cannabis/flower/luana_28_1_pine-solpina_magic?deliveryTarget=cGhhcm1hY3k6fDozOTFiNGY4Mi0xOTA0LTRkMzYtOGFmMS0xZTk1YzkxODc5MjA%3D#reviews
Alle Farben,49324,Melle,Peach Chementine,420 Evolution 33/1 CA PCH,Hybrid,33%,<1%,"9,99 €/g",Auf Lager,https://greenmedical.health/de/cannabis/flower/420_evolution_33_1_ca_pch-peach_chementine?deliveryTarget=cGhhcm1hY3k6fDozOTFiNGY4Mi0xOTA0LTRkMzYtOGFmMS0xZTk1YzkxODc5MjA%3D#reviews
Alle Farben,49324,Melle,Black Gas,Bava Med 27/1 BLA-GA,Hybrid Indica Dominant,27%,1%,"6,49 €/g",Auf Lager,https://greenmedical.health/de/cannabis/flower/bava_med_27_1_bla_ga-black_gas?deliveryTarget=cGhhcm1hY3k6fDozOTFiNGY4Mi0xOTA0LTRkMzYtOGFmMS0xZTk1YzkxODc5MjA%3D#reviews
Alle Farben,49324,Melle,Mango Kush (KL003),aleph Amber 22/1,Indica,22%,<1%,"7,79 €/g",Auf Lager,https://greenmedical.health/de/cannabis/flower/aleph-amber-22-1-mango-kush-kl003?deliveryTarget=cGhhcm1hY3k6fDozOTFiNGY4Mi0xOTA0LTRkMzYtOGFmMS0xZTk1YzkxODc5MjA%3D#reviews
Alle Farben,49324,Melle,Polar Pop,Bathera 33/1 PP,Hybrid Sativa Dominant,33%,1%,"9,99 €/g",Auf Lager,https://greenmedical.health/de/cannabis/flower/bathera_33_1_pp-polar_pop?deliveryTarget=cGhhcm1hY3k6fDozOTFiNGY4Mi0xOTA0LTRkMzYtOGFmMS0xZTk1YzkxODc5MjA%3D#reviews
Alle Farben,49324,Melle,Garlic Budder,madrecan 21/1 GB9,Hybrid,21%,<1%,"5,99 €/g",Auf Lager,https://greenmedical.health/de/cannabis/flower/madrecan_21_1_gb9-garlic_budder?deliveryTarget=cGhhcm1hY3k6fDozOTFiNGY4Mi0xOTA0LTRkMzYtOGFmMS0xZTk1YzkxODc5MjA%3D#reviews
Alle Farben,49324,Melle,White Widow,Weeco 1A flos 16/1,Hybrid,16%,<1%,"7,79 €/g",Auf Lager,https://greenmedical.health/de/cannabis/flower/weeco_1a_flos_16_1_-white_widow?deliveryTarget=cGhhcm1hY3k6fDozOTFiNGY4Mi0xOTA0LTRkMzYtOGFmMS0xZTk1YzkxODc5MjA%3D#reviews
Alle Farben,49324,Melle,Grape Galena,Remexian 27/1 GRG,Hybrid Indica Dominant,27%,<1%,"9,99 €/g",Auf Lager,https://greenmedical.health/de/cannabis/flower/remexian-27-1-grg-grape-galena?deliveryTarget=cGhhcm1hY3k6fDozOTFiNGY4Mi0xOTA0LTRkMzYtOGFmMS0xZTk1YzkxODc5MjA%3D#reviews
Alle Farben,49324,Melle,Kush Mint,THC AKUT FB 24 KM,Hybrid,24%,1%,"4,89 €/g",Auf Lager,https://greenmedical.health/de/cannabis/flower/thc_akut_fb_24_km-kush_mint?deliveryTarget=cGhhcm1hY3k6fDozOTFiNGY4Mi0xOTA0LTRkMzYtOGFmMS0xZTk1YzkxODc5MjA%3D#reviews
Alle Farben,49324,Melle,White Widow,Cannabis 1A 18/1,Hybrid,18%,<1%,"7,99 €/g",Auf Lager,https://greenmedical.health/de/cannabis/flower/cannabis-1a-18-1-white-widow-d246?deliveryTarget=cGhhcm1hY3k6fDozOTFiNGY4Mi0xOTA0LTRkMzYtOGFmMS0xZTk1YzkxODc5MjA%3D#reviews
Alle Farben,49324,Melle,Triangle Silver Haze,AAYRA 25/1 TSH,Hybrid,25%,1%,"5,39 €/g",Auf Lager,https://greenmedical.health/de/cannabis/flower/aayra_25_1_tsh-triangle_silver_haze?deliveryTarget=cGhhcm1hY3k6fDozOTFiNGY4Mi0xOTA0LTRkMzYtOGFmMS0xZTk1YzkxODc5MjA%3D#reviews
Alle Farben,49324,Melle,Modified Grapes,420 Evolution 27/1 CA MFG,Hybrid Indica Dominant,27%,<1%,"7,99 €/g",Auf Lager,https://greenmedical.health/de/cannabis/flower/420_evolution_27_1_ca_mfg-modified_grapes?deliveryTarget=cGhhcm1hY3k6fDozOTFiNGY4Mi0xOTA0LTRkMzYtOGFmMS0xZTk1YzkxODc5MjA%3D#reviews
Alle Farben,49324,Melle,Permanent Marker,HiDealz 21/1 MS PMM,Hybrid,21%,1%,"5,79 €/g",Auf Lager,https://greenmedical.health/de/cannabis/flower/hidealz_21_1_ms_pmm-permanent_marker?deliveryTarget=cGhhcm1hY3k6fDozOTFiNGY4Mi0xOTA0LTRkMzYtOGFmMS0xZTk1YzkxODc5MjA%3D#reviews
Alle Farben,49324,Melle,Frosted Cookies,Remexian 20/1 GJY FCO,Hybrid,20%,<1%,"7,99 €/g",Auf Lager,https://greenmedical.health/de/cannabis/flower/remexian_20_1_gjy_fco-frosted_cookies?deliveryTarget=cGhhcm1hY3k6fDozOTFiNGY4Mi0xOTA0LTRkMzYtOGFmMS0xZTk1YzkxODc5MjA%3D#reviews
Alle Farben,49324,Melle,Big Purple Dragon,Remexian 25/1 BPD,Hybrid,25%,<1%,"4,90 €/g",Auf Lager,https://greenmedical.health/de/cannabis/flower/remexian_25_1_bpd-big_purple_dragon?deliveryTarget=cGhhcm1hY3k6fDozOTFiNGY4Mi0xOTA0LTRkMzYtOGFmMS0xZTk1YzkxODc5MjA%3D#reviews
Alle Farben,49324,Melle,Amnesia Haze,Social Choice! 18/1 GRO ASH,Hybrid,18%,1%,"4,99 €/g",Auf Lager,https://greenmedical.health/de/cannabis/flower/social_choice_18_1_gro_ash-amnesia_haze?deliveryTarget=cGhhcm1hY3k6fDozOTFiNGY4Mi0xOTA0LTRkMzYtOGFmMS0xZTk1YzkxODc5MjA%3D#reviews
Alle Farben,49324,Melle,Wedding Cake,A+ Kineo Junglezz 24/1,Hybrid,24%,1%,"6,99 €/g",NEU,https://greenmedical.health/de/cannabis/flower/a_kineo_junglezz_24_1-wedding_cake?deliveryTarget=cGhhcm1hY3k6fDozOTFiNGY4Mi0xOTA0LTRkMzYtOGFmMS0xZTk1YzkxODc5MjA%3D#reviews
Alle Farben,49324,Melle,Baked Animal,Big Dreams 24/1 PSF BAA,Hybrid,24%,1%,"6,99 €/g",Auf Lager,https://greenmedical.health/de/cannabis/flower/big_dreams_24_1_psf_baa-baked_animal?deliveryTarget=cGhhcm1hY3k6fDozOTFiNGY4Mi0xOTA0LTRkMzYtOGFmMS0xZTk1YzkxODc5MjA%3D#reviews
Alle Farben,49324,Melle,Pink Kush,enua 22/1 DB CA,Hybrid Indica Dominant,22%,<1%,"5,99 €/g",Auf Lager,https://greenmedical.health/de/cannabis/flower/enua_22_1_db_ca-pink_kush?deliveryTarget=cGhhcm1hY3k6fDozOTFiNGY4Mi0xOTA0LTRkMzYtOGFmMS0xZTk1YzkxODc5MjA%3D#reviews
Alle Farben,49324,Melle,Purple Grape,IMC THC22 GGA,Indica,21.8%,1%,"7,99 €/g",Auf Lager,https://greenmedical.health/de/cannabis/flower/imc-gga-thc22-purple-grape?deliveryTarget=cGhhcm1hY3k6fDozOTFiNGY4Mi0xOTA0LTRkMzYtOGFmMS0xZTk1YzkxODc5MjA%3D#reviews
Cannabis Rheinland,53474,Bad Neuenahr,OJ Zainbow,IUVO 24/1 KC,Sativa,24%,1%,"7,79 €/g",Auf Lager,https://greenmedical.health/de/cannabis/flower/iuvo_24_1_kc-oj_zainbow?deliveryTarget=cGhhcm1hY3k6fDo2ZWJiZjZhOS1mZmJiLTQzNjUtOWRkNC1kMTA1MWU0YTg3YWU%3D#reviews
Cannabis Rheinland,53474,Bad Neuenahr,Cape Venin,Cannabis flos 28/1 CSF Ku.,Hybrid,28%,1%,"4,99 €/g",Auf Lager,https://greenmedical.health/de/cannabis/flower/cannabis_flos_28_1_csf_ku_-cape_venin?deliveryTarget=cGhhcm1hY3k6fDo2ZWJiZjZhOS1mZmJiLTQzNjUtOWRkNC1kMTA1MWU0YTg3YWU%3D#reviews
Cannabis Rheinland,53474,Bad Neuenahr,Queen SanG,Wellford Aquaponic 30/1 QSG,Sativa,30%,1%,"7,98 €/g",Auf Lager,https://greenmedical.health/de/cannabis/flower/wellford_aquaponic_30_1_qsg-queen_sang?deliveryTarget=cGhhcm1hY3k6fDo2ZWJiZjZhOS1mZmJiLTQzNjUtOWRkNC1kMTA1MWU0YTg3YWU%3D#reviews
Cannabis Rheinland,53474,Bad Neuenahr,Sour Ape,Luana 24/1 APE,Hybrid,22%,1%,"4,79 €/g",Auf Lager,https://greenmedical.health/de/cannabis/flower/luana_24_1_ape-sour_ape?deliveryTarget=cGhhcm1hY3k6fDo2ZWJiZjZhOS1mZmJiLTQzNjUtOWRkNC1kMTA1MWU0YTg3YWU%3D#reviews
Cannabis Rheinland,53474,Bad Neuenahr,Killer Cupcake,IUVO 22/1 OC,Hybrid,22%,1%,"7,69 €/g",Auf Lager,https://greenmedical.health/de/cannabis/flower/iuvo_22_1_oc-killer_cupcake?deliveryTarget=cGhhcm1hY3k6fDo2ZWJiZjZhOS1mZmJiLTQzNjUtOWRkNC1kMTA1MWU0YTg3YWU%3D#reviews
Cannabis Rheinland,53474,Bad Neuenahr,Bashengo,Cannabis flos 23/1 CSF Ku.,Hybrid Indica Dominant,23%,1%,"4,55 €/g",Auf Lager,https://greenmedical.health/de/cannabis/flower/canify_cannabis_flos_23_1_csf_ku_-bashengo?deliveryTarget=cGhhcm1hY3k6fDo2ZWJiZjZhOS1mZmJiLTQzNjUtOWRkNC1kMTA1MWU0YTg3YWU%3D#reviews
Cannabis Rheinland,53474,Bad Neuenahr,Atlantic Glue GG4,Wellford Aquaponic 26/1 ATG,Hybrid Indica Dominant,26%,1%,"6,29 €/g",Auf Lager,https://greenmedical.health/de/cannabis/flower/wellford_aquaponic_26_1_atg-atlantic_glue_gg4?deliveryTarget=cGhhcm1hY3k6fDo2ZWJiZjZhOS1mZmJiLTQzNjUtOWRkNC1kMTA1MWU0YTg3YWU%3D#reviews
Cannabis Rheinland,53474,Bad Neuenahr,Cosmic Cream,Pedanios 31/1 COS-CA,Hybrid Indica Dominant,31%,<1%,"7,49 €/g",Auf Lager,https://greenmedical.health/de/cannabis/flower/pedanios-31-1-cos-ca-cosmic-cream-34e1?deliveryTarget=cGhhcm1hY3k6fDo2ZWJiZjZhOS1mZmJiLTQzNjUtOWRkNC1kMTA1MWU0YTg3YWU%3D#reviews
Cannabis Rheinland,53474,Bad Neuenahr,Electric Honeydew (EHD),Pedanios 26/1 EHD-CA,Sativa,26%,<1%,"5,49 €/g",Auf Lager,https://greenmedical.health/de/cannabis/flower/pedanios-26-1-ehd-ca-electric-honeydew-ehd?deliveryTarget=cGhhcm1hY3k6fDo2ZWJiZjZhOS1mZmJiLTQzNjUtOWRkNC1kMTA1MWU0YTg3YWU%3D#reviews
Cannabis Rheinland,53474,Bad Neuenahr,Afina,Bedrocan Cannabis Flos 22/1,Sativa,22%,<1%,"7,29 €/g",Auf Lager,https://greenmedical.health/de/cannabis/flower/bedrocan-afina?deliveryTarget=cGhhcm1hY3k6fDo2ZWJiZjZhOS1mZmJiLTQzNjUtOWRkNC1kMTA1MWU0YTg3YWU%3D#reviews
Cannabis Rheinland,53474,Bad Neuenahr,Space Rider,ZOIKS 31/1 SR,Hybrid Indica Dominant,31%,1%,"4,99 €/g",Auf Lager,https://greenmedical.health/de/cannabis/flower/zoiks_31_1_sr-space_rider?deliveryTarget=cGhhcm1hY3k6fDo2ZWJiZjZhOS1mZmJiLTQzNjUtOWRkNC1kMTA1MWU0YTg3YWU%3D#reviews
Cannabis Rheinland,53474,Bad Neuenahr,Sourdough,Pedanios 29/1 SRD-CA,Indica,29%,<1%,"5,99 €/g",Auf Lager,https://greenmedical.health/de/cannabis/flower/pedanios-29-1-srd-ca-sourdough-srd?deliveryTarget=cGhhcm1hY3k6fDo2ZWJiZjZhOS1mZmJiLTQzNjUtOWRkNC1kMTA1MWU0YTg3YWU%3D#reviews
Cannabis Rheinland,53474,Bad Neuenahr,Waffle Bites,AVAAY Signature 28/1 WB,Indica,28%,<1%,"7,19 €/g",Auf Lager,https://greenmedical.health/de/cannabis/flower/avaay-signature-28-1-wb-waffle-bites?deliveryTarget=cGhhcm1hY3k6fDo2ZWJiZjZhOS1mZmJiLTQzNjUtOWRkNC1kMTA1MWU0YTg3YWU%3D#reviews
Cannabis Rheinland,53474,Bad Neuenahr,Tubitti Frubitti,TANNENBUSCH 31/1 TF,Hybrid Indica Dominant,31%,<1%,"8,79 €/g",Auf Lager,https://greenmedical.health/de/cannabis/flower/tannenbusch_31_1_tf-tubitti_frubitti?deliveryTarget=cGhhcm1hY3k6fDo2ZWJiZjZhOS1mZmJiLTQzNjUtOWRkNC1kMTA1MWU0YTg3YWU%3D#reviews
Cannabis Rheinland,53474,Bad Neuenahr,Farm Gas (FRG),Pedanios 27/1 FRG-CA,Hybrid,27%,<1%,"5,59 €/g",Auf Lager,https://greenmedical.health/de/cannabis/flower/pedanios-27-1-frg-ca-farm-gas-frg?deliveryTarget=cGhhcm1hY3k6fDo2ZWJiZjZhOS1mZmJiLTQzNjUtOWRkNC1kMTA1MWU0YTg3YWU%3D#reviews
Cannabis Rheinland,53474,Bad Neuenahr,Wedding Tree,Cannamedical Sativa Forte NM,Hybrid,24%,<1%,"8,69 €/g",Auf Lager,https://greenmedical.health/de/cannabis/flower/cannamedical_sativa_forte_nm-wedding_tree?deliveryTarget=cGhhcm1hY3k6fDo2ZWJiZjZhOS1mZmJiLTQzNjUtOWRkNC1kMTA1MWU0YTg3YWU%3D#reviews
Cannabis Rheinland,53474,Bad Neuenahr,Space Cake,Peace Naturals 33/1 SC,Hybrid Sativa Dominant,33%,1%,"7,19 €/g",Auf Lager,https://greenmedical.health/de/cannabis/flower/peace-naturals-33-1-sc-space-cake-c4d2?deliveryTarget=cGhhcm1hY3k6fDo2ZWJiZjZhOS1mZmJiLTQzNjUtOWRkNC1kMTA1MWU0YTg3YWU%3D#reviews
Cannabis Rheinland,53474,Bad Neuenahr,Polar Cookies,Cannamedical Sativa Ultra NM,Hybrid Sativa Dominant,29.7%,<1%,"7,49 €/g",Auf Lager,https://greenmedical.health/de/cannabis/flower/cannamedical-sativa-ultra-nm-polar-cookies-fa5c?deliveryTarget=cGhhcm1hY3k6fDo2ZWJiZjZhOS1mZmJiLTQzNjUtOWRkNC1kMTA1MWU0YTg3YWU%3D#reviews
Cannabis Rheinland,53474,Bad Neuenahr,Amnesia Haze Cake,AVAAY 32/1 AHC,Hybrid Sativa Dominant,32%,1%,"9,19 €/g",Auf Lager,https://greenmedical.health/de/cannabis/flower/avaay_32_1_ahc-amnesia_haze_cake?deliveryTarget=cGhhcm1hY3k6fDo2ZWJiZjZhOS1mZmJiLTQzNjUtOWRkNC1kMTA1MWU0YTg3YWU%3D#reviews
Cannabis Rheinland,53474,Bad Neuenahr,Chemango Kush,Pedanios 28/1 CMK-CA,Hybrid Indica Dominant,28%,1%,"5,99 €/g",Auf Lager,https://greenmedical.health/de/cannabis/flower/pedanios_28_1_cmk_ca-chemango_kush?deliveryTarget=cGhhcm1hY3k6fDo2ZWJiZjZhOS1mZmJiLTQzNjUtOWRkNC1kMTA1MWU0YTg3YWU%3D#reviews
Cannabis Rheinland,53474,Bad Neuenahr,Siggis Pfefferminze,Siggis PMNZ 28:01,Hybrid,28%,1%,"8,99 €/g",Auf Lager,https://greenmedical.health/de/cannabis/flower/siggis_pmnz_28_01-siggis_pfefferminze?deliveryTarget=cGhhcm1hY3k6fDo2ZWJiZjZhOS1mZmJiLTQzNjUtOWRkNC1kMTA1MWU0YTg3YWU%3D#reviews
Cannabis Rheinland,53474,Bad Neuenahr,Cinderella Kush,Huala 27/1 UK CIN,Hybrid Indica Dominant,27%,1%,"4,48 €/g",Auf Lager,https://greenmedical.health/de/cannabis/flower/huala_27_1_uk_cin-cinderella_kush?deliveryTarget=cGhhcm1hY3k6fDo2ZWJiZjZhOS1mZmJiLTQzNjUtOWRkNC1kMTA1MWU0YTg3YWU%3D#reviews
Cannabis Rheinland,53474,Bad Neuenahr,Tangrini,ZOIKS 22/1 TG,Hybrid Sativa Dominant,24%,1%,"3,89 €/g",Auf Lager,https://greenmedical.health/de/cannabis/flower/zoiks_22_1_tg-tangrini?deliveryTarget=cGhhcm1hY3k6fDo2ZWJiZjZhOS1mZmJiLTQzNjUtOWRkNC1kMTA1MWU0YTg3YWU%3D#reviews
Cannabis Rheinland,53474,Bad Neuenahr,Georgia Pie,N!CE 26/1 GP,Hybrid,26%,1%,"5,39 €/g",Auf Lager,https://greenmedical.health/de/cannabis/flower/n_ce_26_1_gp-georgia_pie?deliveryTarget=cGhhcm1hY3k6fDo2ZWJiZjZhOS1mZmJiLTQzNjUtOWRkNC1kMTA1MWU0YTg3YWU%3D#reviews
Cannabis Rheinland,53474,Bad Neuenahr,Black Cherry Punch,enua 22/1 PS3 BCP CA,Hybrid Indica Dominant,22%,0.9%,"4,39 €/g",Auf Lager,https://greenmedical.health/de/cannabis/flower/enua_22_1_ps3_bcp_ca-black_cherry_punch?deliveryTarget=cGhhcm1hY3k6fDo2ZWJiZjZhOS1mZmJiLTQzNjUtOWRkNC1kMTA1MWU0YTg3YWU%3D#reviews
Cannabis Rheinland,53474,Bad Neuenahr,Lemon Cookies,Cannamedical Hybrid Ultra BC,Hybrid,28%,<1%,"5,49 €/g",Auf Lager,https://greenmedical.health/de/cannabis/flower/cannamedical_hybrid_ultra_bc-lemon_cookies?deliveryTarget=cGhhcm1hY3k6fDo2ZWJiZjZhOS1mZmJiLTQzNjUtOWRkNC1kMTA1MWU0YTg3YWU%3D#reviews
Cannabis Rheinland,53474,Bad Neuenahr,Golden Goat,Demecan Core Golden Horizon 30:01,Hybrid Sativa Dominant,30%,1%,"6,89 €/g",Auf Lager,https://greenmedical.health/de/cannabis/flower/demecan_core_golden_horizon_30_01-golden_goat?deliveryTarget=cGhhcm1hY3k6fDo2ZWJiZjZhOS1mZmJiLTQzNjUtOWRkNC1kMTA1MWU0YTg3YWU%3D#reviews
Cannabis Rheinland,53474,Bad Neuenahr,Gossip Gun,Avaay Signature 31/1 GOG,Hybrid Indica Dominant,31%,1%,"7,40 €/g",Auf Lager,https://greenmedical.health/de/cannabis/flower/avaay_signature_31_1_gog-gossip_gun?deliveryTarget=cGhhcm1hY3k6fDo2ZWJiZjZhOS1mZmJiLTQzNjUtOWRkNC1kMTA1MWU0YTg3YWU%3D#reviews
Cannabis Rheinland,53474,Bad Neuenahr,Purps Crystal Breath,enua 33/1 PCB CA,Hybrid Indica Dominant,33%,1%,"5,99 €/g",Auf Lager,https://greenmedical.health/de/cannabis/flower/enua_33_1_pcb_ca-purps_crystal_breath?deliveryTarget=cGhhcm1hY3k6fDo2ZWJiZjZhOS1mZmJiLTQzNjUtOWRkNC1kMTA1MWU0YTg3YWU%3D#reviews
Cannabis Rheinland,53474,Bad Neuenahr,Strawberry Cake,N!CE 24/1 SWC,Hybrid Indica Dominant,24%,1%,"4,44 €/g",Auf Lager,https://greenmedical.health/de/cannabis/flower/n_ce_24_1_swc-strawberry_cake?deliveryTarget=cGhhcm1hY3k6fDo2ZWJiZjZhOS1mZmJiLTQzNjUtOWRkNC1kMTA1MWU0YTg3YWU%3D#reviews
Cannabis Rheinland,53474,Bad Neuenahr,Nothern Lime Pie,enua 33/1 NLP CA,Hybrid,33%,1%,"5,99 €/g",Auf Lager,https://greenmedical.health/de/cannabis/flower/enua_33_1_nlp_ca-nothern_lime_pie?deliveryTarget=cGhhcm1hY3k6fDo2ZWJiZjZhOS1mZmJiLTQzNjUtOWRkNC1kMTA1MWU0YTg3YWU%3D#reviews
Cannabis Rheinland,53474,Bad Neuenahr,Azzai,ZOIKS 22/1 AZZ,Hybrid,22%,1%,"4,19 €/g",Auf Lager,https://greenmedical.health/de/cannabis/flower/zoiks_22_1_azz-azzai?deliveryTarget=cGhhcm1hY3k6fDo2ZWJiZjZhOS1mZmJiLTQzNjUtOWRkNC1kMTA1MWU0YTg3YWU%3D#reviews
Cannabis Rheinland,53474,Bad Neuenahr,Lemoncello,Weeco LMC 33/1 DK,Hybrid,33%,1%,"5,29 €/g",NEU,https://greenmedical.health/de/cannabis/flower/weeco_lmc_33_1_dk-lemoncello?deliveryTarget=cGhhcm1hY3k6fDo2ZWJiZjZhOS1mZmJiLTQzNjUtOWRkNC1kMTA1MWU0YTg3YWU%3D#reviews
Cannabis Rheinland,53474,Bad Neuenahr,UK Cheddar Cheese,ZOIKS 26/1 UKCC,Hybrid Indica Dominant,26%,1%,"4,19 €/g",Auf Lager,https://greenmedical.health/de/cannabis/flower/zoiks_26_1_ukcc-uk_cheddar_cheese?deliveryTarget=cGhhcm1hY3k6fDo2ZWJiZjZhOS1mZmJiLTQzNjUtOWRkNC1kMTA1MWU0YTg3YWU%3D#reviews
Cannabis Rheinland,53474,Bad Neuenahr,Moon Berry,Pedanios 10/13 MBE-CA Moon Berry,Hybrid,10%,13%,"9,59 €/g",Auf Lager,https://greenmedical.health/de/cannabis/flower/pedanios_10_13_mbe_ca_moon_berry-moon_berry?deliveryTarget=cGhhcm1hY3k6fDo2ZWJiZjZhOS1mZmJiLTQzNjUtOWRkNC1kMTA1MWU0YTg3YWU%3D#reviews
Cannabis Rheinland,53474,Bad Neuenahr,Guava Barz,N!CE 30/1 GBA,Hybrid Indica Dominant,30%,1%,"5,29 €/g",Auf Lager,https://greenmedical.health/de/cannabis/flower/n_ce_30_1_gba-guava_barz?deliveryTarget=cGhhcm1hY3k6fDo2ZWJiZjZhOS1mZmJiLTQzNjUtOWRkNC1kMTA1MWU0YTg3YWU%3D#reviews
Cannabis Rheinland,53474,Bad Neuenahr,GMO Cookies,Peace Naturals 29/1 GC,Indica,29%,<1%,"6,19 €/g",Auf Lager,https://greenmedical.health/de/cannabis/flower/peace_naturals_29_1_gc-gmo_cookies?deliveryTarget=cGhhcm1hY3k6fDo2ZWJiZjZhOS1mZmJiLTQzNjUtOWRkNC1kMTA1MWU0YTg3YWU%3D#reviews
Cannabis Rheinland,53474,Bad Neuenahr,El Jefe,Cannamedical Indica forte El Jefe,Indica,24%,<1%,"9,69 €/g",Auf Lager,https://greenmedical.health/de/cannabis/flower/cannamedical-indica-forte-el-jefe-el-jefe?deliveryTarget=cGhhcm1hY3k6fDo2ZWJiZjZhOS1mZmJiLTQzNjUtOWRkNC1kMTA1MWU0YTg3YWU%3D#reviews
Cannabis Rheinland,53474,Bad Neuenahr,Lotus Punch,N!CE 33/1 LP,Hybrid Sativa Dominant,33%,1%,"6,99 €/g",NEU,https://greenmedical.health/de/cannabis/flower/n_ce_33_1_lp-lotus_punch?deliveryTarget=cGhhcm1hY3k6fDo2ZWJiZjZhOS1mZmJiLTQzNjUtOWRkNC1kMTA1MWU0YTg3YWU%3D#reviews
Cannabis Rheinland,53474,Bad Neuenahr,Ghost Train Haze,Pedanios 22/1,Sativa,22%,<1%,"7,99 €/g",Auf Lager,https://greenmedical.health/de/cannabis/flower/pedanios_22_1-ghost_train_haze?deliveryTarget=cGhhcm1hY3k6fDo2ZWJiZjZhOS1mZmJiLTQzNjUtOWRkNC1kMTA1MWU0YTg3YWU%3D#reviews
Cannabis Rheinland,53474,Bad Neuenahr,Wedding Cake,31/1 Amici WC,Hybrid,31%,1%,"6,19 €/g",Auf Lager,https://greenmedical.health/de/cannabis/flower/31_1_amici_wc-wedding_cake?deliveryTarget=cGhhcm1hY3k6fDo2ZWJiZjZhOS1mZmJiLTQzNjUtOWRkNC1kMTA1MWU0YTg3YWU%3D#reviews
Cannabis Rheinland,53474,Bad Neuenahr,Mac 1,N!CE 24/1 Mac 1,Hybrid Indica Dominant,24%,1%,"4,99 €/g",Auf Lager,https://greenmedical.health/de/cannabis/flower/n_ce_24_1_mac_1-mac_1?deliveryTarget=cGhhcm1hY3k6fDo2ZWJiZjZhOS1mZmJiLTQzNjUtOWRkNC1kMTA1MWU0YTg3YWU%3D#reviews
Cannabis Rheinland,53474,Bad Neuenahr,Gary Payton x Gushers,Drapalin 31/1 Da Fux,Hybrid Indica Dominant,31%,1%,"6,19 €/g",Auf Lager,https://greenmedical.health/de/cannabis/flower/drapalin_31_1_da_fux-gary_payton_x_gushers?deliveryTarget=cGhhcm1hY3k6fDo2ZWJiZjZhOS1mZmJiLTQzNjUtOWRkNC1kMTA1MWU0YTg3YWU%3D#reviews
Cannabis Rheinland,53474,Bad Neuenahr,Pineapple God,Huala 30/1 CA POG,Hybrid Sativa Dominant,30%,1%,"4,69 €/g",Auf Lager,https://greenmedical.health/de/cannabis/flower/huala_30_1_ca_pog-midnight?deliveryTarget=cGhhcm1hY3k6fDo2ZWJiZjZhOS1mZmJiLTQzNjUtOWRkNC1kMTA1MWU0YTg3YWU%3D#reviews
Cannabis Rheinland,53474,Bad Neuenahr,OG Kush,Peace Naturals 31/1 OK,Hybrid Indica Dominant,31%,1%,"7,49 €/g",Auf Lager,https://greenmedical.health/de/cannabis/flower/peace_naturals_31_1_ok-og_kush?deliveryTarget=cGhhcm1hY3k6fDo2ZWJiZjZhOS1mZmJiLTQzNjUtOWRkNC1kMTA1MWU0YTg3YWU%3D#reviews
Cannabis Rheinland,53474,Bad Neuenahr,Midnight,TIKUN Midnight 10/14,Hybrid Sativa Dominant,10%,14%,"7,99 €/g",Auf Lager,https://greenmedical.health/de/cannabis/flower/tikun_midnight_10_14-midnight?deliveryTarget=cGhhcm1hY3k6fDo2ZWJiZjZhOS1mZmJiLTQzNjUtOWRkNC1kMTA1MWU0YTg3YWU%3D#reviews
Cannabis Rheinland,53474,Bad Neuenahr,Black Cherry Punch,enua 25/1 PS3 CA BCP,Hybrid Indica Dominant,25%,1%,"4,89 €/g",Auf Lager,https://greenmedical.health/de/cannabis/flower/enua_25_1_ps3_ca_bcp-black_cherry_punch?deliveryTarget=cGhhcm1hY3k6fDo2ZWJiZjZhOS1mZmJiLTQzNjUtOWRkNC1kMTA1MWU0YTg3YWU%3D#reviews
Cannabis Rheinland,53474,Bad Neuenahr,Gorilla Glue 4,IMC THC27 T03 GG4,Indica,27%,<1%,"4,89 €/g",Auf Lager,https://greenmedical.health/de/cannabis/flower/imc-thc27-t03-gg4-gorilla-glue-4?deliveryTarget=cGhhcm1hY3k6fDo2ZWJiZjZhOS1mZmJiLTQzNjUtOWRkNC1kMTA1MWU0YTg3YWU%3D#reviews
Cannabis Rheinland,53474,Bad Neuenahr,Garlic Truffle,N!CE 31/1 GT,Hybrid Indica Dominant,31%,1%,"5,89 €/g",Auf Lager,https://greenmedical.health/de/cannabis/flower/n_ce_31_1_gt-garlic_truffle?deliveryTarget=cGhhcm1hY3k6fDo2ZWJiZjZhOS1mZmJiLTQzNjUtOWRkNC1kMTA1MWU0YTg3YWU%3D#reviews
Cannabis Rheinland,53474,Bad Neuenahr,Marshmallow Man,enua 33/1 MMN CA,Indica,33%,1%,"6,19 €/g",Auf Lager,https://greenmedical.health/de/cannabis/flower/enua_33_1_mmn_ca-marshmallow_man?deliveryTarget=cGhhcm1hY3k6fDo2ZWJiZjZhOS1mZmJiLTQzNjUtOWRkNC1kMTA1MWU0YTg3YWU%3D#reviews
Cannabis Rheinland,53474,Bad Neuenahr,Black Jelly,Pedanios 27/1 BLY-CA,Hybrid Sativa Dominant,27%,1%,"5,99 €/g",Auf Lager,https://greenmedical.health/de/cannabis/flower/pedanios_27_1_bly_ca-black_jelly?deliveryTarget=cGhhcm1hY3k6fDo2ZWJiZjZhOS1mZmJiLTQzNjUtOWRkNC1kMTA1MWU0YTg3YWU%3D#reviews
Cannabis Rheinland,53474,Bad Neuenahr,Jet Fuel Gelato,enua 27/1 PS3 JFG CA,Hybrid,27%,1%,"5,49 €/g",Auf Lager,https://greenmedical.health/de/cannabis/flower/enua_27_1_ps3_jfg_ca-jet_fuel_gelato?deliveryTarget=cGhhcm1hY3k6fDo2ZWJiZjZhOS1mZmJiLTQzNjUtOWRkNC1kMTA1MWU0YTg3YWU%3D#reviews
Cannabis Rheinland,53474,Bad Neuenahr,Kush Mint,Canopy KMI 30/1,Hybrid Indica Dominant,30%,<1%,"4,15 €/g",Auf Lager,https://greenmedical.health/de/cannabis/flower/canopy_kmi_30_1-kush_mintz?deliveryTarget=cGhhcm1hY3k6fDo2ZWJiZjZhOS1mZmJiLTQzNjUtOWRkNC1kMTA1MWU0YTg3YWU%3D#reviews
Cannabis Rheinland,53474,Bad Neuenahr,Strawberry OG,Cannamedical CM 28/1 BRY,Hybrid,29.6%,1%,"5,99 €/g",Auf Lager,https://greenmedical.health/de/cannabis/flower/cannamedical_cm_28_1_bry-strawberry_og?deliveryTarget=cGhhcm1hY3k6fDo2ZWJiZjZhOS1mZmJiLTQzNjUtOWRkNC1kMTA1MWU0YTg3YWU%3D#reviews
Cannabis Rheinland,53474,Bad Neuenahr,Gorilla Glue 4,IMC THC25 T03 GG4,Indica,25%,<1%,"3,89 €/g",Auf Lager,https://greenmedical.health/de/cannabis/flower/imc-thc25-t03-gg4-gorilla-glue-4?deliveryTarget=cGhhcm1hY3k6fDo2ZWJiZjZhOS1mZmJiLTQzNjUtOWRkNC1kMTA1MWU0YTg3YWU%3D#reviews
Cannabis Rheinland,53474,Bad Neuenahr,Frozen Lemon Haze,Pedanios 25/1 FLH CA,Hybrid Sativa Dominant,25%,1%,"7,89 €/g",Auf Lager,https://greenmedical.health/de/cannabis/flower/pedanios_25_1_flh_ca-frozen_lemon_haze?deliveryTarget=cGhhcm1hY3k6fDo2ZWJiZjZhOS1mZmJiLTQzNjUtOWRkNC1kMTA1MWU0YTg3YWU%3D#reviews
Cannabis Rheinland,53474,Bad Neuenahr,Morning Sun,N!CE 32/1 MOS,Hybrid Indica Dominant,32%,1%,"6,69 €/g",Auf Lager,https://greenmedical.health/de/cannabis/flower/n_ce_32_1_mos-morning_sun?deliveryTarget=cGhhcm1hY3k6fDo2ZWJiZjZhOS1mZmJiLTQzNjUtOWRkNC1kMTA1MWU0YTg3YWU%3D#reviews
Cannabis Rheinland,53474,Bad Neuenahr,White Walker,N!CE 25/1 WW,Hybrid,25%,1%,"4,89 €/g",NEU,https://greenmedical.health/de/cannabis/flower/n_ce_25_1_ww-white_walker?deliveryTarget=cGhhcm1hY3k6fDo2ZWJiZjZhOS1mZmJiLTQzNjUtOWRkNC1kMTA1MWU0YTg3YWU%3D#reviews
Cannabis Rheinland,53474,Bad Neuenahr,High Octane 94,Remexian 33/1 BBR HOT,Hybrid Indica Dominant,33%,1%,"6,19 €/g",NEU,https://greenmedical.health/de/cannabis/flower/remexian_33_1_bbr_hot-high_octane_94?deliveryTarget=cGhhcm1hY3k6fDo2ZWJiZjZhOS1mZmJiLTQzNjUtOWRkNC1kMTA1MWU0YTg3YWU%3D#reviews
Cannabis Rheinland,53474,Bad Neuenahr,LA Kush Cake,N!CE 26/1 KC,Hybrid Indica Dominant,26%,1%,"4,19 €/g",Auf Lager,https://greenmedical.health/de/cannabis/flower/n_ce_26_1_kc-la_kush_cake?deliveryTarget=cGhhcm1hY3k6fDo2ZWJiZjZhOS1mZmJiLTQzNjUtOWRkNC1kMTA1MWU0YTg3YWU%3D#reviews
Cannabis Rheinland,53474,Bad Neuenahr,Permanent Marker,CzechOut 27/1 PMM,Hybrid,27%,1%,"4,59 €/g",Auf Lager,https://greenmedical.health/de/cannabis/flower/czechout_27_1_pmm-permanent_marker?deliveryTarget=cGhhcm1hY3k6fDo2ZWJiZjZhOS1mZmJiLTQzNjUtOWRkNC1kMTA1MWU0YTg3YWU%3D#reviews
Cannabis Rheinland,53474,Bad Neuenahr,Ghost Train Haze,Cannamedical Hybrid Forte DK 24/1,Hybrid Indica Dominant,24%,1%,"5,79 €/g",Auf Lager,https://greenmedical.health/de/cannabis/flower/cannamedical_hybrid_forte_dk_24_1-ghost_train_haze?deliveryTarget=cGhhcm1hY3k6fDo2ZWJiZjZhOS1mZmJiLTQzNjUtOWRkNC1kMTA1MWU0YTg3YWU%3D#reviews
Cannabis Rheinland,53474,Bad Neuenahr,Dank Wafers,Cannamedical Indica Classic 20/1 ZAF,Hybrid,20%,<1%,"6,49 €/g",Auf Lager,https://greenmedical.health/de/cannabis/flower/cannamedical_indica_classic_20_1_zaf-dank_wafers?deliveryTarget=cGhhcm1hY3k6fDo2ZWJiZjZhOS1mZmJiLTQzNjUtOWRkNC1kMTA1MWU0YTg3YWU%3D#reviews
Cannabis Rheinland,53474,Bad Neuenahr,Siggis Löwenzahn,Siggis LWZAHN 22:01,Hybrid,22%,1%,"8,99 €/g",Auf Lager,https://greenmedical.health/de/cannabis/flower/siggis_lwzahn_22_01-siggis_loewenzahn?deliveryTarget=cGhhcm1hY3k6fDo2ZWJiZjZhOS1mZmJiLTQzNjUtOWRkNC1kMTA1MWU0YTg3YWU%3D#reviews
Cannabis Rheinland,53474,Bad Neuenahr,Garlic Truffle,Cannamedical Hybrid Forte 24/1,Hybrid,24%,1%,"6,59 €/g",Auf Lager,https://greenmedical.health/de/cannabis/flower/cannamedical_hybrid_forte_24_1-garlic_truffle?deliveryTarget=cGhhcm1hY3k6fDo2ZWJiZjZhOS1mZmJiLTQzNjUtOWRkNC1kMTA1MWU0YTg3YWU%3D#reviews
Cannabis Rheinland,53474,Bad Neuenahr,Jealousy,Nimbus easy 22/1,Hybrid Indica Dominant,22%,1%,"4,49 €/g",Auf Lager,https://greenmedical.health/de/cannabis/flower/nimbus_easy_22_1-jealousy?deliveryTarget=cGhhcm1hY3k6fDo2ZWJiZjZhOS1mZmJiLTQzNjUtOWRkNC1kMTA1MWU0YTg3YWU%3D#reviews
Cannabis Rheinland,53474,Bad Neuenahr,Platinum Grapes,CM 24/1 PG,Hybrid,24%,<1%,"6,99 €/g",Auf Lager,https://greenmedical.health/de/cannabis/flower/cm-24-1-pg-platinum-grapes?deliveryTarget=cGhhcm1hY3k6fDo2ZWJiZjZhOS1mZmJiLTQzNjUtOWRkNC1kMTA1MWU0YTg3YWU%3D#reviews
Cannabis Rheinland,53474,Bad Neuenahr,Upside Down Cake,enua 25/1 UDC CA,Hybrid,25.5%,<1%,"6,49 €/g",Auf Lager,https://greenmedical.health/de/cannabis/flower/enua_25_1_udc_ca-upside_down_cake?deliveryTarget=cGhhcm1hY3k6fDo2ZWJiZjZhOS1mZmJiLTQzNjUtOWRkNC1kMTA1MWU0YTg3YWU%3D#reviews
Cannabis Rheinland,53474,Bad Neuenahr,Hippie Kush,Luana Kush 28/1,Hybrid Sativa Dominant,28%,1%,"5,29 €/g",Auf Lager,https://greenmedical.health/de/cannabis/flower/luana_kush_28_1-hippie_kush?deliveryTarget=cGhhcm1hY3k6fDo2ZWJiZjZhOS1mZmJiLTQzNjUtOWRkNC1kMTA1MWU0YTg3YWU%3D#reviews
Cannabis Rheinland,53474,Bad Neuenahr,Chemdawg,420 Sungrown 22/1 CA Dog,Hybrid Indica Dominant,22%,<1%,"5,60 €/g",Auf Lager,https://greenmedical.health/de/cannabis/flower/420_sungrown_22_1_ca_dog-chemdog?deliveryTarget=cGhhcm1hY3k6fDo2ZWJiZjZhOS1mZmJiLTQzNjUtOWRkNC1kMTA1MWU0YTg3YWU%3D#reviews
Cannabis Rheinland,53474,Bad Neuenahr,Rainmaker,Cannamedical Indica Forte SM Sunset Serenity,Hybrid Indica Dominant,25%,1%,"5,99 €/g",Auf Lager,https://greenmedical.health/de/cannabis/flower/cannamedical_indica_forte_sm_sunset_serenity-rainmaker?deliveryTarget=cGhhcm1hY3k6fDo2ZWJiZjZhOS1mZmJiLTQzNjUtOWRkNC1kMTA1MWU0YTg3YWU%3D#reviews
Cannabis Rheinland,53474,Bad Neuenahr,Fullgas,Cannamedical Hybrid forte DK,Hybrid,24%,1%,"4,98 €/g",Auf Lager,https://greenmedical.health/de/cannabis/flower/cannamedical_hybrid_forte_dk-fullgas?deliveryTarget=cGhhcm1hY3k6fDo2ZWJiZjZhOS1mZmJiLTQzNjUtOWRkNC1kMTA1MWU0YTg3YWU%3D#reviews
Cannabis Rheinland,53474,Bad Neuenahr,Dayglow,MGF 26/1 DG,Hybrid,26%,<1%,"6,29 €/g",Auf Lager,https://greenmedical.health/de/cannabis/flower/mgf_26_1_dg-dayglow?deliveryTarget=cGhhcm1hY3k6fDo2ZWJiZjZhOS1mZmJiLTQzNjUtOWRkNC1kMTA1MWU0YTg3YWU%3D#reviews
Cannabis Rheinland,53474,Bad Neuenahr,Grapple Pie,MGF J03 26 Jokerz #53,Hybrid Indica Dominant,26%,1%,"4,69 €/g",Auf Lager,https://greenmedical.health/de/cannabis/flower/mgf_j03_26_jokerz_53-grapple_pie?deliveryTarget=cGhhcm1hY3k6fDo2ZWJiZjZhOS1mZmJiLTQzNjUtOWRkNC1kMTA1MWU0YTg3YWU%3D#reviews
Cannabis Rheinland,53474,Bad Neuenahr,Appalachian Trail,Nimbus easy 22/1,Hybrid,22%,1%,"4,49 €/g",Auf Lager,https://greenmedical.health/de/cannabis/flower/nimbus_easy_22_1-appalachian_trail?deliveryTarget=cGhhcm1hY3k6fDo2ZWJiZjZhOS1mZmJiLTQzNjUtOWRkNC1kMTA1MWU0YTg3YWU%3D#reviews
Cannabis Apotheke Frankfurt,60487,Frankfurt am Main,Tangerine Boost,Cannamedical Indica Forte BC,Hybrid Sativa Dominant,23.8%,1%,"6,95 €/g",Auf Lager,https://greenmedical.health/de/cannabis/flower/cannamedical_indica_forte_bc-tangerine_boost?deliveryTarget=cGhhcm1hY3k6fDpiNmU1ZDhlOS02NWFiLTRjNzUtODExYy1hYjY0Mjk5NjRjOTI%3D#reviews
Cannabis Apotheke Frankfurt,60487,Frankfurt am Main,Cosmic Cream,Pedanios 31/1 COS-CA,Hybrid Indica Dominant,31%,<1%,"8,95 €/g",Auf Lager,https://greenmedical.health/de/cannabis/flower/pedanios-31-1-cos-ca-cosmic-cream-34e1?deliveryTarget=cGhhcm1hY3k6fDpiNmU1ZDhlOS02NWFiLTRjNzUtODExYy1hYjY0Mjk5NjRjOTI%3D#reviews
Cannabis Apotheke Frankfurt,60487,Frankfurt am Main,Electric Honeydew (EHD),Pedanios 26/1 EHD-CA,Sativa,26%,<1%,"6,95 €/g",Auf Lager,https://greenmedical.health/de/cannabis/flower/pedanios-26-1-ehd-ca-electric-honeydew-ehd?deliveryTarget=cGhhcm1hY3k6fDpiNmU1ZDhlOS02NWFiLTRjNzUtODExYy1hYjY0Mjk5NjRjOTI%3D#reviews
Cannabis Apotheke Frankfurt,60487,Frankfurt am Main,Cookies OG,TRUU GT 30/1,Hybrid,30%,<1%,"6,95 €/g",Auf Lager,https://greenmedical.health/de/cannabis/flower/truu_gt_30_1-cookies_og?deliveryTarget=cGhhcm1hY3k6fDpiNmU1ZDhlOS02NWFiLTRjNzUtODExYy1hYjY0Mjk5NjRjOTI%3D#reviews
Cannabis Apotheke Frankfurt,60487,Frankfurt am Main,Afina,Bedrocan Cannabis Flos 22/1,Sativa,22%,<1%,"8,90 €/g",Auf Lager,https://greenmedical.health/de/cannabis/flower/bedrocan-afina?deliveryTarget=cGhhcm1hY3k6fDpiNmU1ZDhlOS02NWFiLTRjNzUtODExYy1hYjY0Mjk5NjRjOTI%3D#reviews
Cannabis Apotheke Frankfurt,60487,Frankfurt am Main,Sourdough,Pedanios 29/1 SRD-CA,Indica,29%,<1%,"6,95 €/g",Auf Lager,https://greenmedical.health/de/cannabis/flower/pedanios-29-1-srd-ca-sourdough-srd?deliveryTarget=cGhhcm1hY3k6fDpiNmU1ZDhlOS02NWFiLTRjNzUtODExYy1hYjY0Mjk5NjRjOTI%3D#reviews
Cannabis Apotheke Frankfurt,60487,Frankfurt am Main,Waffle Bites,AVAAY Signature 28/1 WB,Indica,28%,<1%,"7,99 €/g",Auf Lager,https://greenmedical.health/de/cannabis/flower/avaay-signature-28-1-wb-waffle-bites?deliveryTarget=cGhhcm1hY3k6fDpiNmU1ZDhlOS02NWFiLTRjNzUtODExYy1hYjY0Mjk5NjRjOTI%3D#reviews
Cannabis Apotheke Frankfurt,60487,Frankfurt am Main,Animal Mints x Bubba Kush,TRUU PS 30/1,Hybrid Indica Dominant,30%,1%,"6,25 €/g",Auf Lager,https://greenmedical.health/de/cannabis/flower/truu_ps_30_1-pucker_up?deliveryTarget=cGhhcm1hY3k6fDpiNmU1ZDhlOS02NWFiLTRjNzUtODExYy1hYjY0Mjk5NjRjOTI%3D#reviews
Cannabis Apotheke Frankfurt,60487,Frankfurt am Main,Polar Cookies,Cannamedical Sativa Ultra NM,Hybrid Sativa Dominant,29.7%,<1%,"9,45 €/g",Auf Lager,https://greenmedical.health/de/cannabis/flower/cannamedical-sativa-ultra-nm-polar-cookies-fa5c?deliveryTarget=cGhhcm1hY3k6fDpiNmU1ZDhlOS02NWFiLTRjNzUtODExYy1hYjY0Mjk5NjRjOTI%3D#reviews
Cannabis Apotheke Frankfurt,60487,Frankfurt am Main,Siggis Pfefferminze,Siggis PMNZ 28:01,Hybrid,28%,1%,"9,49 €/g",Auf Lager,https://greenmedical.health/de/cannabis/flower/siggis_pmnz_28_01-siggis_pfefferminze?deliveryTarget=cGhhcm1hY3k6fDpiNmU1ZDhlOS02NWFiLTRjNzUtODExYy1hYjY0Mjk5NjRjOTI%3D#reviews
Cannabis Apotheke Frankfurt,60487,Frankfurt am Main,Cinderella Kush,Huala 27/1 UK CIN,Hybrid Indica Dominant,27%,1%,"4,99 €/g",Auf Lager,https://greenmedical.health/de/cannabis/flower/huala_27_1_uk_cin-cinderella_kush?deliveryTarget=cGhhcm1hY3k6fDpiNmU1ZDhlOS02NWFiLTRjNzUtODExYy1hYjY0Mjk5NjRjOTI%3D#reviews
Cannabis Apotheke Frankfurt,60487,Frankfurt am Main,Wedding Cake x Jet Fuel Gelato,Demecan Core Saxonia 28:1,Hybrid Indica Dominant,28%,<1%,"7,75 €/g",Auf Lager,https://greenmedical.health/de/cannabis/flower/demecan_core_saxonia_28_01-wedding_cake_x_jet_fuel_gelato?deliveryTarget=cGhhcm1hY3k6fDpiNmU1ZDhlOS02NWFiLTRjNzUtODExYy1hYjY0Mjk5NjRjOTI%3D#reviews
Cannabis Apotheke Frankfurt,60487,Frankfurt am Main,Lemon Cookies,Cannamedical Hybrid Ultra BC,Hybrid,28%,<1%,"6,25 €/g",Auf Lager,https://greenmedical.health/de/cannabis/flower/cannamedical_hybrid_ultra_bc-lemon_cookies?deliveryTarget=cGhhcm1hY3k6fDpiNmU1ZDhlOS02NWFiLTRjNzUtODExYy1hYjY0Mjk5NjRjOTI%3D#reviews
Cannabis Apotheke Frankfurt,60487,Frankfurt am Main,Golden Goat,Demecan Core Golden Horizon 30:01,Hybrid Sativa Dominant,30%,1%,"7,95 €/g",Auf Lager,https://greenmedical.health/de/cannabis/flower/demecan_core_golden_horizon_30_01-golden_goat?deliveryTarget=cGhhcm1hY3k6fDpiNmU1ZDhlOS02NWFiLTRjNzUtODExYy1hYjY0Mjk5NjRjOTI%3D#reviews
Cannabis Apotheke Frankfurt,60487,Frankfurt am Main,Gossip Gun,Avaay Signature 31/1 GOG,Hybrid Indica Dominant,31%,1%,"8,99 €/g",Auf Lager,https://greenmedical.health/de/cannabis/flower/avaay_signature_31_1_gog-gossip_gun?deliveryTarget=cGhhcm1hY3k6fDpiNmU1ZDhlOS02NWFiLTRjNzUtODExYy1hYjY0Mjk5NjRjOTI%3D#reviews
Cannabis Apotheke Frankfurt,60487,Frankfurt am Main,Midnight Lotus,Cannamedical CRAFT 28/1 Lotus,Hybrid,25.2%,1%,"9,45 €/g",Auf Lager,https://greenmedical.health/de/cannabis/flower/cannamedical_craft_28_1_lotus-pucker_up?deliveryTarget=cGhhcm1hY3k6fDpiNmU1ZDhlOS02NWFiLTRjNzUtODExYy1hYjY0Mjk5NjRjOTI%3D#reviews
Cannabis Apotheke Frankfurt,60487,Frankfurt am Main,Deep Space x Black Velvet,Casper’s No. 3 Space Velvet 26/1,Hybrid Indica Dominant,26%,1%,"10,40 €/g",Auf Lager,https://greenmedical.health/de/cannabis/flower/casper_s_no_3_space_velvet_26_1-deep_space_x_black_velvet?deliveryTarget=cGhhcm1hY3k6fDpiNmU1ZDhlOS02NWFiLTRjNzUtODExYy1hYjY0Mjk5NjRjOTI%3D#reviews
Cannabis Apotheke Frankfurt,60487,Frankfurt am Main,Blueberry Redbull,Casper’s No. 5 Blueberry Redbull 23/1,Hybrid Indica Dominant,23%,1%,"7,49 €/g",Auf Lager,https://greenmedical.health/de/cannabis/flower/casper_s_no_5_blueberry_redbull_23_1-blueberry_redbull?deliveryTarget=cGhhcm1hY3k6fDpiNmU1ZDhlOS02NWFiLTRjNzUtODExYy1hYjY0Mjk5NjRjOTI%3D#reviews
Cannabis Apotheke Frankfurt,60487,Frankfurt am Main,Waffle Truffle,Huala 25/1 UK WTR,Hybrid Indica Dominant,25%,1%,"4,75 €/g",Auf Lager,https://greenmedical.health/de/cannabis/flower/huala_25_1_uk_wtr-waffle_truffle?deliveryTarget=cGhhcm1hY3k6fDpiNmU1ZDhlOS02NWFiLTRjNzUtODExYy1hYjY0Mjk5NjRjOTI%3D#reviews
Cannabis Apotheke Frankfurt,60487,Frankfurt am Main,Alien Mints,Huala 30/1 CA ALM,Hybrid Indica Dominant,30%,1%,"4,99 €/g",NEU,https://greenmedical.health/de/cannabis/flower/huala_30_1_ca_alm-alien_mints?deliveryTarget=cGhhcm1hY3k6fDpiNmU1ZDhlOS02NWFiLTRjNzUtODExYy1hYjY0Mjk5NjRjOTI%3D#reviews
Cannabis Apotheke Frankfurt,60487,Frankfurt am Main,Ocean Grown Cookies,AVAAY Signature 31/1 OGC,Hybrid Indica Dominant,31%,1%,"10,49 €/g",Auf Lager,https://greenmedical.health/de/cannabis/flower/avaay_signature_31_1_ogc-ocean_grown_cookies?deliveryTarget=cGhhcm1hY3k6fDpiNmU1ZDhlOS02NWFiLTRjNzUtODExYy1hYjY0Mjk5NjRjOTI%3D#reviews
Cannabis Apotheke Frankfurt,60487,Frankfurt am Main,Wedding Cake,27/1 Amici WC,Hybrid,27%,<1%,"6,49 €/g",Auf Lager,https://greenmedical.health/de/cannabis/flower/27-1-amici-wc-wedding-cake-c823?deliveryTarget=cGhhcm1hY3k6fDpiNmU1ZDhlOS02NWFiLTRjNzUtODExYy1hYjY0Mjk5NjRjOTI%3D#reviews
Cannabis Apotheke Frankfurt,60487,Frankfurt am Main,Siggis Zitronenblüte,Siggis ZBLT 24:01,Hybrid Indica Dominant,24%,1%,"9,49 €/g",Auf Lager,https://greenmedical.health/de/cannabis/flower/siggis_zblt_24_01-siggis_zitronenbluete?deliveryTarget=cGhhcm1hY3k6fDpiNmU1ZDhlOS02NWFiLTRjNzUtODExYy1hYjY0Mjk5NjRjOTI%3D#reviews
Cannabis Apotheke Frankfurt,60487,Frankfurt am Main,Sourflare,ZOIKS 22/1 SF,Hybrid Sativa Dominant,22%,1%,"3,79 €/g",Auf Lager,https://greenmedical.health/de/cannabis/flower/zoiks_22_1_sf-sourflare?deliveryTarget=cGhhcm1hY3k6fDpiNmU1ZDhlOS02NWFiLTRjNzUtODExYy1hYjY0Mjk5NjRjOTI%3D#reviews
Cannabis Apotheke Frankfurt,60487,Frankfurt am Main,Tropicana Cookies,420 Natural 16/1 CA TRP,Hybrid,15%,<1%,"6,95 €/g",Auf Lager,https://greenmedical.health/de/cannabis/flower/420_natural_16_1_ca_trp-tropicana_cookies?deliveryTarget=cGhhcm1hY3k6fDpiNmU1ZDhlOS02NWFiLTRjNzUtODExYy1hYjY0Mjk5NjRjOTI%3D#reviews
Cannabis Apotheke Frankfurt,60487,Frankfurt am Main,Hawaiian Rain x Permanent Marker,Demecan CRAFT Cali 26:1,Hybrid Indica Dominant,26%,1%,"9,45 €/g",Auf Lager,https://greenmedical.health/de/cannabis/flower/demecan_craft_cali_26_1-hawaiian_rain_x_permanent_marker?deliveryTarget=cGhhcm1hY3k6fDpiNmU1ZDhlOS02NWFiLTRjNzUtODExYy1hYjY0Mjk5NjRjOTI%3D#reviews
Cannabis Apotheke Frankfurt,60487,Frankfurt am Main,Lemoncello,Weeco LMC 33/1 DK,Hybrid,33%,1%,"5,89 €/g",NEU,https://greenmedical.health/de/cannabis/flower/weeco_lmc_33_1_dk-lemoncello?deliveryTarget=cGhhcm1hY3k6fDpiNmU1ZDhlOS02NWFiLTRjNzUtODExYy1hYjY0Mjk5NjRjOTI%3D#reviews
Cannabis Apotheke Frankfurt,60487,Frankfurt am Main,First Class Funk,Demecan CRAFT FCF 28:1,Hybrid Indica Dominant,28%,<1%,"7,25 €/g",Auf Lager,https://greenmedical.health/de/cannabis/flower/demecan_craft_fcf_28_01-first_class_funk?deliveryTarget=cGhhcm1hY3k6fDpiNmU1ZDhlOS02NWFiLTRjNzUtODExYy1hYjY0Mjk5NjRjOTI%3D#reviews
Cannabis Apotheke Frankfurt,60487,Frankfurt am Main,Moon Berry,Pedanios 10/13 MBE-CA Moon Berry,Hybrid,10%,13%,"10,90 €/g",Auf Lager,https://greenmedical.health/de/cannabis/flower/pedanios_10_13_mbe_ca_moon_berry-moon_berry?deliveryTarget=cGhhcm1hY3k6fDpiNmU1ZDhlOS02NWFiLTRjNzUtODExYy1hYjY0Mjk5NjRjOTI%3D#reviews
Cannabis Apotheke Frankfurt,60487,Frankfurt am Main,Siggis Waldbeerblüte,Siggis WBLT 22:01,Hybrid Sativa Dominant,22%,1%,"15,45 €/g",Auf Lager,https://greenmedical.health/de/cannabis/flower/siggis_wblt_22_01-siggis_waldbeerbluete?deliveryTarget=cGhhcm1hY3k6fDpiNmU1ZDhlOS02NWFiLTRjNzUtODExYy1hYjY0Mjk5NjRjOTI%3D#reviews
Cannabis Apotheke Frankfurt,60487,Frankfurt am Main,GMO Cookies,Peace Naturals 29/1 GC,Indica,29%,<1%,"6,65 €/g",Auf Lager,https://greenmedical.health/de/cannabis/flower/peace_naturals_29_1_gc-gmo_cookies?deliveryTarget=cGhhcm1hY3k6fDpiNmU1ZDhlOS02NWFiLTRjNzUtODExYy1hYjY0Mjk5NjRjOTI%3D#reviews
Cannabis Apotheke Frankfurt,60487,Frankfurt am Main,El Jefe,Cannamedical Indica forte El Jefe,Indica,24%,<1%,"9,95 €/g",Auf Lager,https://greenmedical.health/de/cannabis/flower/cannamedical-indica-forte-el-jefe-el-jefe?deliveryTarget=cGhhcm1hY3k6fDpiNmU1ZDhlOS02NWFiLTRjNzUtODExYy1hYjY0Mjk5NjRjOTI%3D#reviews
Cannabis Apotheke Frankfurt,60487,Frankfurt am Main,Permanent Midnight,Bathera 20/1 PMM,Hybrid,20%,1%,"6,25 €/g",Auf Lager,https://greenmedical.health/de/cannabis/flower/bathera_20_1_pmm-permanent_midnight?deliveryTarget=cGhhcm1hY3k6fDpiNmU1ZDhlOS02NWFiLTRjNzUtODExYy1hYjY0Mjk5NjRjOTI%3D#reviews
Cannabis Apotheke Frankfurt,60487,Frankfurt am Main,Lotus Punch,N!CE 33/1 LP,Hybrid Sativa Dominant,33%,1%,"5,95 €/g",NEU,https://greenmedical.health/de/cannabis/flower/n_ce_33_1_lp-lotus_punch?deliveryTarget=cGhhcm1hY3k6fDpiNmU1ZDhlOS02NWFiLTRjNzUtODExYy1hYjY0Mjk5NjRjOTI%3D#reviews
Cannabis Apotheke Frankfurt,60487,Frankfurt am Main,Apples & Bananas,IUVO 30/1 SQ,Hybrid,30%,1%,"8,89 €/g",Auf Lager,https://greenmedical.health/de/cannabis/flower/iuvo_sq_29_1-apples_bananas?deliveryTarget=cGhhcm1hY3k6fDpiNmU1ZDhlOS02NWFiLTRjNzUtODExYy1hYjY0Mjk5NjRjOTI%3D#reviews
Cannabis Apotheke Frankfurt,60487,Frankfurt am Main,Crumbled Lime,TRUU GT 25/1,Sativa,25%,1%,"6,25 €/g",Auf Lager,https://greenmedical.health/de/cannabis/flower/truu_gt_25_1-crumbled_lime?deliveryTarget=cGhhcm1hY3k6fDpiNmU1ZDhlOS02NWFiLTRjNzUtODExYy1hYjY0Mjk5NjRjOTI%3D#reviews
Cannabis Apotheke Frankfurt,60487,Frankfurt am Main,Super Lemon Haze,30/1 Amici SLH,Hybrid Sativa Dominant,30%,1%,"6,45 €/g",NEU,https://greenmedical.health/de/cannabis/flower/30_1_amici_slh-super_lemon_haze?deliveryTarget=cGhhcm1hY3k6fDpiNmU1ZDhlOS02NWFiLTRjNzUtODExYy1hYjY0Mjk5NjRjOTI%3D#reviews
Cannabis Apotheke Frankfurt,60487,Frankfurt am Main,Pineapple God,Huala 30/1 CA POG,Hybrid Sativa Dominant,30%,1%,"5,89 €/g",Auf Lager,https://greenmedical.health/de/cannabis/flower/huala_30_1_ca_pog-midnight?deliveryTarget=cGhhcm1hY3k6fDpiNmU1ZDhlOS02NWFiLTRjNzUtODExYy1hYjY0Mjk5NjRjOTI%3D#reviews
Cannabis Apotheke Frankfurt,60487,Frankfurt am Main,Gelato Dream,Cannamedical Sativa Forte NM,Hybrid Sativa Dominant,24%,<1%,"9,95 €/g",Auf Lager,https://greenmedical.health/de/cannabis/flower/cannamedical-sativa-forte-nm-gelato-dream-gelato-dream?deliveryTarget=cGhhcm1hY3k6fDpiNmU1ZDhlOS02NWFiLTRjNzUtODExYy1hYjY0Mjk5NjRjOTI%3D#reviews
Cannabis Apotheke Frankfurt,60487,Frankfurt am Main,Snow Lotus,LIT 31/1 SNW,Hybrid Sativa Dominant,31%,1%,"5,49 €/g",Auf Lager,https://greenmedical.health/de/cannabis/flower/lit_31_1_snw-snow_lotus?deliveryTarget=cGhhcm1hY3k6fDpiNmU1ZDhlOS02NWFiLTRjNzUtODExYy1hYjY0Mjk5NjRjOTI%3D#reviews
Cannabis Apotheke Frankfurt,60487,Frankfurt am Main,Sonic Lemon Fuel,Peace Naturals 33/1 SL,Sativa,33%,<1%,"7,49 €/g",Auf Lager,https://greenmedical.health/de/cannabis/flower/peace_naturals_33_1_sl-sonic_lemon_fuel?deliveryTarget=cGhhcm1hY3k6fDpiNmU1ZDhlOS02NWFiLTRjNzUtODExYy1hYjY0Mjk5NjRjOTI%3D#reviews
Cannabis Apotheke Frankfurt,60487,Frankfurt am Main,Poison Runtz,Casper’s No. 8 Poison Runtz 26/1,Hybrid Indica Dominant,26%,1%,"10,40 €/g",Auf Lager,https://greenmedical.health/de/cannabis/flower/casper_s_no_8_poison_runtz_26_1-pastors_poison_obama_runtz?deliveryTarget=cGhhcm1hY3k6fDpiNmU1ZDhlOS02NWFiLTRjNzUtODExYy1hYjY0Mjk5NjRjOTI%3D#reviews
Cannabis Apotheke Frankfurt,60487,Frankfurt am Main,Alien Mints,Huala 25/1 CA ALM,Hybrid Indica Dominant,24%,<1%,"4,49 €/g",Auf Lager,https://greenmedical.health/de/cannabis/flower/huala_25_1_ca_alm-alien_mints?deliveryTarget=cGhhcm1hY3k6fDpiNmU1ZDhlOS02NWFiLTRjNzUtODExYy1hYjY0Mjk5NjRjOTI%3D#reviews
Cannabis Apotheke Frankfurt,60487,Frankfurt am Main,Minty Cookies,enua 30/1 PS3 CA MYC,Hybrid,30%,1%,"5,29 €/g",Auf Lager,https://greenmedical.health/de/cannabis/flower/enua_30_1_ps3_ca_myc-minty_cookies?deliveryTarget=cGhhcm1hY3k6fDpiNmU1ZDhlOS02NWFiLTRjNzUtODExYy1hYjY0Mjk5NjRjOTI%3D#reviews
Cannabis Apotheke Frankfurt,60487,Frankfurt am Main,Alien Mints,Huala 27/1 CA ALM,Hybrid Indica Dominant,27%,1%,"4,99 €/g",Auf Lager,https://greenmedical.health/de/cannabis/flower/huala_27_1_ca_alm-alien_mints?deliveryTarget=cGhhcm1hY3k6fDpiNmU1ZDhlOS02NWFiLTRjNzUtODExYy1hYjY0Mjk5NjRjOTI%3D#reviews
Cannabis Apotheke Frankfurt,60487,Frankfurt am Main,Garlic Truffle,N!CE 31/1 GT,Hybrid Indica Dominant,31%,1%,"5,89 €/g",Auf Lager,https://greenmedical.health/de/cannabis/flower/n_ce_31_1_gt-garlic_truffle?deliveryTarget=cGhhcm1hY3k6fDpiNmU1ZDhlOS02NWFiLTRjNzUtODExYy1hYjY0Mjk5NjRjOTI%3D#reviews
Cannabis Apotheke Frankfurt,60487,Frankfurt am Main,Cherry Mints,enua 27/1 CYM CA,Hybrid,27%,1%,"5,99 €/g",Auf Lager,https://greenmedical.health/de/cannabis/flower/enua_27_1_cym_ca-cherry_mints?deliveryTarget=cGhhcm1hY3k6fDpiNmU1ZDhlOS02NWFiLTRjNzUtODExYy1hYjY0Mjk5NjRjOTI%3D#reviews
Cannabis Apotheke Frankfurt,60487,Frankfurt am Main,Marshmallow Man,enua 33/1 MMN CA,Indica,33%,1%,"6,59 €/g",Auf Lager,https://greenmedical.health/de/cannabis/flower/enua_33_1_mmn_ca-marshmallow_man?deliveryTarget=cGhhcm1hY3k6fDpiNmU1ZDhlOS02NWFiLTRjNzUtODExYy1hYjY0Mjk5NjRjOTI%3D#reviews
Cannabis Apotheke Frankfurt,60487,Frankfurt am Main,Tricho Jordan,GrowMotion TJ27,Hybrid Indica Dominant,27%,1%,"8,99 €/g",Auf Lager,https://greenmedical.health/de/cannabis/flower/growmotion_tj27-star_struck?deliveryTarget=cGhhcm1hY3k6fDpiNmU1ZDhlOS02NWFiLTRjNzUtODExYy1hYjY0Mjk5NjRjOTI%3D#reviews
Cannabis Apotheke Frankfurt,60487,Frankfurt am Main,Waffle Truffle,Huala 27/1 UK WTR,Hybrid Indica Dominant,27%,1%,"4,89 €/g",Auf Lager,https://greenmedical.health/de/cannabis/flower/huala_27_1_uk_wtr-waffle_truffle?deliveryTarget=cGhhcm1hY3k6fDpiNmU1ZDhlOS02NWFiLTRjNzUtODExYy1hYjY0Mjk5NjRjOTI%3D#reviews
Cannabis Apotheke Frankfurt,60487,Frankfurt am Main,Tropicana Cookies,Demecan Core Sunshine Pure 22:1,Hybrid Sativa Dominant,22%,1%,"6,25 €/g",Auf Lager,https://greenmedical.health/de/cannabis/flower/demecan_core_sunshine_pure_22_1-pucker_up?deliveryTarget=cGhhcm1hY3k6fDpiNmU1ZDhlOS02NWFiLTRjNzUtODExYy1hYjY0Mjk5NjRjOTI%3D#reviews
Cannabis Apotheke Frankfurt,60487,Frankfurt am Main,Black Jelly,Pedanios 27/1 BLY-CA,Hybrid Sativa Dominant,27%,1%,"8,45 €/g",Auf Lager,https://greenmedical.health/de/cannabis/flower/pedanios_27_1_bly_ca-black_jelly?deliveryTarget=cGhhcm1hY3k6fDpiNmU1ZDhlOS02NWFiLTRjNzUtODExYy1hYjY0Mjk5NjRjOTI%3D#reviews
Cannabis Apotheke Frankfurt,60487,Frankfurt am Main,Cap Junky,Soma OG 34/1 PF,Hybrid Indica Dominant,34%,1%,"7,95 €/g",Auf Lager,https://greenmedical.health/de/cannabis/flower/soma_og_34_1_pf-cap_junky?deliveryTarget=cGhhcm1hY3k6fDpiNmU1ZDhlOS02NWFiLTRjNzUtODExYy1hYjY0Mjk5NjRjOTI%3D#reviews
Cannabis Apotheke Frankfurt,60487,Frankfurt am Main,Ultra Coconut,ADREX Dank Craft 30 UC CAN,Hybrid Sativa Dominant,30%,1%,"5,69 €/g",Auf Lager,https://greenmedical.health/de/cannabis/flower/adrex_dank_craft_30_uc_can-ultra_coconut?deliveryTarget=cGhhcm1hY3k6fDpiNmU1ZDhlOS02NWFiLTRjNzUtODExYy1hYjY0Mjk5NjRjOTI%3D#reviews
Cannabis Apotheke Frankfurt,60487,Frankfurt am Main,Wedding Pop Triangle,Curaleaf Natural 30/1 PT WPT,Hybrid Sativa Dominant,30%,1%,"5,95 €/g",Auf Lager,https://greenmedical.health/de/cannabis/flower/curaleaf_natural_30_1_pt_wpt-wedding_pop_triangle?deliveryTarget=cGhhcm1hY3k6fDpiNmU1ZDhlOS02NWFiLTRjNzUtODExYy1hYjY0Mjk5NjRjOTI%3D#reviews
Cannabis Apotheke Frankfurt,60487,Frankfurt am Main,Dosi Bow,Luana 24/1 Driver,Hybrid Indica Dominant,24%,1%,"4,85 €/g",Auf Lager,https://greenmedical.health/de/cannabis/flower/luana_24_1_driver-dosi_bow?deliveryTarget=cGhhcm1hY3k6fDpiNmU1ZDhlOS02NWFiLTRjNzUtODExYy1hYjY0Mjk5NjRjOTI%3D#reviews
Cannabis Apotheke Frankfurt,60487,Frankfurt am Main,Pink Kush,enua 27/1 PS3 PNK,Hybrid,24.5%,1%,"4,99 €/g",Auf Lager,https://greenmedical.health/de/cannabis/flower/enua_27_1_ps3_pnk-pink_kush?deliveryTarget=cGhhcm1hY3k6fDpiNmU1ZDhlOS02NWFiLTRjNzUtODExYy1hYjY0Mjk5NjRjOTI%3D#reviews
Cannabis Apotheke Frankfurt,60487,Frankfurt am Main,Roma,IMC RO THC25,Hybrid Indica Dominant,25%,1%,"4,99 €/g",NEU,https://greenmedical.health/de/cannabis/flower/imc_ro_thc25-roma?deliveryTarget=cGhhcm1hY3k6fDpiNmU1ZDhlOS02NWFiLTRjNzUtODExYy1hYjY0Mjk5NjRjOTI%3D#reviews
Cannabis Apotheke Frankfurt,60487,Frankfurt am Main,Do-Si-Dos,AVAAY 27/1 DID,Hybrid,27%,<1%,"7,45 €/g",Auf Lager,https://greenmedical.health/de/cannabis/flower/avaay_27_1_did-do_si_dos?deliveryTarget=cGhhcm1hY3k6fDpiNmU1ZDhlOS02NWFiLTRjNzUtODExYy1hYjY0Mjk5NjRjOTI%3D#reviews
Cannabis Apotheke Frankfurt,60487,Frankfurt am Main,Wedding Pop Triangle,Curaleaf Natural 27/1 PT WPT,Hybrid Sativa Dominant,27%,1%,"4,89 €/g",Auf Lager,https://greenmedical.health/de/cannabis/flower/curaleaf_natural_27_1_pt_wpt-wedding_pop_triangle?deliveryTarget=cGhhcm1hY3k6fDpiNmU1ZDhlOS02NWFiLTRjNzUtODExYy1hYjY0Mjk5NjRjOTI%3D#reviews
Cannabis Apotheke Frankfurt,60487,Frankfurt am Main,Hawaiian Rain x Permanent Marker,Demecan CRAFT Cali 31:01,Hybrid Indica Dominant,31%,1%,"9,95 €/g",Auf Lager,https://greenmedical.health/de/cannabis/flower/demecan_craft_cali_31_01-hawaiian_rain_x_permanent_marker?deliveryTarget=cGhhcm1hY3k6fDpiNmU1ZDhlOS02NWFiLTRjNzUtODExYy1hYjY0Mjk5NjRjOTI%3D#reviews
Cannabis Apotheke Frankfurt,60487,Frankfurt am Main,Chemango Kush,Pedanios 31/1 CMK-CA,Hybrid Indica Dominant,28.5%,<1%,"7,99 €/g",Auf Lager,https://greenmedical.health/de/cannabis/flower/pedanios_31_1_cmk_ca-chemango_kush?deliveryTarget=cGhhcm1hY3k6fDpiNmU1ZDhlOS02NWFiLTRjNzUtODExYy1hYjY0Mjk5NjRjOTI%3D#reviews
Cannabis Apotheke Frankfurt,60487,Frankfurt am Main,Strawberry Haze,Slouu 22/1 AGM CA SBH,Hybrid,22%,1%,"4,19 €/g",Auf Lager,https://greenmedical.health/de/cannabis/flower/slouu_22_1_agm_ca_sbh-strawberry_haze?deliveryTarget=cGhhcm1hY3k6fDpiNmU1ZDhlOS02NWFiLTRjNzUtODExYy1hYjY0Mjk5NjRjOTI%3D#reviews
Cannabis Apotheke Frankfurt,60487,Frankfurt am Main,Facetz,Bathera 28/1 FA,Indica,29%,<1%,"7,45 €/g",Auf Lager,https://greenmedical.health/de/cannabis/flower/bathera_28_1_fa-facetz?deliveryTarget=cGhhcm1hY3k6fDpiNmU1ZDhlOS02NWFiLTRjNzUtODExYy1hYjY0Mjk5NjRjOTI%3D#reviews
Cannabis Apotheke Frankfurt,60487,Frankfurt am Main,Strawberry OG,Cannamedical CM 28/1 BRY,Hybrid,29.6%,1%,"7,45 €/g",Auf Lager,https://greenmedical.health/de/cannabis/flower/cannamedical_cm_28_1_bry-strawberry_og?deliveryTarget=cGhhcm1hY3k6fDpiNmU1ZDhlOS02NWFiLTRjNzUtODExYy1hYjY0Mjk5NjRjOTI%3D#reviews
Cannabis Apotheke Frankfurt,60487,Frankfurt am Main,Kali Lime Pie,Coyote Valley 24/1 KLP,Hybrid,24%,1%,"5,29 €/g",Auf Lager,https://greenmedical.health/de/cannabis/flower/coyote_valley_24_1_klp-kali_lime_pie?deliveryTarget=cGhhcm1hY3k6fDpiNmU1ZDhlOS02NWFiLTRjNzUtODExYy1hYjY0Mjk5NjRjOTI%3D#reviews
Cannabis Apotheke Frankfurt,60487,Frankfurt am Main,Lemon Berry OG,Khiron LBO 24/1,Indica,24%,1%,"6,25 €/g",Auf Lager,https://greenmedical.health/de/cannabis/flower/khiron_lbo_24_1-lemon_berry_og?deliveryTarget=cGhhcm1hY3k6fDpiNmU1ZDhlOS02NWFiLTRjNzUtODExYy1hYjY0Mjk5NjRjOTI%3D#reviews
Cannabis Apotheke Frankfurt,60487,Frankfurt am Main,Super Boof,Soma OG 28/1 PF,Hybrid,28%,1%,"7,49 €/g",Auf Lager,https://greenmedical.health/de/cannabis/flower/soma_og_28_1-super_boof?deliveryTarget=cGhhcm1hY3k6fDpiNmU1ZDhlOS02NWFiLTRjNzUtODExYy1hYjY0Mjk5NjRjOTI%3D#reviews
Cannabis Apotheke Frankfurt,60487,Frankfurt am Main,Governmint Oasis,APEX GOA-PT-26,Hybrid Indica Dominant,26%,1%,"5,99 €/g",Auf Lager,https://greenmedical.health/de/cannabis/flower/apex_goa_pt_26-governmint_oasis?deliveryTarget=cGhhcm1hY3k6fDpiNmU1ZDhlOS02NWFiLTRjNzUtODExYy1hYjY0Mjk5NjRjOTI%3D#reviews
Cannabis Apotheke Frankfurt,60487,Frankfurt am Main,Grape Face,Huala 22/1 CA GRF,Hybrid,22%,<1%,"4,49 €/g",Auf Lager,https://greenmedical.health/de/cannabis/flower/huala_22_1_ca_grf-grape_face?deliveryTarget=cGhhcm1hY3k6fDpiNmU1ZDhlOS02NWFiLTRjNzUtODExYy1hYjY0Mjk5NjRjOTI%3D#reviews
Cannabis Apotheke Frankfurt,60487,Frankfurt am Main,Frosted Lemon Angel,Weeco 25/1,Hybrid Sativa Dominant,25%,<1%,"6,25 €/g",Auf Lager,https://greenmedical.health/de/cannabis/flower/weeco-25-1-frosted-lemon-angel?deliveryTarget=cGhhcm1hY3k6fDpiNmU1ZDhlOS02NWFiLTRjNzUtODExYy1hYjY0Mjk5NjRjOTI%3D#reviews
Cannabis Apotheke Frankfurt,60487,Frankfurt am Main,Dantez Inferno,Avant Dantes Inferno 24/1,Hybrid Sativa Dominant,24%,1%,"5,49 €/g",Auf Lager,https://greenmedical.health/de/cannabis/flower/avant_dantes_inferno_24_1-dantez_inferno?deliveryTarget=cGhhcm1hY3k6fDpiNmU1ZDhlOS02NWFiLTRjNzUtODExYy1hYjY0Mjk5NjRjOTI%3D#reviews
Cannabis Apotheke Frankfurt,60487,Frankfurt am Main,OG Kush,Cannamedical CM 24/1,Hybrid Sativa Dominant,24%,1%,"6,95 €/g",Auf Lager,https://greenmedical.health/de/cannabis/flower/cannamedical_cm_24_1-og_kush?deliveryTarget=cGhhcm1hY3k6fDpiNmU1ZDhlOS02NWFiLTRjNzUtODExYy1hYjY0Mjk5NjRjOTI%3D#reviews
Cannabis Apotheke Frankfurt,60487,Frankfurt am Main,Girl Scout Cookies,N!CE 28/1 GSC,Hybrid,28%,1%,"5,29 €/g",Auf Lager,https://greenmedical.health/de/cannabis/flower/n_ce_28_1_gsc-girl_scout_cookies?deliveryTarget=cGhhcm1hY3k6fDpiNmU1ZDhlOS02NWFiLTRjNzUtODExYy1hYjY0Mjk5NjRjOTI%3D#reviews
Cannabis Apotheke Frankfurt,60487,Frankfurt am Main,Sherb Fritter,THC AKUT OHS 25,Hybrid Indica Dominant,25%,1%,"4,99 €/g",Auf Lager,https://greenmedical.health/de/cannabis/flower/thc_akut_ohs_25-sherb_fritter?deliveryTarget=cGhhcm1hY3k6fDpiNmU1ZDhlOS02NWFiLTRjNzUtODExYy1hYjY0Mjk5NjRjOTI%3D#reviews
Cannabis Apotheke Frankfurt,60487,Frankfurt am Main,Star Struck,420 Evolution 25/1 CA STR,Hybrid,25%,<1%,"5,95 €/g",Auf Lager,https://greenmedical.health/de/cannabis/flower/420_evolution_25_1_ca_str-star_struck?deliveryTarget=cGhhcm1hY3k6fDpiNmU1ZDhlOS02NWFiLTRjNzUtODExYy1hYjY0Mjk5NjRjOTI%3D#reviews
Cannabis Apotheke Frankfurt,60487,Frankfurt am Main,Hokuzai,aleph Red 27/1,Hybrid,28%,<1%,"9,75 €/g",Auf Lager,https://greenmedical.health/de/cannabis/flower/aleph_red_27_1-hokuzai?deliveryTarget=cGhhcm1hY3k6fDpiNmU1ZDhlOS02NWFiLTRjNzUtODExYy1hYjY0Mjk5NjRjOTI%3D#reviews
Cannabis Apotheke Frankfurt,60487,Frankfurt am Main,Karel's Haze,APEX KHZ-PT31,Hybrid Sativa Dominant,31%,1%,"7,49 €/g",Auf Lager,https://greenmedical.health/de/cannabis/flower/apex_khz_pt31-karel_s_haze?deliveryTarget=cGhhcm1hY3k6fDpiNmU1ZDhlOS02NWFiLTRjNzUtODExYy1hYjY0Mjk5NjRjOTI%3D#reviews
Cannabis Apotheke Frankfurt,60487,Frankfurt am Main,Meat Breath,Buuo 28/1 MB,Hybrid,28%,1%,"5,59 €/g",NEU,https://greenmedical.health/de/cannabis/flower/buuo_28_1_mb-meat_breath?deliveryTarget=cGhhcm1hY3k6fDpiNmU1ZDhlOS02NWFiLTRjNzUtODExYy1hYjY0Mjk5NjRjOTI%3D#reviews
Cannabis Apotheke Frankfurt,60487,Frankfurt am Main,Cinderella Mintz,Buuo 30/1 CNM,Hybrid,30%,1%,"5,49 €/g",Auf Lager,https://greenmedical.health/de/cannabis/flower/buuo_30_1_cnm-cinderella_mintz?deliveryTarget=cGhhcm1hY3k6fDpiNmU1ZDhlOS02NWFiLTRjNzUtODExYy1hYjY0Mjk5NjRjOTI%3D#reviews
Cannabis Apotheke Frankfurt,60487,Frankfurt am Main,Minty Cookies,enua 33/1 PS3 CA MYC,Hybrid,33%,1%,"5,99 €/g",Auf Lager,https://greenmedical.health/de/cannabis/flower/enua_33_1_ps3_ca_myc-minty_cookies?deliveryTarget=cGhhcm1hY3k6fDpiNmU1ZDhlOS02NWFiLTRjNzUtODExYy1hYjY0Mjk5NjRjOTI%3D#reviews
Cannabis Apotheke Frankfurt,60487,Frankfurt am Main,Cherry Mints,Luana 28/1 CM,Hybrid,28%,1%,"5,59 €/g",Auf Lager,https://greenmedical.health/de/cannabis/flower/luana_28_1_cm-cherry_mints?deliveryTarget=cGhhcm1hY3k6fDpiNmU1ZDhlOS02NWFiLTRjNzUtODExYy1hYjY0Mjk5NjRjOTI%3D#reviews
Cannabis Apotheke Frankfurt,60487,Frankfurt am Main,White Walker,N!CE 25/1 WW,Hybrid,25%,1%,"5,25 €/g",NEU,https://greenmedical.health/de/cannabis/flower/n_ce_25_1_ww-white_walker?deliveryTarget=cGhhcm1hY3k6fDpiNmU1ZDhlOS02NWFiLTRjNzUtODExYy1hYjY0Mjk5NjRjOTI%3D#reviews
Cannabis Apotheke Frankfurt,60487,Frankfurt am Main,Red Rozay,420 Evolution 27/1 CA RZY,Hybrid Indica Dominant,27%,1%,"6,59 €/g",Auf Lager,https://greenmedical.health/de/cannabis/flower/420_evolution_27_1_ca_rzy-red_rozay?deliveryTarget=cGhhcm1hY3k6fDpiNmU1ZDhlOS02NWFiLTRjNzUtODExYy1hYjY0Mjk5NjRjOTI%3D#reviews
Cannabis Apotheke Frankfurt,60487,Frankfurt am Main,Strawberry Passion,APEX SBP CA 30/1,Hybrid Indica Dominant,30%,1%,"7,25 €/g",Auf Lager,https://greenmedical.health/de/cannabis/flower/apex_sbp_ca_30_1-strawberry_passion?deliveryTarget=cGhhcm1hY3k6fDpiNmU1ZDhlOS02NWFiLTRjNzUtODExYy1hYjY0Mjk5NjRjOTI%3D#reviews
Cannabis Apotheke Frankfurt,60487,Frankfurt am Main,LA Kush Cake,N!CE 26/1 KC,Hybrid Indica Dominant,26%,1%,"4,75 €/g",Auf Lager,https://greenmedical.health/de/cannabis/flower/n_ce_26_1_kc-la_kush_cake?deliveryTarget=cGhhcm1hY3k6fDpiNmU1ZDhlOS02NWFiLTRjNzUtODExYy1hYjY0Mjk5NjRjOTI%3D#reviews
Cannabis Apotheke Frankfurt,60487,Frankfurt am Main,Hokuzai,aleph Red 30/1,Hybrid,30%,<1%,"9,75 €/g",Auf Lager,https://greenmedical.health/de/cannabis/flower/aleph_red_30_1-hokuzai?deliveryTarget=cGhhcm1hY3k6fDpiNmU1ZDhlOS02NWFiLTRjNzUtODExYy1hYjY0Mjk5NjRjOTI%3D#reviews
Cannabis Apotheke Frankfurt,60487,Frankfurt am Main,Alexander the Great,Nimbus Tyson 2.0 28/1,Hybrid Indica Dominant,28%,<1%,"7,49 €/g",Auf Lager,https://greenmedical.health/de/cannabis/flower/nimbus_tyson_2_0_28_1-alexander_the_great?deliveryTarget=cGhhcm1hY3k6fDpiNmU1ZDhlOS02NWFiLTRjNzUtODExYy1hYjY0Mjk5NjRjOTI%3D#reviews
Cannabis Apotheke Frankfurt,60487,Frankfurt am Main,Wedding Tree,Cannamedical Sativa Forte NM - Wedding Tree,Hybrid,24%,1%,"10,40 €/g",Auf Lager,https://greenmedical.health/de/cannabis/flower/cannamedical-sativa-forte-nm-wedding-tree-wedding-tree?deliveryTarget=cGhhcm1hY3k6fDpiNmU1ZDhlOS02NWFiLTRjNzUtODExYy1hYjY0Mjk5NjRjOTI%3D#reviews
Cannabis Apotheke Frankfurt,60487,Frankfurt am Main,OJ Zainbow,IUVO 28/1 KC,Sativa,28%,<1%,"9,75 €/g",Auf Lager,https://greenmedical.health/de/cannabis/flower/iuvo_kc_28_1-oj_zainbow?deliveryTarget=cGhhcm1hY3k6fDpiNmU1ZDhlOS02NWFiLTRjNzUtODExYy1hYjY0Mjk5NjRjOTI%3D#reviews
Cannabis Apotheke Frankfurt,60487,Frankfurt am Main,Jack Attack,Stabil. JTK-COL 20/1,Hybrid Sativa Dominant,20%,1%,"4,25 €/g",Auf Lager,https://greenmedical.health/de/cannabis/flower/stabil_jtk_col_20_1-jack_attack?deliveryTarget=cGhhcm1hY3k6fDpiNmU1ZDhlOS02NWFiLTRjNzUtODExYy1hYjY0Mjk5NjRjOTI%3D#reviews
Cannabis Apotheke Frankfurt,60487,Frankfurt am Main,Ice Cream Cake x Kush Mints,420 Evolution 27/1 CA ICC,Hybrid,27%,<1%,"8,45 €/g",Auf Lager,https://greenmedical.health/de/cannabis/flower/420-evolution-27-1-ca-icc-icecream-cake-kush-mints?deliveryTarget=cGhhcm1hY3k6fDpiNmU1ZDhlOS02NWFiLTRjNzUtODExYy1hYjY0Mjk5NjRjOTI%3D#reviews
Cannabis Apotheke Frankfurt,60487,Frankfurt am Main,Master AC,Slouu 20/1 MAC,Hybrid,20%,1%,"4,49 €/g",Auf Lager,https://greenmedical.health/de/cannabis/flower/slouu_20_1_mac_master_ac-_?deliveryTarget=cGhhcm1hY3k6fDpiNmU1ZDhlOS02NWFiLTRjNzUtODExYy1hYjY0Mjk5NjRjOTI%3D#reviews
Cannabis Apotheke Frankfurt,60487,Frankfurt am Main,Cereal Milk,28/1 Amici CM,Hybrid Indica Dominant,28%,1%,"5,75 €/g",Auf Lager,https://greenmedical.health/de/cannabis/flower/28_1_amici_cm-cereal_milk?deliveryTarget=cGhhcm1hY3k6fDpiNmU1ZDhlOS02NWFiLTRjNzUtODExYy1hYjY0Mjk5NjRjOTI%3D#reviews
Cannabis Apotheke Frankfurt,60487,Frankfurt am Main,Hash Burger,N!CE 24/1 HBR,Hybrid Indica Dominant,24%,1%,"4,69 €/g",Auf Lager,https://greenmedical.health/de/cannabis/flower/n_ce_24_1_hbr-hash_burger?deliveryTarget=cGhhcm1hY3k6fDpiNmU1ZDhlOS02NWFiLTRjNzUtODExYy1hYjY0Mjk5NjRjOTI%3D#reviews
Cannabis Apotheke Frankfurt,60487,Frankfurt am Main,Gastro Pop,420 Compound 27/1 CA GAP,Hybrid Indica Dominant,27%,<1%,"6,59 €/g",Auf Lager,https://greenmedical.health/de/cannabis/flower/420-compound-27-1-ca-gap-gastro-pop-41e9?deliveryTarget=cGhhcm1hY3k6fDpiNmU1ZDhlOS02NWFiLTRjNzUtODExYy1hYjY0Mjk5NjRjOTI%3D#reviews
Cannabis Apotheke Frankfurt,60487,Frankfurt am Main,Glitter Bomb,aleph Mont Blanc 26/1,Hybrid Indica Dominant,26%,1%,"8,89 €/g",NEU,https://greenmedical.health/de/cannabis/flower/aleph_mont_blanc_26_1-glitter_bomb?deliveryTarget=cGhhcm1hY3k6fDpiNmU1ZDhlOS02NWFiLTRjNzUtODExYy1hYjY0Mjk5NjRjOTI%3D#reviews
Cannabis Apotheke Frankfurt,60487,Frankfurt am Main,Neutronium,IUVO 24/1 OC,Hybrid,23.3%,<1%,"8,99 €/g",Auf Lager,https://greenmedical.health/de/cannabis/flower/iuvo_24_1_oc-neutronium?deliveryTarget=cGhhcm1hY3k6fDpiNmU1ZDhlOS02NWFiLTRjNzUtODExYy1hYjY0Mjk5NjRjOTI%3D#reviews
Cannabis Apotheke Frankfurt,60487,Frankfurt am Main,Banjo,aleph Matterhorn 21/1,Hybrid Sativa Dominant,21%,1%,"7,99 €/g",Auf Lager,https://greenmedical.health/de/cannabis/flower/aleph_matterhorn_21_1-banjo?deliveryTarget=cGhhcm1hY3k6fDpiNmU1ZDhlOS02NWFiLTRjNzUtODExYy1hYjY0Mjk5NjRjOTI%3D#reviews
Cannabis Apotheke Frankfurt,60487,Frankfurt am Main,Afina,Bedrocan 25/1,Hybrid Sativa Dominant,24%,<1%,"10,40 €/g",Auf Lager,https://greenmedical.health/de/cannabis/flower/bedrocan_25_1-afina?deliveryTarget=cGhhcm1hY3k6fDpiNmU1ZDhlOS02NWFiLTRjNzUtODExYy1hYjY0Mjk5NjRjOTI%3D#reviews
Cannabis Apotheke Frankfurt,60487,Frankfurt am Main,Lost Angel Afghan,BUUO 24/1 RP,Hybrid,24%,<1%,"4,69 €/g",Auf Lager,https://greenmedical.health/de/cannabis/flower/buuo_24_1_rp-lost_angel_afghan?deliveryTarget=cGhhcm1hY3k6fDpiNmU1ZDhlOS02NWFiLTRjNzUtODExYy1hYjY0Mjk5NjRjOTI%3D#reviews
Cannabis Apotheke Frankfurt,60487,Frankfurt am Main,Engine Fuel Gelato,BUUO 26/1 LVM Vapor,Hybrid,26%,<1%,"4,69 €/g",Auf Lager,https://greenmedical.health/de/cannabis/flower/buuo_26_1_lvm-engine_fuel_gelato?deliveryTarget=cGhhcm1hY3k6fDpiNmU1ZDhlOS02NWFiLTRjNzUtODExYy1hYjY0Mjk5NjRjOTI%3D#reviews
Cannabis Apotheke Frankfurt,60487,Frankfurt am Main,White Widow,Cannabis 1A 16/1,Hybrid,16%,1%,"5,95 €/g",Auf Lager,https://greenmedical.health/de/cannabis/flower/cannabis-1a-16-1-white-widow-7242?deliveryTarget=cGhhcm1hY3k6fDpiNmU1ZDhlOS02NWFiLTRjNzUtODExYy1hYjY0Mjk5NjRjOTI%3D#reviews
Cannabis Apotheke Frankfurt,60487,Frankfurt am Main,God Cherry Bud,Slouu 25/1 PS3 CA GCB,Hybrid,25%,1%,"4,49 €/g",Auf Lager,https://greenmedical.health/de/cannabis/flower/slouu_25_1_ps3_ca_gcb-god_cherry_bud?deliveryTarget=cGhhcm1hY3k6fDpiNmU1ZDhlOS02NWFiLTRjNzUtODExYy1hYjY0Mjk5NjRjOTI%3D#reviews
Cannabis Apotheke Frankfurt,60487,Frankfurt am Main,Alienmax,ZOIKS 22/1 ALM,Hybrid,22%,1%,"4,59 €/g",Auf Lager,https://greenmedical.health/de/cannabis/flower/zoiks_22_1_alm-alienmax?deliveryTarget=cGhhcm1hY3k6fDpiNmU1ZDhlOS02NWFiLTRjNzUtODExYy1hYjY0Mjk5NjRjOTI%3D#reviews
Cannabis Apotheke Frankfurt,60487,Frankfurt am Main,Mantis,aleph Basic H1 18/1,Hybrid,18%,1%,"4,99 €/g",Auf Lager,https://greenmedical.health/de/cannabis/flower/aleph_basic_h1_18_1-mantis?deliveryTarget=cGhhcm1hY3k6fDpiNmU1ZDhlOS02NWFiLTRjNzUtODExYy1hYjY0Mjk5NjRjOTI%3D#reviews
Cannabis Apotheke Frankfurt,60487,Frankfurt am Main,Mango Kush,alephSana Amber 26/1,Hybrid,26%,1%,"8,45 €/g",Auf Lager,https://greenmedical.health/de/cannabis/flower/alephsana-amber-26-1-kl003-f27a?deliveryTarget=cGhhcm1hY3k6fDpiNmU1ZDhlOS02NWFiLTRjNzUtODExYy1hYjY0Mjk5NjRjOTI%3D#reviews
Cannabis Apotheke Frankfurt,60487,Frankfurt am Main,Hash Burger,N!CE 30/1 HBR,Hybrid Indica Dominant,30%,1%,"4,98 €/g",Auf Lager,https://greenmedical.health/de/cannabis/flower/n_ce_30_1_hbr-hash_burger?deliveryTarget=cGhhcm1hY3k6fDpiNmU1ZDhlOS02NWFiLTRjNzUtODExYy1hYjY0Mjk5NjRjOTI%3D#reviews
Cannabis Apotheke Frankfurt,60487,Frankfurt am Main,Frosted Platin Girl,Slouu 25/1 FPG CA,Hybrid,25%,1%,"4,49 €/g",Auf Lager,https://greenmedical.health/de/cannabis/flower/slouu_25_1_fpg_ca-frosted_platin_girl?deliveryTarget=cGhhcm1hY3k6fDpiNmU1ZDhlOS02NWFiLTRjNzUtODExYy1hYjY0Mjk5NjRjOTI%3D#reviews
Cannabis Apotheke Frankfurt,60487,Frankfurt am Main,Diamond Mints,ADREX Dank Craft 30 DMS CAN,Hybrid,30%,1%,"4,99 €/g",Auf Lager,https://greenmedical.health/de/cannabis/flower/adrex_dank_craft_30_dms_can-diamond_mints?deliveryTarget=cGhhcm1hY3k6fDpiNmU1ZDhlOS02NWFiLTRjNzUtODExYy1hYjY0Mjk5NjRjOTI%3D#reviews
Cannabis Apotheke Frankfurt,60487,Frankfurt am Main,Ghost Train Haze,Cannamedical Hybrid forte DK,Hybrid Sativa Dominant,22%,1%,"6,99 €/g",Auf Lager,https://greenmedical.health/de/cannabis/flower/cannamedical_hybrid_forte_dk-ghost_train_haze?deliveryTarget=cGhhcm1hY3k6fDpiNmU1ZDhlOS02NWFiLTRjNzUtODExYy1hYjY0Mjk5NjRjOTI%3D#reviews
Cannabis Apotheke Frankfurt,60487,Frankfurt am Main,Haymaker Haze,Nimbus Tyson 2.0 32/1,Hybrid Sativa Dominant,31.4%,<1%,"6,95 €/g",Auf Lager,https://greenmedical.health/de/cannabis/flower/nimbus_tyson_2_0_32_1-haymaker_haze?deliveryTarget=cGhhcm1hY3k6fDpiNmU1ZDhlOS02NWFiLTRjNzUtODExYy1hYjY0Mjk5NjRjOTI%3D#reviews
Cannabis Apotheke Frankfurt,60487,Frankfurt am Main,Pink Kush,enua 22/1 PS3 CA PNK,Hybrid,22%,1%,"4,49 €/g",Auf Lager,https://greenmedical.health/de/cannabis/flower/enua_22_1_ps3_ca_pnk-pineapple_cherry_punch?deliveryTarget=cGhhcm1hY3k6fDpiNmU1ZDhlOS02NWFiLTRjNzUtODExYy1hYjY0Mjk5NjRjOTI%3D#reviews
Cannabis Apotheke Frankfurt,60487,Frankfurt am Main,Platin Driver,ZOIKS 18/1 PD,Hybrid Indica Dominant,18%,1%,"2,99 €/g",NEU,https://greenmedical.health/de/cannabis/flower/zoiks_18_1_pd-platin_driver?deliveryTarget=cGhhcm1hY3k6fDpiNmU1ZDhlOS02NWFiLTRjNzUtODExYy1hYjY0Mjk5NjRjOTI%3D#reviews
Cannabis Apotheke Frankfurt,60487,Frankfurt am Main,24K,Topz & Popz 26/1,Hybrid,26%,1%,"4,69 €/g",Auf Lager,https://greenmedical.health/de/cannabis/flower/topz_popz_26_1-24k?deliveryTarget=cGhhcm1hY3k6fDpiNmU1ZDhlOS02NWFiLTRjNzUtODExYy1hYjY0Mjk5NjRjOTI%3D#reviews
Cannabis Taxi,73730,Esslingen,OJ Zainbow,IUVO 24/1 KC,Sativa,24%,1%,"8,75 €/g",Auf Lager,https://greenmedical.health/de/cannabis/flower/iuvo_24_1_kc-oj_zainbow?deliveryTarget=cGhhcm1hY3k6fDo1NjI3NWFhNC0yNGY2LTQ2YmQtYmVhZi1mOWJkYTIzNDlmYjM%3D#reviews
Cannabis Taxi,73730,Esslingen,Queen SanG,Wellford Aquaponic 30/1 QSG,Sativa,30%,1%,"7,95 €/g",Auf Lager,https://greenmedical.health/de/cannabis/flower/wellford_aquaponic_30_1_qsg-queen_sang?deliveryTarget=cGhhcm1hY3k6fDo1NjI3NWFhNC0yNGY2LTQ2YmQtYmVhZi1mOWJkYTIzNDlmYjM%3D#reviews
Cannabis Taxi,73730,Esslingen,Crossbow,DEMECAN BB Regular Drop 25:1 Moonbow x Planet Purple,Hybrid Indica Dominant,25%,1%,"4,45 €/g",Auf Lager,https://greenmedical.health/de/cannabis/flower/demecan_bb_regular_drop_25_1_moonbow_x_planet_purple-crossbow?deliveryTarget=cGhhcm1hY3k6fDo1NjI3NWFhNC0yNGY2LTQ2YmQtYmVhZi1mOWJkYTIzNDlmYjM%3D#reviews
Cannabis Taxi,73730,Esslingen,Sour Ape,Luana 24/1 APE,Hybrid,22%,1%,"5,55 €/g",Auf Lager,https://greenmedical.health/de/cannabis/flower/luana_24_1_ape-sour_ape?deliveryTarget=cGhhcm1hY3k6fDo1NjI3NWFhNC0yNGY2LTQ2YmQtYmVhZi1mOWJkYTIzNDlmYjM%3D#reviews
Cannabis Taxi,73730,Esslingen,Masterpiece,420 Evolution 30/1 CA MSP,Indica,28%,1%,"7,45 €/g",Auf Lager,https://greenmedical.health/de/cannabis/flower/420_evolution_30_1_ca_msp-masterpiece?deliveryTarget=cGhhcm1hY3k6fDo1NjI3NWFhNC0yNGY2LTQ2YmQtYmVhZi1mOWJkYTIzNDlmYjM%3D#reviews
Cannabis Taxi,73730,Esslingen,Ultra Dosed Candy,Barongo 24/1 LAX,Hybrid Indica Dominant,24%,1%,"5,95 €/g",Auf Lager,https://greenmedical.health/de/cannabis/flower/barongo_24_1_lax-ultra_dosed_candy?deliveryTarget=cGhhcm1hY3k6fDo1NjI3NWFhNC0yNGY2LTQ2YmQtYmVhZi1mOWJkYTIzNDlmYjM%3D#reviews
Cannabis Taxi,73730,Esslingen,Bashengo,Cannabis flos 23/1 CSF Ku.,Hybrid Indica Dominant,23%,1%,"5,45 €/g",Auf Lager,https://greenmedical.health/de/cannabis/flower/canify_cannabis_flos_23_1_csf_ku_-bashengo?deliveryTarget=cGhhcm1hY3k6fDo1NjI3NWFhNC0yNGY2LTQ2YmQtYmVhZi1mOWJkYTIzNDlmYjM%3D#reviews
Cannabis Taxi,73730,Esslingen,Tangerine Boost,Cannamedical Indica Forte BC,Hybrid Sativa Dominant,23.8%,1%,"6,75 €/g",Auf Lager,https://greenmedical.health/de/cannabis/flower/cannamedical_indica_forte_bc-tangerine_boost?deliveryTarget=cGhhcm1hY3k6fDo1NjI3NWFhNC0yNGY2LTQ2YmQtYmVhZi1mOWJkYTIzNDlmYjM%3D#reviews
Cannabis Taxi,73730,Esslingen,White Gelato,Buuo 22/1 WHG,Hybrid Indica Dominant,22%,1%,"6,45 €/g",NEU,https://greenmedical.health/de/cannabis/flower/buuo_22_1_whg-white_gelato?deliveryTarget=cGhhcm1hY3k6fDo1NjI3NWFhNC0yNGY2LTQ2YmQtYmVhZi1mOWJkYTIzNDlmYjM%3D#reviews
Cannabis Taxi,73730,Esslingen,Cosmic Cream,Pedanios 31/1 COS-CA,Hybrid Indica Dominant,31%,<1%,"8,45 €/g",Auf Lager,https://greenmedical.health/de/cannabis/flower/pedanios-31-1-cos-ca-cosmic-cream-34e1?deliveryTarget=cGhhcm1hY3k6fDo1NjI3NWFhNC0yNGY2LTQ2YmQtYmVhZi1mOWJkYTIzNDlmYjM%3D#reviews
Cannabis Taxi,73730,Esslingen,Electric Honeydew (EHD),Pedanios 26/1 EHD-CA,Sativa,26%,<1%,"5,95 €/g",Auf Lager,https://greenmedical.health/de/cannabis/flower/pedanios-26-1-ehd-ca-electric-honeydew-ehd?deliveryTarget=cGhhcm1hY3k6fDo1NjI3NWFhNC0yNGY2LTQ2YmQtYmVhZi1mOWJkYTIzNDlmYjM%3D#reviews
Cannabis Taxi,73730,Esslingen,Cookies OG,TRUU GT 30/1,Hybrid,30%,<1%,"5,95 €/g",Auf Lager,https://greenmedical.health/de/cannabis/flower/truu_gt_30_1-cookies_og?deliveryTarget=cGhhcm1hY3k6fDo1NjI3NWFhNC0yNGY2LTQ2YmQtYmVhZi1mOWJkYTIzNDlmYjM%3D#reviews
Cannabis Taxi,73730,Esslingen,Afina,Bedrocan Cannabis Flos 22/1,Sativa,22%,<1%,"7,75 €/g",Auf Lager,https://greenmedical.health/de/cannabis/flower/bedrocan-afina?deliveryTarget=cGhhcm1hY3k6fDo1NjI3NWFhNC0yNGY2LTQ2YmQtYmVhZi1mOWJkYTIzNDlmYjM%3D#reviews
Cannabis Taxi,73730,Esslingen,Sourdough,Pedanios 29/1 SRD-CA,Indica,29%,<1%,"6,95 €/g",Auf Lager,https://greenmedical.health/de/cannabis/flower/pedanios-29-1-srd-ca-sourdough-srd?deliveryTarget=cGhhcm1hY3k6fDo1NjI3NWFhNC0yNGY2LTQ2YmQtYmVhZi1mOWJkYTIzNDlmYjM%3D#reviews
Cannabis Taxi,73730,Esslingen,Tangrini,ZOIKS 26/1 TG,Hybrid Sativa Dominant,26%,1%,"5,75 €/g",Auf Lager,https://greenmedical.health/de/cannabis/flower/zoiks_26_1_tg-tangrini?deliveryTarget=cGhhcm1hY3k6fDo1NjI3NWFhNC0yNGY2LTQ2YmQtYmVhZi1mOWJkYTIzNDlmYjM%3D#reviews
Cannabis Taxi,73730,Esslingen,Polar Pop,Bathera 35/1 PP,Hybrid Sativa Dominant,36.4%,1%,"8,95 €/g",Auf Lager,https://greenmedical.health/de/cannabis/flower/bathera_35_1_pp-polar_pop?deliveryTarget=cGhhcm1hY3k6fDo1NjI3NWFhNC0yNGY2LTQ2YmQtYmVhZi1mOWJkYTIzNDlmYjM%3D#reviews
Cannabis Taxi,73730,Esslingen,Wedding Tree,Cannamedical Sativa Forte NM,Hybrid,24%,<1%,"9,45 €/g",Auf Lager,https://greenmedical.health/de/cannabis/flower/cannamedical_sativa_forte_nm-wedding_tree?deliveryTarget=cGhhcm1hY3k6fDo1NjI3NWFhNC0yNGY2LTQ2YmQtYmVhZi1mOWJkYTIzNDlmYjM%3D#reviews
Cannabis Taxi,73730,Esslingen,Crumbled Lime,TRUU GT 23/1,Sativa,23%,1%,"5,75 €/g",Auf Lager,https://greenmedical.health/de/cannabis/flower/truu_gt_23_01-crumbled_lime?deliveryTarget=cGhhcm1hY3k6fDo1NjI3NWFhNC0yNGY2LTQ2YmQtYmVhZi1mOWJkYTIzNDlmYjM%3D#reviews
Cannabis Taxi,73730,Esslingen,Space Cake,Peace Naturals 33/1 SC,Hybrid Sativa Dominant,33%,1%,"7,95 €/g",Auf Lager,https://greenmedical.health/de/cannabis/flower/peace-naturals-33-1-sc-space-cake-c4d2?deliveryTarget=cGhhcm1hY3k6fDo1NjI3NWFhNC0yNGY2LTQ2YmQtYmVhZi1mOWJkYTIzNDlmYjM%3D#reviews
Cannabis Taxi,73730,Esslingen,Polar Cookies,Cannamedical Sativa Ultra NM,Hybrid Sativa Dominant,29.7%,<1%,"8,75 €/g",Auf Lager,https://greenmedical.health/de/cannabis/flower/cannamedical-sativa-ultra-nm-polar-cookies-fa5c?deliveryTarget=cGhhcm1hY3k6fDo1NjI3NWFhNC0yNGY2LTQ2YmQtYmVhZi1mOWJkYTIzNDlmYjM%3D#reviews
Cannabis Taxi,73730,Esslingen,Amnesia Haze Cake,AVAAY 32/1 AHC,Hybrid Sativa Dominant,32%,1%,"10,75 €/g",Auf Lager,https://greenmedical.health/de/cannabis/flower/avaay_32_1_ahc-amnesia_haze_cake?deliveryTarget=cGhhcm1hY3k6fDo1NjI3NWFhNC0yNGY2LTQ2YmQtYmVhZi1mOWJkYTIzNDlmYjM%3D#reviews
Cannabis Taxi,73730,Esslingen,Chemango Kush,Pedanios 28/1 CMK-CA,Hybrid Indica Dominant,28%,1%,"6,95 €/g",Auf Lager,https://greenmedical.health/de/cannabis/flower/pedanios_28_1_cmk_ca-chemango_kush?deliveryTarget=cGhhcm1hY3k6fDo1NjI3NWFhNC0yNGY2LTQ2YmQtYmVhZi1mOWJkYTIzNDlmYjM%3D#reviews
Cannabis Taxi,73730,Esslingen,Siggis Pfefferminze,Siggis PMNZ 28:01,Hybrid,28%,1%,"10,45 €/g",Auf Lager,https://greenmedical.health/de/cannabis/flower/siggis_pmnz_28_01-siggis_pfefferminze?deliveryTarget=cGhhcm1hY3k6fDo1NjI3NWFhNC0yNGY2LTQ2YmQtYmVhZi1mOWJkYTIzNDlmYjM%3D#reviews
Cannabis Taxi,73730,Esslingen,Ultra Limelight,30/1 Amici UL,Sativa,30%,1%,"7,45 €/g",Auf Lager,https://greenmedical.health/de/cannabis/flower/30_1_amici_ul-ultra_limelight?deliveryTarget=cGhhcm1hY3k6fDo1NjI3NWFhNC0yNGY2LTQ2YmQtYmVhZi1mOWJkYTIzNDlmYjM%3D#reviews
Cannabis Taxi,73730,Esslingen,Gastro Pop,420 Compound 33/1 GAP,Hybrid Indica Dominant,33%,<1%,"8,45 €/g",Auf Lager,https://greenmedical.health/de/cannabis/flower/420_compound_33_1_gap-gastro_pop?deliveryTarget=cGhhcm1hY3k6fDo1NjI3NWFhNC0yNGY2LTQ2YmQtYmVhZi1mOWJkYTIzNDlmYjM%3D#reviews
Cannabis Taxi,73730,Esslingen,Bunatic,Luana 27/1 Donny B,Indica,27%,1%,"6,45 €/g",Auf Lager,https://greenmedical.health/de/cannabis/flower/luana_27_1_donny_b-bunatic?deliveryTarget=cGhhcm1hY3k6fDo1NjI3NWFhNC0yNGY2LTQ2YmQtYmVhZi1mOWJkYTIzNDlmYjM%3D#reviews
Cannabis Taxi,73730,Esslingen,Wedding Cake x Jet Fuel Gelato,Demecan Core Saxonia 28:1,Hybrid Indica Dominant,28%,<1%,"6,75 €/g",Auf Lager,https://greenmedical.health/de/cannabis/flower/demecan_core_saxonia_28_01-wedding_cake_x_jet_fuel_gelato?deliveryTarget=cGhhcm1hY3k6fDo1NjI3NWFhNC0yNGY2LTQ2YmQtYmVhZi1mOWJkYTIzNDlmYjM%3D#reviews
Cannabis Taxi,73730,Esslingen,Georgia Pie,N!CE 26/1 GP,Hybrid,26%,1%,"5,75 €/g",Auf Lager,https://greenmedical.health/de/cannabis/flower/n_ce_26_1_gp-georgia_pie?deliveryTarget=cGhhcm1hY3k6fDo1NjI3NWFhNC0yNGY2LTQ2YmQtYmVhZi1mOWJkYTIzNDlmYjM%3D#reviews
Cannabis Taxi,73730,Esslingen,Pink Diesel,Pedanios 31/1 PND-CA,Hybrid Indica Dominant,31%,<1%,"7,95 €/g",Auf Lager,https://greenmedical.health/de/cannabis/flower/pedanios_31_1_pnd_ca-pink_diesel?deliveryTarget=cGhhcm1hY3k6fDo1NjI3NWFhNC0yNGY2LTQ2YmQtYmVhZi1mOWJkYTIzNDlmYjM%3D#reviews
Cannabis Taxi,73730,Esslingen,Golden Goat,Demecan Core Golden Horizon 30:01,Hybrid Sativa Dominant,30%,1%,"7,55 €/g",Auf Lager,https://greenmedical.health/de/cannabis/flower/demecan_core_golden_horizon_30_01-golden_goat?deliveryTarget=cGhhcm1hY3k6fDo1NjI3NWFhNC0yNGY2LTQ2YmQtYmVhZi1mOWJkYTIzNDlmYjM%3D#reviews
Cannabis Taxi,73730,Esslingen,Huckleberry,Medical Saints 24/1 HUB,Sativa,24%,1%,"4,95 €/g",Auf Lager,https://greenmedical.health/de/cannabis/flower/medical_saints_24_1_hub-huckleberry?deliveryTarget=cGhhcm1hY3k6fDo1NjI3NWFhNC0yNGY2LTQ2YmQtYmVhZi1mOWJkYTIzNDlmYjM%3D#reviews
Cannabis Taxi,73730,Esslingen,Sugar Cake,Demecan CRAFT Walkie Talkie 27:1,Hybrid Indica Dominant,27%,<1%,"8,25 €/g",Auf Lager,https://greenmedical.health/de/cannabis/flower/demecan_craft_walkie_talkie_27_01-sugar_cake?deliveryTarget=cGhhcm1hY3k6fDo1NjI3NWFhNC0yNGY2LTQ2YmQtYmVhZi1mOWJkYTIzNDlmYjM%3D#reviews
Cannabis Taxi,73730,Esslingen,Jet Fuel Gelato,enua 30/1 PS3 JFG CA,Hybrid,30%,1%,"5,95 €/g",Auf Lager,https://greenmedical.health/de/cannabis/flower/enua_30_1_ps3_jfg_ca-jet_fuel_gelato?deliveryTarget=cGhhcm1hY3k6fDo1NjI3NWFhNC0yNGY2LTQ2YmQtYmVhZi1mOWJkYTIzNDlmYjM%3D#reviews
Cannabis Taxi,73730,Esslingen,French Cookies,Nimbus Easy 26/1 FC,Hybrid,26%,1%,"5,65 €/g",Auf Lager,https://greenmedical.health/de/cannabis/flower/nimbus_easy_26_1_fc-french_cookies?deliveryTarget=cGhhcm1hY3k6fDo1NjI3NWFhNC0yNGY2LTQ2YmQtYmVhZi1mOWJkYTIzNDlmYjM%3D#reviews
Cannabis Taxi,73730,Esslingen,Medellin,Origine Nature MED 32/1,Hybrid,32%,1%,"6,95 €/g",Auf Lager,https://greenmedical.health/de/cannabis/flower/origine_nature_med_32_1-medellin?deliveryTarget=cGhhcm1hY3k6fDo1NjI3NWFhNC0yNGY2LTQ2YmQtYmVhZi1mOWJkYTIzNDlmYjM%3D#reviews
Cannabis Taxi,73730,Esslingen,Lava Cake,Demecan MC Strong Drop,Hybrid Indica Dominant,27%,<1%,"5,95 €/g",Auf Lager,https://greenmedical.health/de/cannabis/flower/demecan_mc_strong_drop-lava_cake?deliveryTarget=cGhhcm1hY3k6fDo1NjI3NWFhNC0yNGY2LTQ2YmQtYmVhZi1mOWJkYTIzNDlmYjM%3D#reviews
Cannabis Taxi,73730,Esslingen,Basotho Even,Canify Cannabis flos 8/9 LS Ku.,Hybrid,8%,9%,"4,95 €/g",Auf Lager,https://greenmedical.health/de/cannabis/flower/canify_cannabis_flos_8_9_ls_ku_-basotho_even?deliveryTarget=cGhhcm1hY3k6fDo1NjI3NWFhNC0yNGY2LTQ2YmQtYmVhZi1mOWJkYTIzNDlmYjM%3D#reviews
Cannabis Taxi,73730,Esslingen,Strawberry Cake,N!CE 24/1 SWC,Hybrid Indica Dominant,24%,1%,"5,35 €/g",Auf Lager,https://greenmedical.health/de/cannabis/flower/n_ce_24_1_swc-strawberry_cake?deliveryTarget=cGhhcm1hY3k6fDo1NjI3NWFhNC0yNGY2LTQ2YmQtYmVhZi1mOWJkYTIzNDlmYjM%3D#reviews
Cannabis Taxi,73730,Esslingen,Alien Mints,Huala 30/1 CA ALM,Hybrid Indica Dominant,30%,1%,"4,95 €/g",NEU,https://greenmedical.health/de/cannabis/flower/huala_30_1_ca_alm-alien_mints?deliveryTarget=cGhhcm1hY3k6fDo1NjI3NWFhNC0yNGY2LTQ2YmQtYmVhZi1mOWJkYTIzNDlmYjM%3D#reviews
Cannabis Taxi,73730,Esslingen,Permanent Marker,Bathera 28/1,Hybrid Sativa Dominant,28%,1%,"7,95 €/g",Auf Lager,https://greenmedical.health/de/cannabis/flower/bathera_28_1-permanent_marker?deliveryTarget=cGhhcm1hY3k6fDo1NjI3NWFhNC0yNGY2LTQ2YmQtYmVhZi1mOWJkYTIzNDlmYjM%3D#reviews
Cannabis Taxi,73730,Esslingen,Girl Scout Cookies,Luana 20/1 GSC,Hybrid,20%,1%,"4,95 €/g",Auf Lager,https://greenmedical.health/de/cannabis/flower/luana_20_1_gsc-girl_scout_cookies?deliveryTarget=cGhhcm1hY3k6fDo1NjI3NWFhNC0yNGY2LTQ2YmQtYmVhZi1mOWJkYTIzNDlmYjM%3D#reviews
Cannabis Taxi,73730,Esslingen,Wedding Cake,27/1 Amici WC,Hybrid,27%,<1%,"6,75 €/g",Auf Lager,https://greenmedical.health/de/cannabis/flower/27-1-amici-wc-wedding-cake-c823?deliveryTarget=cGhhcm1hY3k6fDo1NjI3NWFhNC0yNGY2LTQ2YmQtYmVhZi1mOWJkYTIzNDlmYjM%3D#reviews
Cannabis Taxi,73730,Esslingen,Top Mints Cake,DrWatson 26 TMC AUS,Hybrid,26%,1%,"4,95 €/g",Auf Lager,https://greenmedical.health/de/cannabis/flower/drwatson_26_tmc_aus-top_mints_cake?deliveryTarget=cGhhcm1hY3k6fDo1NjI3NWFhNC0yNGY2LTQ2YmQtYmVhZi1mOWJkYTIzNDlmYjM%3D#reviews
Cannabis Taxi,73730,Esslingen,Lemon Kush,N!CE 30/1 LK,Hybrid Sativa Dominant,30%,1%,"5,95 €/g",Auf Lager,https://greenmedical.health/de/cannabis/flower/n_ce_30_1_lk-lemon_kush?deliveryTarget=cGhhcm1hY3k6fDo1NjI3NWFhNC0yNGY2LTQ2YmQtYmVhZi1mOWJkYTIzNDlmYjM%3D#reviews
Cannabis Taxi,73730,Esslingen,Siggis Zitronenblüte,Siggis ZBLT 24:01,Hybrid Indica Dominant,24%,1%,"9,95 €/g",Auf Lager,https://greenmedical.health/de/cannabis/flower/siggis_zblt_24_01-siggis_zitronenbluete?deliveryTarget=cGhhcm1hY3k6fDo1NjI3NWFhNC0yNGY2LTQ2YmQtYmVhZi1mOWJkYTIzNDlmYjM%3D#reviews
Cannabis Taxi,73730,Esslingen,Ice Cream Cake x Kush Mints,420 Evolution 27/1 CA ICC,Hybrid,27%,<1%,"8,45 €/g",Auf Lager,https://greenmedical.health/de/cannabis/flower/420_evolution_27_1_ca_icc_ice_cream_cake-ice_cream_cake_kush_mints?deliveryTarget=cGhhcm1hY3k6fDo1NjI3NWFhNC0yNGY2LTQ2YmQtYmVhZi1mOWJkYTIzNDlmYjM%3D#reviews
Cannabis Taxi,73730,Esslingen,Facetz,Demecan CRAFT Rocket 28:1 Pave x Gastro Pop,Hybrid,28%,<1%,"6,75 €/g",Auf Lager,https://greenmedical.health/de/cannabis/flower/demecan_craft_rocket_28_1_pave_x_gastro_pop-facetz?deliveryTarget=cGhhcm1hY3k6fDo1NjI3NWFhNC0yNGY2LTQ2YmQtYmVhZi1mOWJkYTIzNDlmYjM%3D#reviews
Cannabis Taxi,73730,Esslingen,Lemoncello,Weeco LMC 33/1 DK,Hybrid,33%,1%,"6,45 €/g",NEU,https://greenmedical.health/de/cannabis/flower/weeco_lmc_33_1_dk-lemoncello?deliveryTarget=cGhhcm1hY3k6fDo1NjI3NWFhNC0yNGY2LTQ2YmQtYmVhZi1mOWJkYTIzNDlmYjM%3D#reviews
Cannabis Taxi,73730,Esslingen,Blueberry Yum Yum,AVAAY Signature 23/1 BYY,Hybrid Indica Dominant,23%,1%,"9,25 €/g",Auf Lager,https://greenmedical.health/de/cannabis/flower/avaay_signature_23_1_byy-blueberry_yum_yum?deliveryTarget=cGhhcm1hY3k6fDo1NjI3NWFhNC0yNGY2LTQ2YmQtYmVhZi1mOWJkYTIzNDlmYjM%3D#reviews
Cannabis Taxi,73730,Esslingen,Platinum Punch,Canify 25/1 LS Ku.,Hybrid Sativa Dominant,25%,1%,"5,25 €/g",Auf Lager,https://greenmedical.health/de/cannabis/flower/canify_25_1_ls_ku_-platinum_punch?deliveryTarget=cGhhcm1hY3k6fDo1NjI3NWFhNC0yNGY2LTQ2YmQtYmVhZi1mOWJkYTIzNDlmYjM%3D#reviews
Cannabis Taxi,73730,Esslingen,Afghan Bubba Kush,Cannamedical Hybrid Ultimate SF,Hybrid,33%,1%,"8,45 €/g",Auf Lager,https://greenmedical.health/de/cannabis/flower/cannamedical_hybrid_ultimate_sf-afghan_bubba_kush?deliveryTarget=cGhhcm1hY3k6fDo1NjI3NWFhNC0yNGY2LTQ2YmQtYmVhZi1mOWJkYTIzNDlmYjM%3D#reviews
Cannabis Taxi,73730,Esslingen,Rainbow Pavé,Legend's RP 34/1,Hybrid Sativa Dominant,34%,1%,"7,95 €/g",NEU,https://greenmedical.health/de/cannabis/flower/legend_s_rp_34_1-rainbow_pav_?deliveryTarget=cGhhcm1hY3k6fDo1NjI3NWFhNC0yNGY2LTQ2YmQtYmVhZi1mOWJkYTIzNDlmYjM%3D#reviews
Cannabis Taxi,73730,Esslingen,Miracle Alien Cookies (MAC),MAC 1+,Hybrid,25.8%,1%,"8,55 €/g",Auf Lager,https://greenmedical.health/de/cannabis/flower/mac_1_-miracle_alien_cookies?deliveryTarget=cGhhcm1hY3k6fDo1NjI3NWFhNC0yNGY2LTQ2YmQtYmVhZi1mOWJkYTIzNDlmYjM%3D#reviews
Cannabis Taxi,73730,Esslingen,Gelato OG Kush,Demecan CRAFT Electron 31:1,Hybrid,31%,1%,"8,75 €/g",Auf Lager,https://greenmedical.health/de/cannabis/flower/demecan_craft_electron_31_1-gelato_og_kush?deliveryTarget=cGhhcm1hY3k6fDo1NjI3NWFhNC0yNGY2LTQ2YmQtYmVhZi1mOWJkYTIzNDlmYjM%3D#reviews
Cannabis Taxi,73730,Esslingen,Morning Sun,N!CE 29/1 MOS,Hybrid Indica Dominant,29%,1%,"6,75 €/g",Auf Lager,https://greenmedical.health/de/cannabis/flower/n_ce_29_1_mos-morning_sun?deliveryTarget=cGhhcm1hY3k6fDo1NjI3NWFhNC0yNGY2LTQ2YmQtYmVhZi1mOWJkYTIzNDlmYjM%3D#reviews
Cannabis Taxi,73730,Esslingen,C47,TRUU PS 24:1,Hybrid,24%,1%,"4,95 €/g",Auf Lager,https://greenmedical.health/de/cannabis/flower/truu_ps_24_01-c47?deliveryTarget=cGhhcm1hY3k6fDo1NjI3NWFhNC0yNGY2LTQ2YmQtYmVhZi1mOWJkYTIzNDlmYjM%3D#reviews
Cannabis Taxi,73730,Esslingen,Purps Crystal Breath,enua 36/1 PCB CA,Hybrid Indica Dominant,36%,1%,"7,25 €/g",NEU,https://greenmedical.health/de/cannabis/flower/enua_36_1_pcb_ca-purps_crystal_breath?deliveryTarget=cGhhcm1hY3k6fDo1NjI3NWFhNC0yNGY2LTQ2YmQtYmVhZi1mOWJkYTIzNDlmYjM%3D#reviews
Cannabis Taxi,73730,Esslingen,Pineapple God,Huala 27/1 CA POG,Hybrid Sativa Dominant,27%,1%,"5,45 €/g",Auf Lager,https://greenmedical.health/de/cannabis/flower/huala_27_1_ca_pog-pineapple_god?deliveryTarget=cGhhcm1hY3k6fDo1NjI3NWFhNC0yNGY2LTQ2YmQtYmVhZi1mOWJkYTIzNDlmYjM%3D#reviews
Cannabis Taxi,73730,Esslingen,GMO Cookies,Peace Naturals 29/1 GC,Indica,29%,<1%,"6,95 €/g",Auf Lager,https://greenmedical.health/de/cannabis/flower/peace_naturals_29_1_gc-gmo_cookies?deliveryTarget=cGhhcm1hY3k6fDo1NjI3NWFhNC0yNGY2LTQ2YmQtYmVhZi1mOWJkYTIzNDlmYjM%3D#reviews
Cannabis Taxi,73730,Esslingen,Platinum Garlic,Cannabis flos 24/1 CZE Ku.,Hybrid,24%,1%,"5,45 €/g",Auf Lager,https://greenmedical.health/de/cannabis/flower/cannabis_flos_24_1_cze_ku_-platinum_garlic?deliveryTarget=cGhhcm1hY3k6fDo1NjI3NWFhNC0yNGY2LTQ2YmQtYmVhZi1mOWJkYTIzNDlmYjM%3D#reviews
Cannabis Taxi,73730,Esslingen,El Jefe,Cannamedical Indica forte El Jefe,Indica,24%,<1%,"9,95 €/g",Auf Lager,https://greenmedical.health/de/cannabis/flower/cannamedical-indica-forte-el-jefe-el-jefe?deliveryTarget=cGhhcm1hY3k6fDo1NjI3NWFhNC0yNGY2LTQ2YmQtYmVhZi1mOWJkYTIzNDlmYjM%3D#reviews
Cannabis Taxi,73730,Esslingen,Jungl' Cake,Remexian 33/1 MTL JUC,Hybrid Sativa Dominant,33%,<1%,"7,45 €/g",Auf Lager,https://greenmedical.health/de/cannabis/flower/remexian_33_1_mtl_juc-jungl_cake?deliveryTarget=cGhhcm1hY3k6fDo1NjI3NWFhNC0yNGY2LTQ2YmQtYmVhZi1mOWJkYTIzNDlmYjM%3D#reviews
Cannabis Taxi,73730,Esslingen,Magic Gum Drops,420 Evolution 27/1 CA MGD,Hybrid Indica Dominant,27%,1%,"6,95 €/g",Auf Lager,https://greenmedical.health/de/cannabis/flower/420_evolution_27_1_ca_mgd-magic_gum_drops?deliveryTarget=cGhhcm1hY3k6fDo1NjI3NWFhNC0yNGY2LTQ2YmQtYmVhZi1mOWJkYTIzNDlmYjM%3D#reviews
Cannabis Taxi,73730,Esslingen,Cereal Milk,Bathera 28/1 CM,Hybrid,28%,1%,"7,45 €/g",Auf Lager,https://greenmedical.health/de/cannabis/flower/bathera_28_1_cm-cereal_milk?deliveryTarget=cGhhcm1hY3k6fDo1NjI3NWFhNC0yNGY2LTQ2YmQtYmVhZi1mOWJkYTIzNDlmYjM%3D#reviews
Cannabis Taxi,73730,Esslingen,Amsterdam Amnesia,Cannamedical Sativa Forte NM,Sativa,24%,<1%,"6,99 €/g",Auf Lager,https://greenmedical.health/de/cannabis/flower/cannamedical_sativa_forte_nm-amsterdam_amnesia?deliveryTarget=cGhhcm1hY3k6fDo1NjI3NWFhNC0yNGY2LTQ2YmQtYmVhZi1mOWJkYTIzNDlmYjM%3D#reviews
Cannabis Taxi,73730,Esslingen,Orange Cake,LOT 420 OC,Hybrid Indica Dominant,26%,<1%,"7,45 €/g",Auf Lager,https://greenmedical.health/de/cannabis/flower/lot-420-oc-orange-cake?deliveryTarget=cGhhcm1hY3k6fDo1NjI3NWFhNC0yNGY2LTQ2YmQtYmVhZi1mOWJkYTIzNDlmYjM%3D#reviews
Cannabis Taxi,73730,Esslingen,Wedding Cake,31/1 Amici WC,Hybrid,31%,1%,"6,95 €/g",Auf Lager,https://greenmedical.health/de/cannabis/flower/31_1_amici_wc-wedding_cake?deliveryTarget=cGhhcm1hY3k6fDo1NjI3NWFhNC0yNGY2LTQ2YmQtYmVhZi1mOWJkYTIzNDlmYjM%3D#reviews
Cannabis Taxi,73730,Esslingen,Mac 1,N!CE 24/1 Mac 1,Hybrid Indica Dominant,24%,1%,"5,75 €/g",Auf Lager,https://greenmedical.health/de/cannabis/flower/n_ce_24_1_mac_1-mac_1?deliveryTarget=cGhhcm1hY3k6fDo1NjI3NWFhNC0yNGY2LTQ2YmQtYmVhZi1mOWJkYTIzNDlmYjM%3D#reviews
Cannabis Taxi,73730,Esslingen,La Sage,Nimbus easy 30/1,Hybrid Sativa Dominant,30%,<1%,"6,45 €/g",Auf Lager,https://greenmedical.health/de/cannabis/flower/nimbus_easy_30_1-la_sage?deliveryTarget=cGhhcm1hY3k6fDo1NjI3NWFhNC0yNGY2LTQ2YmQtYmVhZi1mOWJkYTIzNDlmYjM%3D#reviews
Cannabis Taxi,73730,Esslingen,Super Lemon Haze,30/1 Amici SLH,Hybrid Sativa Dominant,30%,1%,"6,95 €/g",NEU,https://greenmedical.health/de/cannabis/flower/30_1_amici_slh-super_lemon_haze?deliveryTarget=cGhhcm1hY3k6fDo1NjI3NWFhNC0yNGY2LTQ2YmQtYmVhZi1mOWJkYTIzNDlmYjM%3D#reviews
Cannabis Taxi,73730,Esslingen,Gary Payton x Gushers,Drapalin 31/1 Da Fux,Hybrid Indica Dominant,31%,1%,"5,95 €/g",Auf Lager,https://greenmedical.health/de/cannabis/flower/drapalin_31_1_da_fux-gary_payton_x_gushers?deliveryTarget=cGhhcm1hY3k6fDo1NjI3NWFhNC0yNGY2LTQ2YmQtYmVhZi1mOWJkYTIzNDlmYjM%3D#reviews
Cannabis Taxi,73730,Esslingen,Glueberry OG,Wildlife 24 GB CAN,Hybrid,24%,1%,"4,95 €/g",Auf Lager,https://greenmedical.health/de/cannabis/flower/wildlife_24_gb_can-glueberry_og?deliveryTarget=cGhhcm1hY3k6fDo1NjI3NWFhNC0yNGY2LTQ2YmQtYmVhZi1mOWJkYTIzNDlmYjM%3D#reviews
Cannabis Taxi,73730,Esslingen,Khanya Select,Cannabis flos 24/1 LS Ku.,Hybrid,24%,1%,"6,95 €/g",Auf Lager,https://greenmedical.health/de/cannabis/flower/canify_cannabis_flos_24_1_ls_ku_-khanya_select?deliveryTarget=cGhhcm1hY3k6fDo1NjI3NWFhNC0yNGY2LTQ2YmQtYmVhZi1mOWJkYTIzNDlmYjM%3D#reviews
Cannabis Taxi,73730,Esslingen,Permanent Marker,Greenseal 24/1 PMM,Hybrid Indica Dominant,24%,1%,"4,25 €/g",NEU,https://greenmedical.health/de/cannabis/flower/greenseal_24_1_pmm-permanent_marker?deliveryTarget=cGhhcm1hY3k6fDo1NjI3NWFhNC0yNGY2LTQ2YmQtYmVhZi1mOWJkYTIzNDlmYjM%3D#reviews
Cannabis Taxi,73730,Esslingen,Snow Lotus,LIT 31/1 SNW,Hybrid Sativa Dominant,31%,1%,"6,45 €/g",Auf Lager,https://greenmedical.health/de/cannabis/flower/lit_31_1_snw-snow_lotus?deliveryTarget=cGhhcm1hY3k6fDo1NjI3NWFhNC0yNGY2LTQ2YmQtYmVhZi1mOWJkYTIzNDlmYjM%3D#reviews
Cannabis Taxi,73730,Esslingen,Ultra Sour,Cannabis flos 22/1 CZE Ku.,Hybrid Sativa Dominant,22%,1%,"5,45 €/g",Auf Lager,https://greenmedical.health/de/cannabis/flower/cannabis_flos_22_1_cze_ku_-ultra_sour?deliveryTarget=cGhhcm1hY3k6fDo1NjI3NWFhNC0yNGY2LTQ2YmQtYmVhZi1mOWJkYTIzNDlmYjM%3D#reviews
Cannabis Taxi,73730,Esslingen,Mochi,Cannabis flos 22/1 CZE Ku. Mochi,Hybrid,22%,1%,"5,25 €/g",Auf Lager,https://greenmedical.health/de/cannabis/flower/cannabis_flos_22_1_cze_ku_mochi-mochi?deliveryTarget=cGhhcm1hY3k6fDo1NjI3NWFhNC0yNGY2LTQ2YmQtYmVhZi1mOWJkYTIzNDlmYjM%3D#reviews
Cannabis Taxi,73730,Esslingen,Sugar Dream,Medical Saints 30/1 SRD,Hybrid,30%,1%,"5,75 €/g",Auf Lager,https://greenmedical.health/de/cannabis/flower/medical_saints_30_1_srd-sugar_dream?deliveryTarget=cGhhcm1hY3k6fDo1NjI3NWFhNC0yNGY2LTQ2YmQtYmVhZi1mOWJkYTIzNDlmYjM%3D#reviews
Cannabis Taxi,73730,Esslingen,Garlic Truffle,N!CE 31/1 GT,Hybrid Indica Dominant,31%,1%,"6,95 €/g",Auf Lager,https://greenmedical.health/de/cannabis/flower/n_ce_31_1_gt-garlic_truffle?deliveryTarget=cGhhcm1hY3k6fDo1NjI3NWFhNC0yNGY2LTQ2YmQtYmVhZi1mOWJkYTIzNDlmYjM%3D#reviews
Cannabis Taxi,73730,Esslingen,Peach Chementine,420 Evolution 30/1 CA PCH,Hybrid,30%,<1%,"7,25 €/g",Auf Lager,https://greenmedical.health/de/cannabis/flower/420-evolution-30-1-ca-pch-peach-chementine?deliveryTarget=cGhhcm1hY3k6fDo1NjI3NWFhNC0yNGY2LTQ2YmQtYmVhZi1mOWJkYTIzNDlmYjM%3D#reviews
Cannabis Taxi,73730,Esslingen,Maluti CBD,Cannabis flos 1/14 LS Ku.,Hybrid Indica Dominant,1%,14%,"7,95 €/g",Auf Lager,https://greenmedical.health/de/cannabis/flower/canify_cannabis_flos_1_14_ls_ku-maluti_cbd?deliveryTarget=cGhhcm1hY3k6fDo1NjI3NWFhNC0yNGY2LTQ2YmQtYmVhZi1mOWJkYTIzNDlmYjM%3D#reviews
Cannabis Taxi,73730,Esslingen,Bliss,Drapalin 28/1 Bliss,Hybrid Indica Dominant,28%,1%,"4,95 €/g",Auf Lager,https://greenmedical.health/de/cannabis/flower/drapalin_28_1_bliss-bliss?deliveryTarget=cGhhcm1hY3k6fDo1NjI3NWFhNC0yNGY2LTQ2YmQtYmVhZi1mOWJkYTIzNDlmYjM%3D#reviews
Cannabis Taxi,73730,Esslingen,Bashengo,Luana Electric 24/1,Indica,22%,1%,"5,75 €/g",Auf Lager,https://greenmedical.health/de/cannabis/flower/luana_electric_24_1-bashengo?deliveryTarget=cGhhcm1hY3k6fDo1NjI3NWFhNC0yNGY2LTQ2YmQtYmVhZi1mOWJkYTIzNDlmYjM%3D#reviews
Cannabis Taxi,73730,Esslingen,Tropicake,auch genannt Tropical Cake,Hybrid Sativa Dominant,24%,1%,"7,25 €/g",Auf Lager,https://greenmedical.health/de/cannabis/flower/sinceritas_sativa_verum_24_1_tc-tropicake?deliveryTarget=cGhhcm1hY3k6fDo1NjI3NWFhNC0yNGY2LTQ2YmQtYmVhZi1mOWJkYTIzNDlmYjM%3D#reviews
Cannabis Taxi,73730,Esslingen,White Widow,Weeco 1A 18/1 WW,Hybrid,18%,1%,"5,75 €/g",Auf Lager,https://greenmedical.health/de/cannabis/flower/weeco_1a_18_1_ww-white_widow?deliveryTarget=cGhhcm1hY3k6fDo1NjI3NWFhNC0yNGY2LTQ2YmQtYmVhZi1mOWJkYTIzNDlmYjM%3D#reviews
Cannabis Taxi,73730,Esslingen,Chapel of Love,Canify Cannabis flos 30/1 POR Ku.,Hybrid,31%,<1%,"6,95 €/g",Auf Lager,https://greenmedical.health/de/cannabis/flower/canify_cannabis_flos_30_1_por_ku_-chapel_of_love?deliveryTarget=cGhhcm1hY3k6fDo1NjI3NWFhNC0yNGY2LTQ2YmQtYmVhZi1mOWJkYTIzNDlmYjM%3D#reviews
Cannabis Taxi,73730,Esslingen,GMO X Gush Mints,Demecan CRAFT Emerald 27:1,Hybrid,27%,<1%,"6,45 €/g",Auf Lager,https://greenmedical.health/de/cannabis/flower/demecan_craft_emerald_27_01-gmo_x_gush_mints?deliveryTarget=cGhhcm1hY3k6fDo1NjI3NWFhNC0yNGY2LTQ2YmQtYmVhZi1mOWJkYTIzNDlmYjM%3D#reviews
Cannabis Taxi,73730,Esslingen,Frosted Gumbo,Remexian 32/1 CRF FG,Hybrid Indica Dominant,32%,1%,"6,45 €/g",Auf Lager,https://greenmedical.health/de/cannabis/flower/remexian_32_1_crf_fg-frosted_gumbo?deliveryTarget=cGhhcm1hY3k6fDo1NjI3NWFhNC0yNGY2LTQ2YmQtYmVhZi1mOWJkYTIzNDlmYjM%3D#reviews
Cannabis Taxi,73730,Esslingen,Pink Kush Mints,Wellford Peak CA PKM 33/1,Hybrid Indica Dominant,33%,1%,"5,75 €/g",Auf Lager,https://greenmedical.health/de/cannabis/flower/wellford_peak_ca_pkm_33_1-pink_kush_mints?deliveryTarget=cGhhcm1hY3k6fDo1NjI3NWFhNC0yNGY2LTQ2YmQtYmVhZi1mOWJkYTIzNDlmYjM%3D#reviews
Cannabis Taxi,73730,Esslingen,Lemon Razz,Remexian 33/1 MTL LRZ,Hybrid Sativa Dominant,33%,1%,"7,45 €/g",Auf Lager,https://greenmedical.health/de/cannabis/flower/remexian_33_1_mtl_lrz-lemon_razz?deliveryTarget=cGhhcm1hY3k6fDo1NjI3NWFhNC0yNGY2LTQ2YmQtYmVhZi1mOWJkYTIzNDlmYjM%3D#reviews
Cannabis Taxi,73730,Esslingen,Purple Rain by the Gram,Weeco Duke 24/1,Hybrid Sativa Dominant,23%,<1%,"4,45 €/g",Auf Lager,https://greenmedical.health/de/cannabis/flower/weeco-duke-24-1-purple-rain-by-the-gram?deliveryTarget=cGhhcm1hY3k6fDo1NjI3NWFhNC0yNGY2LTQ2YmQtYmVhZi1mOWJkYTIzNDlmYjM%3D#reviews
Cannabis Taxi,73730,Esslingen,Jungle Fumes,enua 30/1 JGF,Hybrid Sativa Dominant,30%,<1%,"6,25 €/g",Auf Lager,https://greenmedical.health/de/cannabis/flower/enua_30_1_jgf-jungle_fumes?deliveryTarget=cGhhcm1hY3k6fDo1NjI3NWFhNC0yNGY2LTQ2YmQtYmVhZi1mOWJkYTIzNDlmYjM%3D#reviews
Cannabis Taxi,73730,Esslingen,Vanilla Cake,N!CE 26/1 VC,Hybrid Sativa Dominant,26%,1%,"5,25 €/g",Auf Lager,https://greenmedical.health/de/cannabis/flower/n_ce_26_1_vc-vanilla_cake?deliveryTarget=cGhhcm1hY3k6fDo1NjI3NWFhNC0yNGY2LTQ2YmQtYmVhZi1mOWJkYTIzNDlmYjM%3D#reviews
Cannabis Taxi,73730,Esslingen,Banana Kush,Sinceritas Hybrid Verum 24/1 BK,Hybrid,24%,1%,"6,25 €/g",Auf Lager,https://greenmedical.health/de/cannabis/flower/sinceritas_hybrid_verum_24_1_bk-banana_kush?deliveryTarget=cGhhcm1hY3k6fDo1NjI3NWFhNC0yNGY2LTQ2YmQtYmVhZi1mOWJkYTIzNDlmYjM%3D#reviews
Cannabis Taxi,73730,Esslingen,Platinum Pavé,420 Compound 27/1 CA PPE,Hybrid,27%,1%,"5,45 €/g",Auf Lager,https://greenmedical.health/de/cannabis/flower/420_compound_27_1_ca_ppe-platinum_pav_?deliveryTarget=cGhhcm1hY3k6fDo1NjI3NWFhNC0yNGY2LTQ2YmQtYmVhZi1mOWJkYTIzNDlmYjM%3D#reviews
Cannabis Taxi,73730,Esslingen,Black Cherry Punch,Cannamedical Indica classic ZAF,Hybrid Indica Dominant,20.4%,<1%,"5,45 €/g",Auf Lager,https://greenmedical.health/de/cannabis/flower/cannamedical-indica-classic-zaf-black-cherry-punch?deliveryTarget=cGhhcm1hY3k6fDo1NjI3NWFhNC0yNGY2LTQ2YmQtYmVhZi1mOWJkYTIzNDlmYjM%3D#reviews
Cannabis Taxi,73730,Esslingen,Wedding Cake,enua 22/1 WDC CA,Hybrid,22%,1%,"4,75 €/g",Auf Lager,https://greenmedical.health/de/cannabis/flower/enua_22_1_wdc_ca-wedding_cake?deliveryTarget=cGhhcm1hY3k6fDo1NjI3NWFhNC0yNGY2LTQ2YmQtYmVhZi1mOWJkYTIzNDlmYjM%3D#reviews
Cannabis Taxi,73730,Esslingen,Ultra Jack,HiSociety 30/1 CAN UJA,Hybrid Sativa Dominant,30%,1%,"6,75 €/g",Auf Lager,https://greenmedical.health/de/cannabis/flower/hi_society_30_1_can_uja-ultra_jack?deliveryTarget=cGhhcm1hY3k6fDo1NjI3NWFhNC0yNGY2LTQ2YmQtYmVhZi1mOWJkYTIzNDlmYjM%3D#reviews
Cannabis Taxi,73730,Esslingen,Frosted Flakes,Remexian 30/1 MTL FRF,Hybrid Indica Dominant,30%,1%,"6,95 €/g",Auf Lager,https://greenmedical.health/de/cannabis/flower/remexian_30_1_mtl_frf-frosted_flakes?deliveryTarget=cGhhcm1hY3k6fDo1NjI3NWFhNC0yNGY2LTQ2YmQtYmVhZi1mOWJkYTIzNDlmYjM%3D#reviews
Cannabis Taxi,73730,Esslingen,Cap Junky,Soma OG 34/1 PF,Hybrid Indica Dominant,34%,1%,"8,25 €/g",Auf Lager,https://greenmedical.health/de/cannabis/flower/soma_og_34_1_pf-cap_junky?deliveryTarget=cGhhcm1hY3k6fDo1NjI3NWFhNC0yNGY2LTQ2YmQtYmVhZi1mOWJkYTIzNDlmYjM%3D#reviews
Cannabis Taxi,73730,Esslingen,Black Lime,N!CE 29/1 BL,Hybrid,29%,1%,"5,55 €/g",Auf Lager,https://greenmedical.health/de/cannabis/flower/n_ce_29_1_bl-black_lime?deliveryTarget=cGhhcm1hY3k6fDo1NjI3NWFhNC0yNGY2LTQ2YmQtYmVhZi1mOWJkYTIzNDlmYjM%3D#reviews
Cannabis Taxi,73730,Esslingen,Scoop of Chem x Early Orange,NOC SE 19 Essence,Hybrid Indica Dominant,18%,1%,"3,95 €/g",Auf Lager,https://greenmedical.health/de/cannabis/flower/noc_se_19_essence-scoop_of_chem_x_early_orange?deliveryTarget=cGhhcm1hY3k6fDo1NjI3NWFhNC0yNGY2LTQ2YmQtYmVhZi1mOWJkYTIzNDlmYjM%3D#reviews
Cannabis Taxi,73730,Esslingen,Black Cherry Punch,THC AKUT MG 24 BCP,Hybrid Indica Dominant,24%,1%,"4,75 €/g",Auf Lager,https://greenmedical.health/de/cannabis/flower/thc_akut_mg_24_bcp-black_cherry_punch?deliveryTarget=cGhhcm1hY3k6fDo1NjI3NWFhNC0yNGY2LTQ2YmQtYmVhZi1mOWJkYTIzNDlmYjM%3D#reviews
Cannabis Taxi,73730,Esslingen,Gorilla Glue,420 Natural 25/1 CA GG4,Hybrid,25%,<1%,"6,95 €/g",Auf Lager,https://greenmedical.health/de/cannabis/flower/420-natural-25-1-ca-gg4-gorilla-glue?deliveryTarget=cGhhcm1hY3k6fDo1NjI3NWFhNC0yNGY2LTQ2YmQtYmVhZi1mOWJkYTIzNDlmYjM%3D#reviews
Cannabis Taxi,73730,Esslingen,Purple Ice Water,BOTANICS Purple Cream 26/1,Hybrid,26%,<1%,"6,45 €/g",Auf Lager,https://greenmedical.health/de/cannabis/flower/botanics_purple_cream_26_1-purple_ice_water?deliveryTarget=cGhhcm1hY3k6fDo1NjI3NWFhNC0yNGY2LTQ2YmQtYmVhZi1mOWJkYTIzNDlmYjM%3D#reviews
Cannabis Taxi,73730,Esslingen,Banana Cream Cake,Cannamedical Indica Forte BC,Hybrid,24.7%,1%,"6,45 €/g",Auf Lager,https://greenmedical.health/de/cannabis/flower/cannamedical_indica_forte_bc-banana_cream_cake?deliveryTarget=cGhhcm1hY3k6fDo1NjI3NWFhNC0yNGY2LTQ2YmQtYmVhZi1mOWJkYTIzNDlmYjM%3D#reviews
Cannabis Taxi,73730,Esslingen,Pink Kush,enua 27/1 PS3 PNK,Hybrid,24.5%,1%,"5,45 €/g",Auf Lager,https://greenmedical.health/de/cannabis/flower/enua_27_1_ps3_pnk-pink_kush?deliveryTarget=cGhhcm1hY3k6fDo1NjI3NWFhNC0yNGY2LTQ2YmQtYmVhZi1mOWJkYTIzNDlmYjM%3D#reviews
Cannabis Taxi,73730,Esslingen,Rainbow Pavé,GhostDrops 30/1 CGD Rainbow Pave,Hybrid Sativa Dominant,30%,<1%,"7,45 €/g",Auf Lager,https://greenmedical.health/de/cannabis/flower/ghostdrops_30_1_cgd_rainbow_pave-rainbow_pav_?deliveryTarget=cGhhcm1hY3k6fDo1NjI3NWFhNC0yNGY2LTQ2YmQtYmVhZi1mOWJkYTIzNDlmYjM%3D#reviews
Cannabis Taxi,73730,Esslingen,Grapes and Cream,AVAAY 28/1 GNC,Hybrid Indica Dominant,28%,1%,"7,45 €/g",Auf Lager,https://greenmedical.health/de/cannabis/flower/avaay_28_1_gnc-grapes_and_cream?deliveryTarget=cGhhcm1hY3k6fDo1NjI3NWFhNC0yNGY2LTQ2YmQtYmVhZi1mOWJkYTIzNDlmYjM%3D#reviews
Cannabis Taxi,73730,Esslingen,Hawaiian Rain x Permanent Marker,Demecan CRAFT Cali 31:01,Hybrid Indica Dominant,31%,1%,"8,95 €/g",Auf Lager,https://greenmedical.health/de/cannabis/flower/demecan_craft_cali_31_01-hawaiian_rain_x_permanent_marker?deliveryTarget=cGhhcm1hY3k6fDo1NjI3NWFhNC0yNGY2LTQ2YmQtYmVhZi1mOWJkYTIzNDlmYjM%3D#reviews
Cannabis Taxi,73730,Esslingen,Cosmic Candy,Remexian 33/1 GJY CCA,Hybrid,33%,1%,"6,95 €/g",NEU,https://greenmedical.health/de/cannabis/flower/remexian_33_1_gjy_cca-cosmic_candy?deliveryTarget=cGhhcm1hY3k6fDo1NjI3NWFhNC0yNGY2LTQ2YmQtYmVhZi1mOWJkYTIzNDlmYjM%3D#reviews
Cannabis Taxi,73730,Esslingen,Gorilla Glue 4,IMC THC25 T03 GG4,Indica,25%,<1%,"4,95 €/g",Auf Lager,https://greenmedical.health/de/cannabis/flower/imc-thc25-t03-gg4-gorilla-glue-4?deliveryTarget=cGhhcm1hY3k6fDo1NjI3NWFhNC0yNGY2LTQ2YmQtYmVhZi1mOWJkYTIzNDlmYjM%3D#reviews
Cannabis Taxi,73730,Esslingen,Sherb Cream Pie,Remexian 15/1 KPS SCP,Hybrid,15%,1%,"3,75 €/g",NEU,https://greenmedical.health/de/cannabis/flower/remexian_15_1_kps_scp-sherb_cream_pie?deliveryTarget=cGhhcm1hY3k6fDo1NjI3NWFhNC0yNGY2LTQ2YmQtYmVhZi1mOWJkYTIzNDlmYjM%3D#reviews
Cannabis Taxi,73730,Esslingen,Cosmic MAC,Sinceritas Sativa Auris 27/1 CM,Hybrid Sativa Dominant,27%,1%,"6,45 €/g",Auf Lager,https://greenmedical.health/de/cannabis/flower/sinceritas_sativa_auris_27_1_cm-cosmic_mac?deliveryTarget=cGhhcm1hY3k6fDo1NjI3NWFhNC0yNGY2LTQ2YmQtYmVhZi1mOWJkYTIzNDlmYjM%3D#reviews
Cannabis Taxi,73730,Esslingen,MAC Deluxe,SUMO MDLX 27/1,Hybrid Indica Dominant,27%,<1%,"4,95 €/g",Auf Lager,https://greenmedical.health/de/cannabis/flower/sumo_mdlx_27_1-mac_deluxe?deliveryTarget=cGhhcm1hY3k6fDo1NjI3NWFhNC0yNGY2LTQ2YmQtYmVhZi1mOWJkYTIzNDlmYjM%3D#reviews
Cannabis Taxi,73730,Esslingen,Legendary Bozy,Wellford Aquaponic 29/1 LBO,Hybrid Indica Dominant,29%,<1%,"5,55 €/g",Auf Lager,https://greenmedical.health/de/cannabis/flower/wellford_aquaponic_29_1_lbo-legendary_bozy?deliveryTarget=cGhhcm1hY3k6fDo1NjI3NWFhNC0yNGY2LTQ2YmQtYmVhZi1mOWJkYTIzNDlmYjM%3D#reviews
Cannabis Taxi,73730,Esslingen,Banana Bonbon,Buuo 24/1 BBB,Hybrid,24%,1%,"4,95 €/g",Auf Lager,https://greenmedical.health/de/cannabis/flower/buuo_24_1_bbb-banana_bonbon?deliveryTarget=cGhhcm1hY3k6fDo1NjI3NWFhNC0yNGY2LTQ2YmQtYmVhZi1mOWJkYTIzNDlmYjM%3D#reviews
Cannabis Taxi,73730,Esslingen,Cap Junky,enua 30/1 BC CA,Hybrid,30%,1%,"7,45 €/g",Auf Lager,https://greenmedical.health/de/cannabis/flower/enua_30_1_bc_ca-cap_junky?deliveryTarget=cGhhcm1hY3k6fDo1NjI3NWFhNC0yNGY2LTQ2YmQtYmVhZi1mOWJkYTIzNDlmYjM%3D#reviews
Cannabis Taxi,73730,Esslingen,Black Pineapple,IMC THC30 T10,Hybrid,30%,1%,"5,75 €/g",Auf Lager,https://greenmedical.health/de/cannabis/flower/imc_thc30_t10-black_pineapple?deliveryTarget=cGhhcm1hY3k6fDo1NjI3NWFhNC0yNGY2LTQ2YmQtYmVhZi1mOWJkYTIzNDlmYjM%3D#reviews
Cannabis Taxi,73730,Esslingen,Jet Fuel Funk,Remexian 30/1 JOI JFF,Indica,30%,<1%,"6,25 €/g",NEU,https://greenmedical.health/de/cannabis/flower/remexian_30_1_joi_jff-jet_fuel_funk?deliveryTarget=cGhhcm1hY3k6fDo1NjI3NWFhNC0yNGY2LTQ2YmQtYmVhZi1mOWJkYTIzNDlmYjM%3D#reviews
Cannabis Taxi,73730,Esslingen,Frosted Lemon Angel,Weeco 25/1,Hybrid Sativa Dominant,25%,<1%,"5,95 €/g",Auf Lager,https://greenmedical.health/de/cannabis/flower/weeco-25-1-frosted-lemon-angel?deliveryTarget=cGhhcm1hY3k6fDo1NjI3NWFhNC0yNGY2LTQ2YmQtYmVhZi1mOWJkYTIzNDlmYjM%3D#reviews
Cannabis Taxi,73730,Esslingen,Froze,N!CE 17/1 FRZ,Hybrid Indica Dominant,17%,1%,"5,95 €/g",Auf Lager,https://greenmedical.health/de/cannabis/flower/n_ce_17_1_frz-froze?deliveryTarget=cGhhcm1hY3k6fDo1NjI3NWFhNC0yNGY2LTQ2YmQtYmVhZi1mOWJkYTIzNDlmYjM%3D#reviews
Cannabis Taxi,73730,Esslingen,Wedding Crasher,N!CE 33/1 WCR,Hybrid Indica Dominant,33%,1%,"7,25 €/g",Auf Lager,https://greenmedical.health/de/cannabis/flower/n_ce_33_1_wcr-wedding_crasher?deliveryTarget=cGhhcm1hY3k6fDo1NjI3NWFhNC0yNGY2LTQ2YmQtYmVhZi1mOWJkYTIzNDlmYjM%3D#reviews
Cannabis Taxi,73730,Esslingen,Sensi Double Kush,Wellford Aquaponic 24/1 SDK,Indica,24%,1%,"5,45 €/g",Auf Lager,https://greenmedical.health/de/cannabis/flower/wellford_aquaponic_24_1_sdk-sensi_double_kush?deliveryTarget=cGhhcm1hY3k6fDo1NjI3NWFhNC0yNGY2LTQ2YmQtYmVhZi1mOWJkYTIzNDlmYjM%3D#reviews
Cannabis Taxi,73730,Esslingen,Cookies Kerosene Punch,Cannamedical Indica Forte DK,Hybrid Indica Dominant,24%,1%,"5,45 €/g",Auf Lager,https://greenmedical.health/de/cannabis/flower/cannamedical_indica_forte_dk-cookies_kerosene_punch?deliveryTarget=cGhhcm1hY3k6fDo1NjI3NWFhNC0yNGY2LTQ2YmQtYmVhZi1mOWJkYTIzNDlmYjM%3D#reviews
Cannabis Taxi,73730,Esslingen,Moonbow 112 IX,Demecan Core Moonbow 27:1,Hybrid,25%,1%,"6,45 €/g",Auf Lager,https://greenmedical.health/de/cannabis/flower/demecan_core_moonbow_27_1-moonbow_112_ix?deliveryTarget=cGhhcm1hY3k6fDo1NjI3NWFhNC0yNGY2LTQ2YmQtYmVhZi1mOWJkYTIzNDlmYjM%3D#reviews
Cannabis Taxi,73730,Esslingen,Girl Scout Cookies,N!CE 28/1 GSC,Hybrid,28%,1%,"5,45 €/g",Auf Lager,https://greenmedical.health/de/cannabis/flower/n_ce_28_1_gsc-girl_scout_cookies?deliveryTarget=cGhhcm1hY3k6fDo1NjI3NWFhNC0yNGY2LTQ2YmQtYmVhZi1mOWJkYTIzNDlmYjM%3D#reviews
Cannabis Taxi,73730,Esslingen,Strawberry Cookies,Remexian 24/1 PRT SCK,Sativa,24%,<1%,"4,95 €/g",Auf Lager,https://greenmedical.health/de/cannabis/flower/remexian_24_1_prt_sck-strawberry_cookies?deliveryTarget=cGhhcm1hY3k6fDo1NjI3NWFhNC0yNGY2LTQ2YmQtYmVhZi1mOWJkYTIzNDlmYjM%3D#reviews
Cannabis Taxi,73730,Esslingen,Cereal Milk,26/1 Amici CM,Hybrid Indica Dominant,26%,1%,"6,75 €/g",NEU,https://greenmedical.health/de/cannabis/flower/26_1_amici_cm-cereal_milk?deliveryTarget=cGhhcm1hY3k6fDo1NjI3NWFhNC0yNGY2LTQ2YmQtYmVhZi1mOWJkYTIzNDlmYjM%3D#reviews
Cannabis Taxi,73730,Esslingen,Cherry Mints,Luana 28/1 CM,Hybrid,28%,1%,"5,45 €/g",Auf Lager,https://greenmedical.health/de/cannabis/flower/luana_28_1_cm-cherry_mints?deliveryTarget=cGhhcm1hY3k6fDo1NjI3NWFhNC0yNGY2LTQ2YmQtYmVhZi1mOWJkYTIzNDlmYjM%3D#reviews
Cannabis Taxi,73730,Esslingen,Garlic Budder,madrecan 27/1 GB9,Hybrid,27%,<1%,"4,95 €/g",Auf Lager,https://greenmedical.health/de/cannabis/flower/madrecan_27_1_gb9-garlic_budder?deliveryTarget=cGhhcm1hY3k6fDo1NjI3NWFhNC0yNGY2LTQ2YmQtYmVhZi1mOWJkYTIzNDlmYjM%3D#reviews
Cannabis Taxi,73730,Esslingen,Mokum's Tulip,Remexian 27/1 PRT MTP,Hybrid Sativa Dominant,27%,1%,"5,75 €/g",Auf Lager,https://greenmedical.health/de/cannabis/flower/remexian_27_1_prt_mtp-mokum_s_tulip?deliveryTarget=cGhhcm1hY3k6fDo1NjI3NWFhNC0yNGY2LTQ2YmQtYmVhZi1mOWJkYTIzNDlmYjM%3D#reviews
Cannabis Taxi,73730,Esslingen,Citrus Spritz,Remexian 30/1 PGF CIS,Hybrid,30%,<1%,"6,25 €/g",Auf Lager,https://greenmedical.health/de/cannabis/flower/remexian_30_1_pgf_cis-citrus_spritz?deliveryTarget=cGhhcm1hY3k6fDo1NjI3NWFhNC0yNGY2LTQ2YmQtYmVhZi1mOWJkYTIzNDlmYjM%3D#reviews
Cannabis Taxi,73730,Esslingen,Mango Kush,aleph Amber 26/1,Indica,28%,<1%,"7,75 €/g",Auf Lager,https://greenmedical.health/de/cannabis/flower/aleph-amber-26-1-mango-kush?deliveryTarget=cGhhcm1hY3k6fDo1NjI3NWFhNC0yNGY2LTQ2YmQtYmVhZi1mOWJkYTIzNDlmYjM%3D#reviews
Cannabis Taxi,73730,Esslingen,Tiger Cake,Khiron TC 30/1,Hybrid,30%,<1%,"7,45 €/g",Auf Lager,https://greenmedical.health/de/cannabis/flower/khiron_tc_30_1-tiger_cake?deliveryTarget=cGhhcm1hY3k6fDo1NjI3NWFhNC0yNGY2LTQ2YmQtYmVhZi1mOWJkYTIzNDlmYjM%3D#reviews
Cannabis Taxi,73730,Esslingen,Siggis Holunderblüte,Siggis HBLT 22:01,Hybrid Indica Dominant,22%,1%,"8,95 €/g",NEU,https://greenmedical.health/de/cannabis/flower/siggis_hblt_22_01-siggis_holunderbluete?deliveryTarget=cGhhcm1hY3k6fDo1NjI3NWFhNC0yNGY2LTQ2YmQtYmVhZi1mOWJkYTIzNDlmYjM%3D#reviews
Cannabis Taxi,73730,Esslingen,Galaxy Walker OG,TILRAY THC25 Hybrid No.4,Hybrid,25%,1%,"5,95 €/g",Auf Lager,https://greenmedical.health/de/cannabis/flower/tilray_thc25_hybrid_no_4_galaxy_walker-galaxy_walker_og?deliveryTarget=cGhhcm1hY3k6fDo1NjI3NWFhNC0yNGY2LTQ2YmQtYmVhZi1mOWJkYTIzNDlmYjM%3D#reviews
Cannabis Taxi,73730,Esslingen,Red Rozay,420 Evolution 27/1 CA RZY,Hybrid Indica Dominant,27%,1%,"7,45 €/g",Auf Lager,https://greenmedical.health/de/cannabis/flower/420_evolution_27_1_ca_rzy-red_rozay?deliveryTarget=cGhhcm1hY3k6fDo1NjI3NWFhNC0yNGY2LTQ2YmQtYmVhZi1mOWJkYTIzNDlmYjM%3D#reviews
Cannabis Taxi,73730,Esslingen,Rainbow Cookies,Cannamedical CM 24/1,Hybrid,24%,1%,"5,25 €/g",Auf Lager,https://greenmedical.health/de/cannabis/flower/cannamedical_cm_24_1-rainbow_cookies?deliveryTarget=cGhhcm1hY3k6fDo1NjI3NWFhNC0yNGY2LTQ2YmQtYmVhZi1mOWJkYTIzNDlmYjM%3D#reviews
Cannabis Taxi,73730,Esslingen,8-Ball Kush,Materia 8BK 30/1,Hybrid Indica Dominant,30%,1%,"5,55 €/g",Auf Lager,https://greenmedical.health/de/cannabis/flower/materia_8bk_30_1-8_ball_kush?deliveryTarget=cGhhcm1hY3k6fDo1NjI3NWFhNC0yNGY2LTQ2YmQtYmVhZi1mOWJkYTIzNDlmYjM%3D#reviews
Cannabis Taxi,73730,Esslingen,Noga,TIKUN Noga 27/1,Hybrid,27%,1%,"4,55 €/g",Auf Lager,https://greenmedical.health/de/cannabis/flower/tikun_noga_27_1-noga?deliveryTarget=cGhhcm1hY3k6fDo1NjI3NWFhNC0yNGY2LTQ2YmQtYmVhZi1mOWJkYTIzNDlmYjM%3D#reviews
Cannabis Taxi,73730,Esslingen,Ghost Train Haze,Wellford Aquaponic 26/1 GTH,Hybrid Sativa Dominant,26%,1%,"6,75 €/g",Auf Lager,https://greenmedical.health/de/cannabis/flower/wellford_aquaponic_26_1_gth-ghost_train_haze?deliveryTarget=cGhhcm1hY3k6fDo1NjI3NWFhNC0yNGY2LTQ2YmQtYmVhZi1mOWJkYTIzNDlmYjM%3D#reviews
Cannabis Taxi,73730,Esslingen,LA Kush Cake,Cannabis flos 25/1 ES Ku.,Hybrid,25%,1%,"5,45 €/g",Auf Lager,https://greenmedical.health/de/cannabis/flower/canify_cannabis_flos_25_1_es_ku_-la_kush_cake?deliveryTarget=cGhhcm1hY3k6fDo1NjI3NWFhNC0yNGY2LTQ2YmQtYmVhZi1mOWJkYTIzNDlmYjM%3D#reviews
Cannabis Taxi,73730,Esslingen,Flap Jacks,Cannabis flos 27/1 CDA Ku.,Hybrid Indica Dominant,27%,1%,"5,95 €/g",Auf Lager,https://greenmedical.health/de/cannabis/flower/cannabis_flos_27_1_cda_ku_-flap_jacks?deliveryTarget=cGhhcm1hY3k6fDo1NjI3NWFhNC0yNGY2LTQ2YmQtYmVhZi1mOWJkYTIzNDlmYjM%3D#reviews
Cannabis Taxi,73730,Esslingen,Girl Scout Cookies x Mandarin Sunset,Drapalin 29/1 Cape Canaveral,Hybrid Indica Dominant,29%,1%,"6,75 €/g",Auf Lager,https://greenmedical.health/de/cannabis/flower/drapalin_29_1_cape_canaveral-girl_scout_cookies_x_mandarin_sunset?deliveryTarget=cGhhcm1hY3k6fDo1NjI3NWFhNC0yNGY2LTQ2YmQtYmVhZi1mOWJkYTIzNDlmYjM%3D#reviews
Cannabis Taxi,73730,Esslingen,Grape Hubba Bubba,Remexian 33/1 CIV GHB,Hybrid Indica Dominant,33%,1%,"6,95 €/g",NEU,https://greenmedical.health/de/cannabis/flower/remexian_33_1_civ_ghb-grape_hubba_bubba?deliveryTarget=cGhhcm1hY3k6fDo1NjI3NWFhNC0yNGY2LTQ2YmQtYmVhZi1mOWJkYTIzNDlmYjM%3D#reviews
Cannabis Taxi,73730,Esslingen,God Cherry Bud,Slouu 30/1 PS3 CA GCB,Hybrid,30%,1%,"5,45 €/g",Auf Lager,https://greenmedical.health/de/cannabis/flower/slouu_30_1_ps3_ca_gcb-god_cherry_bud?deliveryTarget=cGhhcm1hY3k6fDo1NjI3NWFhNC0yNGY2LTQ2YmQtYmVhZi1mOWJkYTIzNDlmYjM%3D#reviews
Cannabis Taxi,73730,Esslingen,Sticky Bomb Liberty City,Coyote Valley 16/1 SBLI,Hybrid Indica Dominant,16%,1%,"3,75 €/g",Auf Lager,https://greenmedical.health/de/cannabis/flower/coyote_valley_16_1_sbli-sticky_bomb_liberty_city?deliveryTarget=cGhhcm1hY3k6fDo1NjI3NWFhNC0yNGY2LTQ2YmQtYmVhZi1mOWJkYTIzNDlmYjM%3D#reviews
Cannabis Taxi,73730,Esslingen,Orange Velvet,Demecan Typ2 19:1,Hybrid,19%,<1%,"5,95 €/g",Auf Lager,https://greenmedical.health/de/cannabis/flower/demecan_typ2_19_1-orange_velvet?deliveryTarget=cGhhcm1hY3k6fDo1NjI3NWFhNC0yNGY2LTQ2YmQtYmVhZi1mOWJkYTIzNDlmYjM%3D#reviews
Cannabis Taxi,73730,Esslingen,Pineapple Krush,Remexian 24/1 TCG,Hybrid,24%,1%,"4,95 €/g",Auf Lager,https://greenmedical.health/de/cannabis/flower/remexian_24_1_tcg-pineapple_krush?deliveryTarget=cGhhcm1hY3k6fDo1NjI3NWFhNC0yNGY2LTQ2YmQtYmVhZi1mOWJkYTIzNDlmYjM%3D#reviews
Cannabis Taxi,73730,Esslingen,Cap Junky,TIKUN CAP J 31/1,Hybrid,31%,1%,"6,95 €/g",Auf Lager,https://greenmedical.health/de/cannabis/flower/tikun_cap_j_31_1-cap_junky?deliveryTarget=cGhhcm1hY3k6fDo1NjI3NWFhNC0yNGY2LTQ2YmQtYmVhZi1mOWJkYTIzNDlmYjM%3D#reviews
Cannabis Taxi,73730,Esslingen,Crumbled Lime,TRUU GT 27/1,Sativa,26%,1%,"6,45 €/g",Auf Lager,https://greenmedical.health/de/cannabis/flower/truu_gt_27_1-crumbled_lime?deliveryTarget=cGhhcm1hY3k6fDo1NjI3NWFhNC0yNGY2LTQ2YmQtYmVhZi1mOWJkYTIzNDlmYjM%3D#reviews
Cannabis Taxi,73730,Esslingen,White Wedding Cake RBX,AMP ZEN RBX THC30,Hybrid Indica Dominant,30%,<1%,"6,45 €/g",Auf Lager,https://greenmedical.health/de/cannabis/flower/amp_zen_rbx_thc30-white_wedding_cake_rbx?deliveryTarget=cGhhcm1hY3k6fDo1NjI3NWFhNC0yNGY2LTQ2YmQtYmVhZi1mOWJkYTIzNDlmYjM%3D#reviews
Cannabis Taxi,73730,Esslingen,Tropical Cream Cake,Cannamedical Indica Light ZAF,Hybrid Indica Dominant,15%,1%,"4,75 €/g",Auf Lager,https://greenmedical.health/de/cannabis/flower/cannamedical_indica_light_zaf-tropical_cream_cake?deliveryTarget=cGhhcm1hY3k6fDo1NjI3NWFhNC0yNGY2LTQ2YmQtYmVhZi1mOWJkYTIzNDlmYjM%3D#reviews
Cannabis Taxi,73730,Esslingen,Marshmallow OG,Eufloria 27/1 MOG,Hybrid Indica Dominant,27%,1%,"5,95 €/g",Auf Lager,https://greenmedical.health/de/cannabis/flower/eufloria_27_1_mog-marshmallow_og?deliveryTarget=cGhhcm1hY3k6fDo1NjI3NWFhNC0yNGY2LTQ2YmQtYmVhZi1mOWJkYTIzNDlmYjM%3D#reviews
Cannabis Taxi,73730,Esslingen,Master AC,Slouu 20/1 MAC,Hybrid,20%,1%,"4,45 €/g",Auf Lager,https://greenmedical.health/de/cannabis/flower/slouu_20_1_mac_master_ac-_?deliveryTarget=cGhhcm1hY3k6fDo1NjI3NWFhNC0yNGY2LTQ2YmQtYmVhZi1mOWJkYTIzNDlmYjM%3D#reviews
Cannabis Taxi,73730,Esslingen,Blueberry,Tilray THC15 Spotlight Porto,Indica,15%,1%,"6,45 €/g",Auf Lager,https://greenmedical.health/de/cannabis/flower/tilray_thc15_spotlight_porto-blueberry?deliveryTarget=cGhhcm1hY3k6fDo1NjI3NWFhNC0yNGY2LTQ2YmQtYmVhZi1mOWJkYTIzNDlmYjM%3D#reviews
Cannabis Taxi,73730,Esslingen,Ben & Berries,ZOIKS 22/1,Hybrid Indica Dominant,22%,1%,"5,75 €/g",Auf Lager,https://greenmedical.health/de/cannabis/flower/zoiks_22_1-ben_berries?deliveryTarget=cGhhcm1hY3k6fDo1NjI3NWFhNC0yNGY2LTQ2YmQtYmVhZi1mOWJkYTIzNDlmYjM%3D#reviews
Cannabis Taxi,73730,Esslingen,Scented Marker,420 Evolution 30/1 CA SCM,Hybrid Indica Dominant,30%,1%,"8,25 €/g",NEU,https://greenmedical.health/de/cannabis/flower/420_evolution_30_1_ca_scm-scented_marker?deliveryTarget=cGhhcm1hY3k6fDo1NjI3NWFhNC0yNGY2LTQ2YmQtYmVhZi1mOWJkYTIzNDlmYjM%3D#reviews
Cannabis Taxi,73730,Esslingen,Ultra Coconut,ADREX Dank Craft 28 UC CAN,Hybrid Sativa Dominant,28%,1%,"5,45 €/g",NEU,https://greenmedical.health/de/cannabis/flower/adrex_dank_craft_28_uc_can-ultra_coconut?deliveryTarget=cGhhcm1hY3k6fDo1NjI3NWFhNC0yNGY2LTQ2YmQtYmVhZi1mOWJkYTIzNDlmYjM%3D#reviews
Cannabis Taxi,73730,Esslingen,Black Amber,BRIAH Cannabis 28/1 BKA,Hybrid,28%,1%,"4,95 €/g",Auf Lager,https://greenmedical.health/de/cannabis/flower/briah_cannabis_28_1_bka-black_amber?deliveryTarget=cGhhcm1hY3k6fDo1NjI3NWFhNC0yNGY2LTQ2YmQtYmVhZi1mOWJkYTIzNDlmYjM%3D#reviews
Cannabis Taxi,73730,Esslingen,Permanent Marker,CzechOut 27/1 PMM,Hybrid,27%,1%,"5,95 €/g",Auf Lager,https://greenmedical.health/de/cannabis/flower/czechout_27_1_pmm-permanent_marker?deliveryTarget=cGhhcm1hY3k6fDo1NjI3NWFhNC0yNGY2LTQ2YmQtYmVhZi1mOWJkYTIzNDlmYjM%3D#reviews
Cannabis Taxi,73730,Esslingen,Gastro Pop Ultra,enua 18/1 GPU CA,Hybrid Indica Dominant,18%,<1%,"4,75 €/g",Auf Lager,https://greenmedical.health/de/cannabis/flower/enua_18_1_gpu_ca-gastro_pop_ultra?deliveryTarget=cGhhcm1hY3k6fDo1NjI3NWFhNC0yNGY2LTQ2YmQtYmVhZi1mOWJkYTIzNDlmYjM%3D#reviews
Cannabis Taxi,73730,Esslingen,El Gordo,Khiron ELG 30/1,Hybrid Indica Dominant,30%,1%,"7,75 €/g",Auf Lager,https://greenmedical.health/de/cannabis/flower/khiron_elg_30_1-el_gordo?deliveryTarget=cGhhcm1hY3k6fDo1NjI3NWFhNC0yNGY2LTQ2YmQtYmVhZi1mOWJkYTIzNDlmYjM%3D#reviews
Cannabis Taxi,73730,Esslingen,Girl Scout Cookies,N!CE 31/1 GSC,Hybrid,31%,1%,"7,95 €/g",Auf Lager,https://greenmedical.health/de/cannabis/flower/n_ce_31_1_gsc-girl_scout_cookies?deliveryTarget=cGhhcm1hY3k6fDo1NjI3NWFhNC0yNGY2LTQ2YmQtYmVhZi1mOWJkYTIzNDlmYjM%3D#reviews
Cannabis Taxi,73730,Esslingen,Arctic Reaper,Remexian 30/1 HCC ARR,Hybrid,30%,1%,"6,45 €/g",Auf Lager,https://greenmedical.health/de/cannabis/flower/remexian_30_1_hcc_arr-arctic_reaper?deliveryTarget=cGhhcm1hY3k6fDo1NjI3NWFhNC0yNGY2LTQ2YmQtYmVhZi1mOWJkYTIzNDlmYjM%3D#reviews
Cannabis Taxi,73730,Esslingen,OG Kush,Slouu 25/1 PS3 CA OGK,Hybrid Indica Dominant,25%,1%,"4,95 €/g",Auf Lager,https://greenmedical.health/de/cannabis/flower/slouu_25_1_ps3_ca_ogk-og_kush?deliveryTarget=cGhhcm1hY3k6fDo1NjI3NWFhNC0yNGY2LTQ2YmQtYmVhZi1mOWJkYTIzNDlmYjM%3D#reviews
Cannabis Taxi,73730,Esslingen,Splitter Jelato,enua 27/1 SJ CA,Hybrid Indica Dominant,27%,<1%,"6,25 €/g",Auf Lager,https://greenmedical.health/de/cannabis/flower/enua_27_1_sj_ca-splitter_jelato?deliveryTarget=cGhhcm1hY3k6fDo1NjI3NWFhNC0yNGY2LTQ2YmQtYmVhZi1mOWJkYTIzNDlmYjM%3D#reviews
Cannabis Taxi,73730,Esslingen,Strawberry Froyo,Eufloria 30/1 SFR,Hybrid Indica Dominant,30%,1%,"6,95 €/g",Auf Lager,https://greenmedical.health/de/cannabis/flower/eufloria_30_1_sfr-strawberry_froyo?deliveryTarget=cGhhcm1hY3k6fDo1NjI3NWFhNC0yNGY2LTQ2YmQtYmVhZi1mOWJkYTIzNDlmYjM%3D#reviews
Cannabis Taxi,73730,Esslingen,Oz Melon Jam,Slouu 30/1 OMJ CA,Hybrid,30%,1%,"5,45 €/g",Auf Lager,https://greenmedical.health/de/cannabis/flower/slouu_30_1_omj_ca-delicata_cookies?deliveryTarget=cGhhcm1hY3k6fDo1NjI3NWFhNC0yNGY2LTQ2YmQtYmVhZi1mOWJkYTIzNDlmYjM%3D#reviews
Cannabis Taxi,73730,Esslingen,Moonlight Nectar,ZOIKS 31/1 MN,Hybrid Indica Dominant,31%,1%,"6,45 €/g",NEU,https://greenmedical.health/de/cannabis/flower/zoiks_31_1_mn-moonlight_nectar?deliveryTarget=cGhhcm1hY3k6fDo1NjI3NWFhNC0yNGY2LTQ2YmQtYmVhZi1mOWJkYTIzNDlmYjM%3D#reviews
Cannabis Taxi,73730,Esslingen,Atomic Sour Grapefruit,29/1 Amici AS,Indica,29%,1%,"6,75 €/g",Auf Lager,https://greenmedical.health/de/cannabis/flower/29_1_amici_as-atomic_sour_grapefruit?deliveryTarget=cGhhcm1hY3k6fDo1NjI3NWFhNC0yNGY2LTQ2YmQtYmVhZi1mOWJkYTIzNDlmYjM%3D#reviews
Cannabis Taxi,73730,Esslingen,Pink Slurricane,Remexian 27/1 PSL,Hybrid Indica Dominant,27%,<1%,"5,95 €/g",Auf Lager,https://greenmedical.health/de/cannabis/flower/remexian_27_1_psl-pink_kush_x_slurricane?deliveryTarget=cGhhcm1hY3k6fDo1NjI3NWFhNC0yNGY2LTQ2YmQtYmVhZi1mOWJkYTIzNDlmYjM%3D#reviews
Cannabis Taxi,73730,Esslingen,Siggis Löwenzahn,Siggis LWZAHN 22:01,Hybrid,22%,1%,"9,95 €/g",Auf Lager,https://greenmedical.health/de/cannabis/flower/siggis_lwzahn_22_01-siggis_loewenzahn?deliveryTarget=cGhhcm1hY3k6fDo1NjI3NWFhNC0yNGY2LTQ2YmQtYmVhZi1mOWJkYTIzNDlmYjM%3D#reviews
Cannabis Taxi,73730,Esslingen,Island Sweet Skunk,Tilray THC25 Spotlight Porto,Sativa,25%,<1%,"6,95 €/g",Auf Lager,https://greenmedical.health/de/cannabis/flower/tilray-thc25-spotlight-porto-island-sweet-skunk-island-sweet-skunk?deliveryTarget=cGhhcm1hY3k6fDo1NjI3NWFhNC0yNGY2LTQ2YmQtYmVhZi1mOWJkYTIzNDlmYjM%3D#reviews
Cannabis Taxi,73730,Esslingen,White Widow,Weeco 1A flos 16/1,Hybrid,16%,<1%,"4,75 €/g",Auf Lager,https://greenmedical.health/de/cannabis/flower/weeco_1a_flos_16_1_-white_widow?deliveryTarget=cGhhcm1hY3k6fDo1NjI3NWFhNC0yNGY2LTQ2YmQtYmVhZi1mOWJkYTIzNDlmYjM%3D#reviews
Cannabis Taxi,73730,Esslingen,Queen SanG,Wellford Aquaponic 26/1 QSG,Hybrid Sativa Dominant,26%,1%,"5,45 €/g",Auf Lager,https://greenmedical.health/de/cannabis/flower/wellford_aquaponic_26_1_qsg-queen_sang?deliveryTarget=cGhhcm1hY3k6fDo1NjI3NWFhNC0yNGY2LTQ2YmQtYmVhZi1mOWJkYTIzNDlmYjM%3D#reviews
Cannabis Taxi,73730,Esslingen,Lemon Viper Mimosa,Barongo 26/1 VPR,Hybrid,26%,1%,"6,95 €/g",Auf Lager,https://greenmedical.health/de/cannabis/flower/barongo_26_1_vpr-lemon_viper_mimosa?deliveryTarget=cGhhcm1hY3k6fDo1NjI3NWFhNC0yNGY2LTQ2YmQtYmVhZi1mOWJkYTIzNDlmYjM%3D#reviews
Cannabis Taxi,73730,Esslingen,Appalachian Trail,Nimbus easy 26/1,Hybrid,26%,<1%,"5,95 €/g",Auf Lager,https://greenmedical.health/de/cannabis/flower/nimbus_easy_26_1-appalachian_trail?deliveryTarget=cGhhcm1hY3k6fDo1NjI3NWFhNC0yNGY2LTQ2YmQtYmVhZi1mOWJkYTIzNDlmYjM%3D#reviews
Cannabis Taxi,73730,Esslingen,Skull Cap,TRUU GT 27/1,Hybrid,27%,<1%,"5,45 €/g",Auf Lager,https://greenmedical.health/de/cannabis/flower/truu_gt_27_1-skull_cap?deliveryTarget=cGhhcm1hY3k6fDo1NjI3NWFhNC0yNGY2LTQ2YmQtYmVhZi1mOWJkYTIzNDlmYjM%3D#reviews
Cannabis Taxi,73730,Esslingen,Crazy Rntz,Cannamedical Indica forte MA,Indica,24%,<1%,"8,45 €/g",Auf Lager,https://greenmedical.health/de/cannabis/flower/cannamedical-indica-forte-ma-crazy-rntz?deliveryTarget=cGhhcm1hY3k6fDo1NjI3NWFhNC0yNGY2LTQ2YmQtYmVhZi1mOWJkYTIzNDlmYjM%3D#reviews
Cannabis Taxi,73730,Esslingen,Jet Fuel Gelato,enua 25/1 JFG CA,Hybrid,23.5%,<1%,"5,45 €/g",Auf Lager,https://greenmedical.health/de/cannabis/flower/enua_25_1_jfg_ca-jet_fuel_gelato?deliveryTarget=cGhhcm1hY3k6fDo1NjI3NWFhNC0yNGY2LTQ2YmQtYmVhZi1mOWJkYTIzNDlmYjM%3D#reviews
Cannabis Taxi,73730,Esslingen,Black Amber,Phcann Exotics 30/1,Hybrid Indica Dominant,30%,1%,"5,95 €/g",Auf Lager,https://greenmedical.health/de/cannabis/flower/phcann_exotics_30_1-black_amber?deliveryTarget=cGhhcm1hY3k6fDo1NjI3NWFhNC0yNGY2LTQ2YmQtYmVhZi1mOWJkYTIzNDlmYjM%3D#reviews
Cannabis Taxi,73730,Esslingen,Spritzer,Phcann Exotics 30/1,Hybrid,30%,1%,"5,95 €/g",Auf Lager,https://greenmedical.health/de/cannabis/flower/phcann_exotics_30_1-spritzer?deliveryTarget=cGhhcm1hY3k6fDo1NjI3NWFhNC0yNGY2LTQ2YmQtYmVhZi1mOWJkYTIzNDlmYjM%3D#reviews
Cannabis Taxi,73730,Esslingen,Grape Galena,Remexian 30/1 GJY GRG,Hybrid Indica Dominant,30%,<1%,"6,95 €/g",Auf Lager,https://greenmedical.health/de/cannabis/flower/remexian_30_1_gjy_grg-grape_galena?deliveryTarget=cGhhcm1hY3k6fDo1NjI3NWFhNC0yNGY2LTQ2YmQtYmVhZi1mOWJkYTIzNDlmYjM%3D#reviews
Cannabis Taxi,73730,Esslingen,Sour Punch,Weeco Tavira 23/1,Hybrid,23%,1%,"4,75 €/g",Auf Lager,https://greenmedical.health/de/cannabis/flower/weeco_tavira_23_1-sour_punch?deliveryTarget=cGhhcm1hY3k6fDo1NjI3NWFhNC0yNGY2LTQ2YmQtYmVhZi1mOWJkYTIzNDlmYjM%3D#reviews
Cannabis Taxi,73730,Esslingen,Motor Breath,Briah MOB 25,Hybrid Indica Dominant,25%,1%,"4,75 €/g",Auf Lager,https://greenmedical.health/de/cannabis/flower/briah_mob_25-motor_breath?deliveryTarget=cGhhcm1hY3k6fDo1NjI3NWFhNC0yNGY2LTQ2YmQtYmVhZi1mOWJkYTIzNDlmYjM%3D#reviews
Cannabis Taxi,73730,Esslingen,OG Kush,Cannamedical CM 28/1,Hybrid Sativa Dominant,28%,1%,"6,45 €/g",Auf Lager,https://greenmedical.health/de/cannabis/flower/cannamedical_cm_28_1-og_kush?deliveryTarget=cGhhcm1hY3k6fDo1NjI3NWFhNC0yNGY2LTQ2YmQtYmVhZi1mOWJkYTIzNDlmYjM%3D#reviews
Cannabis Taxi,73730,Esslingen,Pink Gas,HiDealz 30/1 MS PKG Smalls,Hybrid,30%,1%,"4,95 €/g",Auf Lager,https://greenmedical.health/de/cannabis/flower/hidealz_30_1_ms_pink_gas_smalls-pink_gas?deliveryTarget=cGhhcm1hY3k6fDo1NjI3NWFhNC0yNGY2LTQ2YmQtYmVhZi1mOWJkYTIzNDlmYjM%3D#reviews
Cannabis Taxi,73730,Esslingen,Skunk Widow,Weeco Vasco 21/1,Hybrid,21%,1%,"4,95 €/g",NEU,https://greenmedical.health/de/cannabis/flower/weeco_vasco_21_1-skunk_widow?deliveryTarget=cGhhcm1hY3k6fDo1NjI3NWFhNC0yNGY2LTQ2YmQtYmVhZi1mOWJkYTIzNDlmYjM%3D#reviews
Cannabis Taxi,73730,Esslingen,Rainbow Belt,Breezy Organics RB 22/1,Hybrid Indica Dominant,21%,1%,"6,95 €/g",Auf Lager,https://greenmedical.health/de/cannabis/flower/breezy_organics_rb_22_1-rainbow_belt?deliveryTarget=cGhhcm1hY3k6fDo1NjI3NWFhNC0yNGY2LTQ2YmQtYmVhZi1mOWJkYTIzNDlmYjM%3D#reviews
Cannabis Taxi,73730,Esslingen,The Chef,Cannabis flos 20/1 Ku.,Hybrid Indica Dominant,20%,1%,"6,95 €/g",Auf Lager,https://greenmedical.health/de/cannabis/flower/cannabis_flos_20_1_ku_-the_chef?deliveryTarget=cGhhcm1hY3k6fDo1NjI3NWFhNC0yNGY2LTQ2YmQtYmVhZi1mOWJkYTIzNDlmYjM%3D#reviews
Cannabis Taxi,73730,Esslingen,Lemon Z,Demecan Core Lume 26:1,Hybrid,26%,1%,"6,95 €/g",Auf Lager,https://greenmedical.health/de/cannabis/flower/demecan_core_lume_26_1-lemon_z?deliveryTarget=cGhhcm1hY3k6fDo1NjI3NWFhNC0yNGY2LTQ2YmQtYmVhZi1mOWJkYTIzNDlmYjM%3D#reviews
Cannabis Taxi,73730,Esslingen,Starhaze OG,Luana 20/1,Hybrid,20%,<1%,"4,95 €/g",Auf Lager,https://greenmedical.health/de/cannabis/flower/luana_20_1-starhaze_og?deliveryTarget=cGhhcm1hY3k6fDo1NjI3NWFhNC0yNGY2LTQ2YmQtYmVhZi1mOWJkYTIzNDlmYjM%3D#reviews
Cannabis Taxi,73730,Esslingen,Exodus,Nimbus Tyson 2.0 24/1,Hybrid,24.1%,<1%,"7,95 €/g",Auf Lager,https://greenmedical.health/de/cannabis/flower/nimbus_tyson_2_0_24_1-exodus?deliveryTarget=cGhhcm1hY3k6fDo1NjI3NWFhNC0yNGY2LTQ2YmQtYmVhZi1mOWJkYTIzNDlmYjM%3D#reviews
Cannabis Taxi,73730,Esslingen,Talea,Bedica Cannabis Flos 14/1 (Granuliert),Indica,14%,<1%,"9,95 €/g",Auf Lager,https://greenmedical.health/de/cannabis/flower/bedica_cannabis_flos_14_1_granuliert_-talea?deliveryTarget=cGhhcm1hY3k6fDo1NjI3NWFhNC0yNGY2LTQ2YmQtYmVhZi1mOWJkYTIzNDlmYjM%3D#reviews
Cannabis Taxi,73730,Esslingen,Glitter Bomb,MGF Pop Up No.18 25/1,Indica,25%,1%,"5,95 €/g",Auf Lager,https://greenmedical.health/de/cannabis/flower/mgf_pop_up_no_18_25_1-glitter_bomb?deliveryTarget=cGhhcm1hY3k6fDo1NjI3NWFhNC0yNGY2LTQ2YmQtYmVhZi1mOWJkYTIzNDlmYjM%3D#reviews
Cannabis Taxi,73730,Esslingen,OG Deluxe,Remexian 27/1 TWE OGD,Hybrid,27%,1%,"5,45 €/g",Auf Lager,https://greenmedical.health/de/cannabis/flower/remexian_27_1_twe_ogd-og_deluxe?deliveryTarget=cGhhcm1hY3k6fDo1NjI3NWFhNC0yNGY2LTQ2YmQtYmVhZi1mOWJkYTIzNDlmYjM%3D#reviews
Cannabis Taxi,73730,Esslingen,Blueberry Donuts,Tilray Craft THC25 BBD,Hybrid,25%,<1%,"7,25 €/g",Auf Lager,https://greenmedical.health/de/cannabis/flower/tilray_craft_thc25_bbd-blueberry_donuts?deliveryTarget=cGhhcm1hY3k6fDo1NjI3NWFhNC0yNGY2LTQ2YmQtYmVhZi1mOWJkYTIzNDlmYjM%3D#reviews
Cannabis Taxi,73730,Esslingen,Pavé Runtz,Vasco PR 21/1,Hybrid Indica Dominant,22%,<1%,"7,45 €/g",Auf Lager,https://greenmedical.health/de/cannabis/flower/vasco_pr_21_1-pav_runtz?deliveryTarget=cGhhcm1hY3k6fDo1NjI3NWFhNC0yNGY2LTQ2YmQtYmVhZi1mOWJkYTIzNDlmYjM%3D#reviews
Bavarian Cannabis,82178,Puchheim-Bahnhof,OJ Zainbow,IUVO 24/1 KC,Sativa,24%,1%,"7,99 €/g",Auf Lager,https://greenmedical.health/de/cannabis/flower/iuvo_24_1_kc-oj_zainbow?deliveryTarget=cGhhcm1hY3k6fDo0ZDAwMDE0YS0xZjVhLTExZWYtODczNy0wMjQyYWMxNDAwMDI%3D#reviews
Bavarian Cannabis,82178,Puchheim-Bahnhof,Sour Ape,Luana 24/1 APE,Hybrid,22%,1%,"5,49 €/g",Auf Lager,https://greenmedical.health/de/cannabis/flower/luana_24_1_ape-sour_ape?deliveryTarget=cGhhcm1hY3k6fDo0ZDAwMDE0YS0xZjVhLTExZWYtODczNy0wMjQyYWMxNDAwMDI%3D#reviews
Bavarian Cannabis,82178,Puchheim-Bahnhof,Killer Cupcake,IUVO 22/1 OC,Hybrid,22%,1%,"7,99 €/g",Auf Lager,https://greenmedical.health/de/cannabis/flower/iuvo_22_1_oc-killer_cupcake?deliveryTarget=cGhhcm1hY3k6fDo0ZDAwMDE0YS0xZjVhLTExZWYtODczNy0wMjQyYWMxNDAwMDI%3D#reviews
Bavarian Cannabis,82178,Puchheim-Bahnhof,Atlantic Glue GG4,Wellford Aquaponic 26/1 ATG,Hybrid Indica Dominant,26%,1%,"5,99 €/g",Auf Lager,https://greenmedical.health/de/cannabis/flower/wellford_aquaponic_26_1_atg-atlantic_glue_gg4?deliveryTarget=cGhhcm1hY3k6fDo0ZDAwMDE0YS0xZjVhLTExZWYtODczNy0wMjQyYWMxNDAwMDI%3D#reviews
Bavarian Cannabis,82178,Puchheim-Bahnhof,Tangerine Boost,Cannamedical Indica Forte BC,Hybrid Sativa Dominant,23.8%,1%,"6,79 €/g",Auf Lager,https://greenmedical.health/de/cannabis/flower/cannamedical_indica_forte_bc-tangerine_boost?deliveryTarget=cGhhcm1hY3k6fDo0ZDAwMDE0YS0xZjVhLTExZWYtODczNy0wMjQyYWMxNDAwMDI%3D#reviews
Bavarian Cannabis,82178,Puchheim-Bahnhof,Cosmic Cream,Pedanios 31/1 COS-CA,Hybrid Indica Dominant,31%,<1%,"8,99 €/g",Auf Lager,https://greenmedical.health/de/cannabis/flower/pedanios-31-1-cos-ca-cosmic-cream-34e1?deliveryTarget=cGhhcm1hY3k6fDo0ZDAwMDE0YS0xZjVhLTExZWYtODczNy0wMjQyYWMxNDAwMDI%3D#reviews
Bavarian Cannabis,82178,Puchheim-Bahnhof,Electric Honeydew (EHD),Pedanios 26/1 EHD-CA,Sativa,26%,<1%,"7,49 €/g",Auf Lager,https://greenmedical.health/de/cannabis/flower/pedanios-26-1-ehd-ca-electric-honeydew-ehd?deliveryTarget=cGhhcm1hY3k6fDo0ZDAwMDE0YS0xZjVhLTExZWYtODczNy0wMjQyYWMxNDAwMDI%3D#reviews
Bavarian Cannabis,82178,Puchheim-Bahnhof,Cookies OG,TRUU GT 30/1,Hybrid,30%,<1%,"5,99 €/g",Auf Lager,https://greenmedical.health/de/cannabis/flower/truu_gt_30_1-cookies_og?deliveryTarget=cGhhcm1hY3k6fDo0ZDAwMDE0YS0xZjVhLTExZWYtODczNy0wMjQyYWMxNDAwMDI%3D#reviews
Bavarian Cannabis,82178,Puchheim-Bahnhof,Space Rider,ZOIKS 31/1 SR,Hybrid Indica Dominant,31%,1%,"6,49 €/g",Auf Lager,https://greenmedical.health/de/cannabis/flower/zoiks_31_1_sr-space_rider?deliveryTarget=cGhhcm1hY3k6fDo0ZDAwMDE0YS0xZjVhLTExZWYtODczNy0wMjQyYWMxNDAwMDI%3D#reviews
Bavarian Cannabis,82178,Puchheim-Bahnhof,Sourdough,Pedanios 29/1 SRD-CA,Indica,29%,<1%,"6,99 €/g",Auf Lager,https://greenmedical.health/de/cannabis/flower/pedanios-29-1-srd-ca-sourdough-srd?deliveryTarget=cGhhcm1hY3k6fDo0ZDAwMDE0YS0xZjVhLTExZWYtODczNy0wMjQyYWMxNDAwMDI%3D#reviews
Bavarian Cannabis,82178,Puchheim-Bahnhof,Waffle Bites,AVAAY Signature 28/1 WB,Indica,28%,<1%,"8,69 €/g",Auf Lager,https://greenmedical.health/de/cannabis/flower/avaay-signature-28-1-wb-waffle-bites?deliveryTarget=cGhhcm1hY3k6fDo0ZDAwMDE0YS0xZjVhLTExZWYtODczNy0wMjQyYWMxNDAwMDI%3D#reviews
Bavarian Cannabis,82178,Puchheim-Bahnhof,Tangrini,ZOIKS 26/1 TG,Hybrid Sativa Dominant,26%,1%,"4,19 €/g",Auf Lager,https://greenmedical.health/de/cannabis/flower/zoiks_26_1_tg-tangrini?deliveryTarget=cGhhcm1hY3k6fDo0ZDAwMDE0YS0xZjVhLTExZWYtODczNy0wMjQyYWMxNDAwMDI%3D#reviews
Bavarian Cannabis,82178,Puchheim-Bahnhof,Tubitti Frubitti,TANNENBUSCH 31/1 TF,Hybrid Indica Dominant,31%,<1%,"9,49 €/g",Auf Lager,https://greenmedical.health/de/cannabis/flower/tannenbusch_31_1_tf-tubitti_frubitti?deliveryTarget=cGhhcm1hY3k6fDo0ZDAwMDE0YS0xZjVhLTExZWYtODczNy0wMjQyYWMxNDAwMDI%3D#reviews
Bavarian Cannabis,82178,Puchheim-Bahnhof,Farm Gas (FRG),Pedanios 27/1 FRG-CA,Hybrid,27%,<1%,"6,49 €/g",Auf Lager,https://greenmedical.health/de/cannabis/flower/pedanios-27-1-frg-ca-farm-gas-frg?deliveryTarget=cGhhcm1hY3k6fDo0ZDAwMDE0YS0xZjVhLTExZWYtODczNy0wMjQyYWMxNDAwMDI%3D#reviews
Bavarian Cannabis,82178,Puchheim-Bahnhof,Polar Pop,Bathera 35/1 PP,Hybrid Sativa Dominant,36.4%,1%,"7,99 €/g",Auf Lager,https://greenmedical.health/de/cannabis/flower/bathera_35_1_pp-polar_pop?deliveryTarget=cGhhcm1hY3k6fDo0ZDAwMDE0YS0xZjVhLTExZWYtODczNy0wMjQyYWMxNDAwMDI%3D#reviews
Bavarian Cannabis,82178,Puchheim-Bahnhof,Wedding Tree,Cannamedical Sativa Forte NM,Hybrid,24%,<1%,"8,99 €/g",Auf Lager,https://greenmedical.health/de/cannabis/flower/cannamedical_sativa_forte_nm-wedding_tree?deliveryTarget=cGhhcm1hY3k6fDo0ZDAwMDE0YS0xZjVhLTExZWYtODczNy0wMjQyYWMxNDAwMDI%3D#reviews
Bavarian Cannabis,82178,Puchheim-Bahnhof,Crumbled Lime,TRUU GT 23/1,Sativa,23%,1%,"5,79 €/g",Auf Lager,https://greenmedical.health/de/cannabis/flower/truu_gt_23_01-crumbled_lime?deliveryTarget=cGhhcm1hY3k6fDo0ZDAwMDE0YS0xZjVhLTExZWYtODczNy0wMjQyYWMxNDAwMDI%3D#reviews
Bavarian Cannabis,82178,Puchheim-Bahnhof,Space Cake,Peace Naturals 33/1 SC,Hybrid Sativa Dominant,33%,1%,"7,49 €/g",Auf Lager,https://greenmedical.health/de/cannabis/flower/peace-naturals-33-1-sc-space-cake-c4d2?deliveryTarget=cGhhcm1hY3k6fDo0ZDAwMDE0YS0xZjVhLTExZWYtODczNy0wMjQyYWMxNDAwMDI%3D#reviews
Bavarian Cannabis,82178,Puchheim-Bahnhof,Animal Mints x Bubba Kush,TRUU PS 30/1,Hybrid Indica Dominant,30%,1%,"5,99 €/g",Auf Lager,https://greenmedical.health/de/cannabis/flower/truu_ps_30_1-pucker_up?deliveryTarget=cGhhcm1hY3k6fDo0ZDAwMDE0YS0xZjVhLTExZWYtODczNy0wMjQyYWMxNDAwMDI%3D#reviews
Bavarian Cannabis,82178,Puchheim-Bahnhof,Polar Cookies,Cannamedical Sativa Ultra NM,Hybrid Sativa Dominant,29.7%,<1%,"8,49 €/g",Auf Lager,https://greenmedical.health/de/cannabis/flower/cannamedical-sativa-ultra-nm-polar-cookies-fa5c?deliveryTarget=cGhhcm1hY3k6fDo0ZDAwMDE0YS0xZjVhLTExZWYtODczNy0wMjQyYWMxNDAwMDI%3D#reviews
Bavarian Cannabis,82178,Puchheim-Bahnhof,Amnesia Haze Cake,AVAAY 32/1 AHC,Hybrid Sativa Dominant,32%,1%,"11,89 €/g",Auf Lager,https://greenmedical.health/de/cannabis/flower/avaay_32_1_ahc-amnesia_haze_cake?deliveryTarget=cGhhcm1hY3k6fDo0ZDAwMDE0YS0xZjVhLTExZWYtODczNy0wMjQyYWMxNDAwMDI%3D#reviews
Bavarian Cannabis,82178,Puchheim-Bahnhof,Siggis Pfefferminze,Siggis PMNZ 28:01,Hybrid,28%,1%,"9,99 €/g",Auf Lager,https://greenmedical.health/de/cannabis/flower/siggis_pmnz_28_01-siggis_pfefferminze?deliveryTarget=cGhhcm1hY3k6fDo0ZDAwMDE0YS0xZjVhLTExZWYtODczNy0wMjQyYWMxNDAwMDI%3D#reviews
Bavarian Cannabis,82178,Puchheim-Bahnhof,Ultra Limelight,30/1 Amici UL,Sativa,30%,1%,"7,49 €/g",Auf Lager,https://greenmedical.health/de/cannabis/flower/30_1_amici_ul-ultra_limelight?deliveryTarget=cGhhcm1hY3k6fDo0ZDAwMDE0YS0xZjVhLTExZWYtODczNy0wMjQyYWMxNDAwMDI%3D#reviews
Bavarian Cannabis,82178,Puchheim-Bahnhof,Gastro Pop,420 Compound 33/1 GAP,Hybrid Indica Dominant,33%,<1%,"8,49 €/g",Auf Lager,https://greenmedical.health/de/cannabis/flower/420_compound_33_1_gap-gastro_pop?deliveryTarget=cGhhcm1hY3k6fDo0ZDAwMDE0YS0xZjVhLTExZWYtODczNy0wMjQyYWMxNDAwMDI%3D#reviews
Bavarian Cannabis,82178,Puchheim-Bahnhof,Wedding Cake x Jet Fuel Gelato,Demecan Core Saxonia 28:1,Hybrid Indica Dominant,28%,<1%,"6,99 €/g",Auf Lager,https://greenmedical.health/de/cannabis/flower/demecan_core_saxonia_28_01-wedding_cake_x_jet_fuel_gelato?deliveryTarget=cGhhcm1hY3k6fDo0ZDAwMDE0YS0xZjVhLTExZWYtODczNy0wMjQyYWMxNDAwMDI%3D#reviews
Bavarian Cannabis,82178,Puchheim-Bahnhof,Georgia Pie,N!CE 26/1 GP,Hybrid,26%,1%,"4,99 €/g",Auf Lager,https://greenmedical.health/de/cannabis/flower/n_ce_26_1_gp-georgia_pie?deliveryTarget=cGhhcm1hY3k6fDo0ZDAwMDE0YS0xZjVhLTExZWYtODczNy0wMjQyYWMxNDAwMDI%3D#reviews
Bavarian Cannabis,82178,Puchheim-Bahnhof,Pink Diesel,Pedanios 31/1 PND-CA,Hybrid Indica Dominant,31%,<1%,"9,99 €/g",Auf Lager,https://greenmedical.health/de/cannabis/flower/pedanios_31_1_pnd_ca-pink_diesel?deliveryTarget=cGhhcm1hY3k6fDo0ZDAwMDE0YS0xZjVhLTExZWYtODczNy0wMjQyYWMxNDAwMDI%3D#reviews
Bavarian Cannabis,82178,Puchheim-Bahnhof,Peechy Keen,Demecan CRAFT Luna 31:1,Hybrid Indica Dominant,30.1%,<1%,"7,99 €/g",Auf Lager,https://greenmedical.health/de/cannabis/flower/demecan_craft_luna_31_1-peechy_keen?deliveryTarget=cGhhcm1hY3k6fDo0ZDAwMDE0YS0xZjVhLTExZWYtODczNy0wMjQyYWMxNDAwMDI%3D#reviews
Bavarian Cannabis,82178,Puchheim-Bahnhof,Lemon Cookies,Cannamedical Hybrid Ultra BC,Hybrid,28%,<1%,"6,49 €/g",Auf Lager,https://greenmedical.health/de/cannabis/flower/cannamedical_hybrid_ultra_bc-lemon_cookies?deliveryTarget=cGhhcm1hY3k6fDo0ZDAwMDE0YS0xZjVhLTExZWYtODczNy0wMjQyYWMxNDAwMDI%3D#reviews
Bavarian Cannabis,82178,Puchheim-Bahnhof,Golden Goat,Demecan Core Golden Horizon 30:01,Hybrid Sativa Dominant,30%,1%,"6,99 €/g",Auf Lager,https://greenmedical.health/de/cannabis/flower/demecan_core_golden_horizon_30_01-golden_goat?deliveryTarget=cGhhcm1hY3k6fDo0ZDAwMDE0YS0xZjVhLTExZWYtODczNy0wMjQyYWMxNDAwMDI%3D#reviews
Bavarian Cannabis,82178,Puchheim-Bahnhof,Hawaiian Rain x Permanent Marker,Demecan CRAFT Cali 29:1,Hybrid Indica Dominant,29%,1%,"8,99 €/g",Auf Lager,https://greenmedical.health/de/cannabis/flower/demecan_craft_cali_29_01-hawaiian_rain_x_permanent_marker?deliveryTarget=cGhhcm1hY3k6fDo0ZDAwMDE0YS0xZjVhLTExZWYtODczNy0wMjQyYWMxNDAwMDI%3D#reviews
Bavarian Cannabis,82178,Puchheim-Bahnhof,Huckleberry,Medical Saints 24/1 HUB,Sativa,24%,1%,"3,35 €/g",Auf Lager,https://greenmedical.health/de/cannabis/flower/medical_saints_24_1_hub-huckleberry?deliveryTarget=cGhhcm1hY3k6fDo0ZDAwMDE0YS0xZjVhLTExZWYtODczNy0wMjQyYWMxNDAwMDI%3D#reviews
Bavarian Cannabis,82178,Puchheim-Bahnhof,Midnight Lotus,Cannamedical CRAFT 28/1 Lotus,Hybrid,25.2%,1%,"8,79 €/g",Auf Lager,https://greenmedical.health/de/cannabis/flower/cannamedical_craft_28_1_lotus-pucker_up?deliveryTarget=cGhhcm1hY3k6fDo0ZDAwMDE0YS0xZjVhLTExZWYtODczNy0wMjQyYWMxNDAwMDI%3D#reviews
Bavarian Cannabis,82178,Puchheim-Bahnhof,Deep Space x Black Velvet,Casper’s No. 3 Space Velvet 26/1,Hybrid Indica Dominant,26%,1%,"8,99 €/g",Auf Lager,https://greenmedical.health/de/cannabis/flower/casper_s_no_3_space_velvet_26_1-deep_space_x_black_velvet?deliveryTarget=cGhhcm1hY3k6fDo0ZDAwMDE0YS0xZjVhLTExZWYtODczNy0wMjQyYWMxNDAwMDI%3D#reviews
Bavarian Cannabis,82178,Puchheim-Bahnhof,Sugar Cake,Demecan CRAFT Walkie Talkie 27:1,Hybrid Indica Dominant,27%,<1%,"7,49 €/g",Auf Lager,https://greenmedical.health/de/cannabis/flower/demecan_craft_walkie_talkie_27_01-sugar_cake?deliveryTarget=cGhhcm1hY3k6fDo0ZDAwMDE0YS0xZjVhLTExZWYtODczNy0wMjQyYWMxNDAwMDI%3D#reviews
Bavarian Cannabis,82178,Puchheim-Bahnhof,Medellin,Origine Nature MED 32/1,Hybrid,32%,1%,"6,99 €/g",Auf Lager,https://greenmedical.health/de/cannabis/flower/origine_nature_med_32_1-medellin?deliveryTarget=cGhhcm1hY3k6fDo0ZDAwMDE0YS0xZjVhLTExZWYtODczNy0wMjQyYWMxNDAwMDI%3D#reviews
Bavarian Cannabis,82178,Puchheim-Bahnhof,Lava Cake,Demecan MC Strong Drop,Hybrid Indica Dominant,27%,<1%,"5,99 €/g",Auf Lager,https://greenmedical.health/de/cannabis/flower/demecan_mc_strong_drop-lava_cake?deliveryTarget=cGhhcm1hY3k6fDo0ZDAwMDE0YS0xZjVhLTExZWYtODczNy0wMjQyYWMxNDAwMDI%3D#reviews
Bavarian Cannabis,82178,Puchheim-Bahnhof,Purps Crystal Breath,enua 33/1 PCB CA,Hybrid Indica Dominant,33%,1%,"5,99 €/g",Auf Lager,https://greenmedical.health/de/cannabis/flower/enua_33_1_pcb_ca-purps_crystal_breath?deliveryTarget=cGhhcm1hY3k6fDo0ZDAwMDE0YS0xZjVhLTExZWYtODczNy0wMjQyYWMxNDAwMDI%3D#reviews
Bavarian Cannabis,82178,Puchheim-Bahnhof,Strawberry Cake,N!CE 24/1 SWC,Hybrid Indica Dominant,24%,1%,"3,99 €/g",Auf Lager,https://greenmedical.health/de/cannabis/flower/n_ce_24_1_swc-strawberry_cake?deliveryTarget=cGhhcm1hY3k6fDo0ZDAwMDE0YS0xZjVhLTExZWYtODczNy0wMjQyYWMxNDAwMDI%3D#reviews
Bavarian Cannabis,82178,Puchheim-Bahnhof,Blueberry Redbull,Casper’s No. 5 Blueberry Redbull 23/1,Hybrid Indica Dominant,23%,1%,"6,79 €/g",Auf Lager,https://greenmedical.health/de/cannabis/flower/casper_s_no_5_blueberry_redbull_23_1-blueberry_redbull?deliveryTarget=cGhhcm1hY3k6fDo0ZDAwMDE0YS0xZjVhLTExZWYtODczNy0wMjQyYWMxNDAwMDI%3D#reviews
Bavarian Cannabis,82178,Puchheim-Bahnhof,Nothern Lime Pie,enua 33/1 NLP CA,Hybrid,33%,1%,"5,99 €/g",Auf Lager,https://greenmedical.health/de/cannabis/flower/enua_33_1_nlp_ca-nothern_lime_pie?deliveryTarget=cGhhcm1hY3k6fDo0ZDAwMDE0YS0xZjVhLTExZWYtODczNy0wMjQyYWMxNDAwMDI%3D#reviews
Bavarian Cannabis,82178,Puchheim-Bahnhof,Alien Mints,Huala 30/1 CA ALM,Hybrid Indica Dominant,30%,1%,"4,19 €/g",NEU,https://greenmedical.health/de/cannabis/flower/huala_30_1_ca_alm-alien_mints?deliveryTarget=cGhhcm1hY3k6fDo0ZDAwMDE0YS0xZjVhLTExZWYtODczNy0wMjQyYWMxNDAwMDI%3D#reviews
Bavarian Cannabis,82178,Puchheim-Bahnhof,Azzai,ZOIKS 22/1 AZZ,Hybrid,22%,1%,"4,79 €/g",Auf Lager,https://greenmedical.health/de/cannabis/flower/zoiks_22_1_azz-azzai?deliveryTarget=cGhhcm1hY3k6fDo0ZDAwMDE0YS0xZjVhLTExZWYtODczNy0wMjQyYWMxNDAwMDI%3D#reviews
Bavarian Cannabis,82178,Puchheim-Bahnhof,Permanent Marker,Bathera 28/1,Hybrid Sativa Dominant,28%,1%,"6,99 €/g",Auf Lager,https://greenmedical.health/de/cannabis/flower/bathera_28_1-permanent_marker?deliveryTarget=cGhhcm1hY3k6fDo0ZDAwMDE0YS0xZjVhLTExZWYtODczNy0wMjQyYWMxNDAwMDI%3D#reviews
Bavarian Cannabis,82178,Puchheim-Bahnhof,Girl Scout Cookies,Luana 20/1 GSC,Hybrid,20%,1%,"3,99 €/g",Auf Lager,https://greenmedical.health/de/cannabis/flower/luana_20_1_gsc-girl_scout_cookies?deliveryTarget=cGhhcm1hY3k6fDo0ZDAwMDE0YS0xZjVhLTExZWYtODczNy0wMjQyYWMxNDAwMDI%3D#reviews
Bavarian Cannabis,82178,Puchheim-Bahnhof,Jokerz #31 x Gastro Pop,Demecan CRAFT Tigerz Eye 31:1,Hybrid,31%,1%,"7,99 €/g",Auf Lager,https://greenmedical.health/de/cannabis/flower/demecan_craft_tigerz_eye_31_1-jokerz_31_x_gastro_pop?deliveryTarget=cGhhcm1hY3k6fDo0ZDAwMDE0YS0xZjVhLTExZWYtODczNy0wMjQyYWMxNDAwMDI%3D#reviews
Bavarian Cannabis,82178,Puchheim-Bahnhof,Top Mints Cake,DrWatson 26 TMC AUS,Hybrid,26%,1%,"4,99 €/g",Auf Lager,https://greenmedical.health/de/cannabis/flower/drwatson_26_tmc_aus-top_mints_cake?deliveryTarget=cGhhcm1hY3k6fDo0ZDAwMDE0YS0xZjVhLTExZWYtODczNy0wMjQyYWMxNDAwMDI%3D#reviews
Bavarian Cannabis,82178,Puchheim-Bahnhof,Lemon Kush,N!CE 30/1 LK,Hybrid Sativa Dominant,30%,1%,"5,99 €/g",Auf Lager,https://greenmedical.health/de/cannabis/flower/n_ce_30_1_lk-lemon_kush?deliveryTarget=cGhhcm1hY3k6fDo0ZDAwMDE0YS0xZjVhLTExZWYtODczNy0wMjQyYWMxNDAwMDI%3D#reviews
Bavarian Cannabis,82178,Puchheim-Bahnhof,Sourflare,ZOIKS 22/1 SF,Hybrid Sativa Dominant,22%,1%,"3,75 €/g",Auf Lager,https://greenmedical.health/de/cannabis/flower/zoiks_22_1_sf-sourflare?deliveryTarget=cGhhcm1hY3k6fDo0ZDAwMDE0YS0xZjVhLTExZWYtODczNy0wMjQyYWMxNDAwMDI%3D#reviews
Bavarian Cannabis,82178,Puchheim-Bahnhof,Sky Berry Kush,Cannamedical Indica Forte DK,Hybrid Indica Dominant,24%,1%,"5,99 €/g",Auf Lager,https://greenmedical.health/de/cannabis/flower/cannamedical_indica_forte_dk-sky_berry_kush?deliveryTarget=cGhhcm1hY3k6fDo0ZDAwMDE0YS0xZjVhLTExZWYtODczNy0wMjQyYWMxNDAwMDI%3D#reviews
Bavarian Cannabis,82178,Puchheim-Bahnhof,Facetz,Demecan CRAFT Rocket 28:1 Pave x Gastro Pop,Hybrid,28%,<1%,"5,99 €/g",Auf Lager,https://greenmedical.health/de/cannabis/flower/demecan_craft_rocket_28_1_pave_x_gastro_pop-facetz?deliveryTarget=cGhhcm1hY3k6fDo0ZDAwMDE0YS0xZjVhLTExZWYtODczNy0wMjQyYWMxNDAwMDI%3D#reviews
Bavarian Cannabis,82178,Puchheim-Bahnhof,Ozark,N!CE 33/1 OZK,Hybrid Sativa Dominant,33%,1%,"5,99 €/g",Auf Lager,https://greenmedical.health/de/cannabis/flower/n_ce_33_1_ozk-ozark?deliveryTarget=cGhhcm1hY3k6fDo0ZDAwMDE0YS0xZjVhLTExZWYtODczNy0wMjQyYWMxNDAwMDI%3D#reviews
Bavarian Cannabis,82178,Puchheim-Bahnhof,Black Cherry Punch,enua 27/1 PS3 CA BCP,Hybrid Indica Dominant,27%,1%,"5,49 €/g",Auf Lager,https://greenmedical.health/de/cannabis/flower/enua_27_1_ps3_ca_bcp-black_cherry_punch?deliveryTarget=cGhhcm1hY3k6fDo0ZDAwMDE0YS0xZjVhLTExZWYtODczNy0wMjQyYWMxNDAwMDI%3D#reviews
Bavarian Cannabis,82178,Puchheim-Bahnhof,Lemoncello,Weeco LMC 33/1 DK,Hybrid,33%,1%,"5,99 €/g",NEU,https://greenmedical.health/de/cannabis/flower/weeco_lmc_33_1_dk-lemoncello?deliveryTarget=cGhhcm1hY3k6fDo0ZDAwMDE0YS0xZjVhLTExZWYtODczNy0wMjQyYWMxNDAwMDI%3D#reviews
Bavarian Cannabis,82178,Puchheim-Bahnhof,Blueberry Yum Yum,AVAAY Signature 23/1 BYY,Hybrid Indica Dominant,23%,1%,"8,39 €/g",Auf Lager,https://greenmedical.health/de/cannabis/flower/avaay_signature_23_1_byy-blueberry_yum_yum?deliveryTarget=cGhhcm1hY3k6fDo0ZDAwMDE0YS0xZjVhLTExZWYtODczNy0wMjQyYWMxNDAwMDI%3D#reviews
Bavarian Cannabis,82178,Puchheim-Bahnhof,First Class Funk,Demecan CRAFT FCF 28:1,Hybrid Indica Dominant,28%,<1%,"9,49 €/g",Auf Lager,https://greenmedical.health/de/cannabis/flower/demecan_craft_fcf_28_01-first_class_funk?deliveryTarget=cGhhcm1hY3k6fDo0ZDAwMDE0YS0xZjVhLTExZWYtODczNy0wMjQyYWMxNDAwMDI%3D#reviews
Bavarian Cannabis,82178,Puchheim-Bahnhof,Berlin Berries,420 Compound 27/1 CA BER,Hybrid,27%,<1%,"6,39 €/g",Auf Lager,https://greenmedical.health/de/cannabis/flower/420_compound_27_1_ca_ber-berlin_berries?deliveryTarget=cGhhcm1hY3k6fDo0ZDAwMDE0YS0xZjVhLTExZWYtODczNy0wMjQyYWMxNDAwMDI%3D#reviews
Bavarian Cannabis,82178,Puchheim-Bahnhof,Afghan Bubba Kush,Cannamedical Hybrid Ultimate SF,Hybrid,33%,1%,"7,99 €/g",Auf Lager,https://greenmedical.health/de/cannabis/flower/cannamedical_hybrid_ultimate_sf-afghan_bubba_kush?deliveryTarget=cGhhcm1hY3k6fDo0ZDAwMDE0YS0xZjVhLTExZWYtODczNy0wMjQyYWMxNDAwMDI%3D#reviews
Bavarian Cannabis,82178,Puchheim-Bahnhof,Bubba Kush,Demecan Typ 1,Hybrid Indica Dominant,21%,<1%,"6,69 €/g",Auf Lager,https://greenmedical.health/de/cannabis/flower/typ-1-demecan-bubba-kush?deliveryTarget=cGhhcm1hY3k6fDo0ZDAwMDE0YS0xZjVhLTExZWYtODczNy0wMjQyYWMxNDAwMDI%3D#reviews
Bavarian Cannabis,82178,Puchheim-Bahnhof,Siggis Waldbeerblüte,Siggis WBLT 22:01,Hybrid Sativa Dominant,22%,1%,"9,89 €/g",Auf Lager,https://greenmedical.health/de/cannabis/flower/siggis_wblt_22_01-siggis_waldbeerbluete?deliveryTarget=cGhhcm1hY3k6fDo0ZDAwMDE0YS0xZjVhLTExZWYtODczNy0wMjQyYWMxNDAwMDI%3D#reviews
Bavarian Cannabis,82178,Puchheim-Bahnhof,Purple Punch x Jungle Cake,Demecan CRAFT D-Jungle 28:1,Hybrid Indica Dominant,28%,1%,"7,99 €/g",Auf Lager,https://greenmedical.health/de/cannabis/flower/demecan_craft_d_jungle_28_1-purple_punch_x_jungle_cake?deliveryTarget=cGhhcm1hY3k6fDo0ZDAwMDE0YS0xZjVhLTExZWYtODczNy0wMjQyYWMxNDAwMDI%3D#reviews
Bavarian Cannabis,82178,Puchheim-Bahnhof,Gelato OG Kush,Demecan CRAFT Electron 31:1,Hybrid,31%,1%,"7,99 €/g",Auf Lager,https://greenmedical.health/de/cannabis/flower/demecan_craft_electron_31_1-gelato_og_kush?deliveryTarget=cGhhcm1hY3k6fDo0ZDAwMDE0YS0xZjVhLTExZWYtODczNy0wMjQyYWMxNDAwMDI%3D#reviews
Bavarian Cannabis,82178,Puchheim-Bahnhof,Waffle Truffle,Huala 30/1 UK WTR,Hybrid Indica Dominant,30%,1%,"3,98 €/g",NEU,https://greenmedical.health/de/cannabis/flower/huala_30_1_uk_wtr-waffle_truffle?deliveryTarget=cGhhcm1hY3k6fDo0ZDAwMDE0YS0xZjVhLTExZWYtODczNy0wMjQyYWMxNDAwMDI%3D#reviews
Bavarian Cannabis,82178,Puchheim-Bahnhof,Guava Barz,N!CE 30/1 GBA,Hybrid Indica Dominant,30%,1%,"4,99 €/g",Auf Lager,https://greenmedical.health/de/cannabis/flower/n_ce_30_1_gba-guava_barz?deliveryTarget=cGhhcm1hY3k6fDo0ZDAwMDE0YS0xZjVhLTExZWYtODczNy0wMjQyYWMxNDAwMDI%3D#reviews
Bavarian Cannabis,82178,Puchheim-Bahnhof,Pineapple God,Huala 27/1 CA POG,Hybrid Sativa Dominant,27%,1%,"4,49 €/g",Auf Lager,https://greenmedical.health/de/cannabis/flower/huala_27_1_ca_pog-pineapple_god?deliveryTarget=cGhhcm1hY3k6fDo0ZDAwMDE0YS0xZjVhLTExZWYtODczNy0wMjQyYWMxNDAwMDI%3D#reviews
Bavarian Cannabis,82178,Puchheim-Bahnhof,GMO Cookies,Peace Naturals 29/1 GC,Indica,29%,<1%,"6,79 €/g",Auf Lager,https://greenmedical.health/de/cannabis/flower/peace_naturals_29_1_gc-gmo_cookies?deliveryTarget=cGhhcm1hY3k6fDo0ZDAwMDE0YS0xZjVhLTExZWYtODczNy0wMjQyYWMxNDAwMDI%3D#reviews
Bavarian Cannabis,82178,Puchheim-Bahnhof,Gorilla Glue,420 Natural 20/1 CA GG4,Hybrid,20%,<1%,"5,99 €/g",Auf Lager,https://greenmedical.health/de/cannabis/flower/420-natural-20-1-ca-gg4-gorilla-glue?deliveryTarget=cGhhcm1hY3k6fDo0ZDAwMDE0YS0xZjVhLTExZWYtODczNy0wMjQyYWMxNDAwMDI%3D#reviews
Bavarian Cannabis,82178,Puchheim-Bahnhof,El Jefe,Cannamedical Indica forte El Jefe,Indica,24%,<1%,"9,99 €/g",Auf Lager,https://greenmedical.health/de/cannabis/flower/cannamedical-indica-forte-el-jefe-el-jefe?deliveryTarget=cGhhcm1hY3k6fDo0ZDAwMDE0YS0xZjVhLTExZWYtODczNy0wMjQyYWMxNDAwMDI%3D#reviews
Bavarian Cannabis,82178,Puchheim-Bahnhof,Jack Flash5,DrWatson 26 Jack Flash5 AUS,Hybrid Sativa Dominant,26%,1%,"2,99 €/g",Auf Lager,https://greenmedical.health/de/cannabis/flower/drwatson_26_jack_flash5_aus-jack_flash5?deliveryTarget=cGhhcm1hY3k6fDo0ZDAwMDE0YS0xZjVhLTExZWYtODczNy0wMjQyYWMxNDAwMDI%3D#reviews
Bavarian Cannabis,82178,Puchheim-Bahnhof,Lotus Punch,N!CE 33/1 LP,Hybrid Sativa Dominant,33%,1%,"6,29 €/g",NEU,https://greenmedical.health/de/cannabis/flower/n_ce_33_1_lp-lotus_punch?deliveryTarget=cGhhcm1hY3k6fDo0ZDAwMDE0YS0xZjVhLTExZWYtODczNy0wMjQyYWMxNDAwMDI%3D#reviews
Bavarian Cannabis,82178,Puchheim-Bahnhof,Magic Gum Drops,420 Evolution 27/1 CA MGD,Hybrid Indica Dominant,27%,1%,"6,99 €/g",Auf Lager,https://greenmedical.health/de/cannabis/flower/420_evolution_27_1_ca_mgd-magic_gum_drops?deliveryTarget=cGhhcm1hY3k6fDo0ZDAwMDE0YS0xZjVhLTExZWYtODczNy0wMjQyYWMxNDAwMDI%3D#reviews
Bavarian Cannabis,82178,Puchheim-Bahnhof,Facetz,Bathera 30/1 FA,Indica,30%,1%,"6,79 €/g",NEU,https://greenmedical.health/de/cannabis/flower/bathera_30_1_fa-facetz?deliveryTarget=cGhhcm1hY3k6fDo0ZDAwMDE0YS0xZjVhLTExZWYtODczNy0wMjQyYWMxNDAwMDI%3D#reviews
Bavarian Cannabis,82178,Puchheim-Bahnhof,Amsterdam Amnesia,Cannamedical Sativa Forte NM,Sativa,24%,<1%,"8,99 €/g",Auf Lager,https://greenmedical.health/de/cannabis/flower/cannamedical_sativa_forte_nm-amsterdam_amnesia?deliveryTarget=cGhhcm1hY3k6fDo0ZDAwMDE0YS0xZjVhLTExZWYtODczNy0wMjQyYWMxNDAwMDI%3D#reviews
Bavarian Cannabis,82178,Puchheim-Bahnhof,Pavé X Gastro Pop,Demecan CRAFT Rocket 31:1,Hybrid,34%,<1%,"8,99 €/g",Auf Lager,https://greenmedical.health/de/cannabis/flower/demecan_craft_rocket_31_01-pav_x_gastro_pop?deliveryTarget=cGhhcm1hY3k6fDo0ZDAwMDE0YS0xZjVhLTExZWYtODczNy0wMjQyYWMxNDAwMDI%3D#reviews
Bavarian Cannabis,82178,Puchheim-Bahnhof,Apples & Bananas,IUVO 30/1 SQ,Hybrid,30%,1%,"8,99 €/g",Auf Lager,https://greenmedical.health/de/cannabis/flower/iuvo_sq_29_1-apples_bananas?deliveryTarget=cGhhcm1hY3k6fDo0ZDAwMDE0YS0xZjVhLTExZWYtODczNy0wMjQyYWMxNDAwMDI%3D#reviews
Bavarian Cannabis,82178,Puchheim-Bahnhof,Wedding Cake,31/1 Amici WC,Hybrid,31%,1%,"5,99 €/g",Auf Lager,https://greenmedical.health/de/cannabis/flower/31_1_amici_wc-wedding_cake?deliveryTarget=cGhhcm1hY3k6fDo0ZDAwMDE0YS0xZjVhLTExZWYtODczNy0wMjQyYWMxNDAwMDI%3D#reviews
Bavarian Cannabis,82178,Puchheim-Bahnhof,Miracle Alien Mintz,enua 30/1 AT2 CA MAM,Hybrid,30%,1%,"4,99 €/g",Auf Lager,https://greenmedical.health/de/cannabis/flower/enua_30_1_at2_ca_mam-miracle_alien_mintz?deliveryTarget=cGhhcm1hY3k6fDo0ZDAwMDE0YS0xZjVhLTExZWYtODczNy0wMjQyYWMxNDAwMDI%3D#reviews
Bavarian Cannabis,82178,Puchheim-Bahnhof,Mac 1,N!CE 24/1 Mac 1,Hybrid Indica Dominant,24%,1%,"4,19 €/g",Auf Lager,https://greenmedical.health/de/cannabis/flower/n_ce_24_1_mac_1-mac_1?deliveryTarget=cGhhcm1hY3k6fDo0ZDAwMDE0YS0xZjVhLTExZWYtODczNy0wMjQyYWMxNDAwMDI%3D#reviews
Bavarian Cannabis,82178,Puchheim-Bahnhof,La Sage,Nimbus easy 30/1,Hybrid Sativa Dominant,30%,<1%,"6,99 €/g",Auf Lager,https://greenmedical.health/de/cannabis/flower/nimbus_easy_30_1-la_sage?deliveryTarget=cGhhcm1hY3k6fDo0ZDAwMDE0YS0xZjVhLTExZWYtODczNy0wMjQyYWMxNDAwMDI%3D#reviews
Bavarian Cannabis,82178,Puchheim-Bahnhof,Super Lemon Haze,30/1 Amici SLH,Hybrid Sativa Dominant,30%,1%,"6,49 €/g",NEU,https://greenmedical.health/de/cannabis/flower/30_1_amici_slh-super_lemon_haze?deliveryTarget=cGhhcm1hY3k6fDo0ZDAwMDE0YS0xZjVhLTExZWYtODczNy0wMjQyYWMxNDAwMDI%3D#reviews
Bavarian Cannabis,82178,Puchheim-Bahnhof,Frosted Fruit Cake,420 Evolution 30/1 CA FFC,Hybrid Indica Dominant,30%,1%,"6,49 €/g",Auf Lager,https://greenmedical.health/de/cannabis/flower/420_evolution_30_1_ca_ffc-frosted_fruit_cake?deliveryTarget=cGhhcm1hY3k6fDo0ZDAwMDE0YS0xZjVhLTExZWYtODczNy0wMjQyYWMxNDAwMDI%3D#reviews
Bavarian Cannabis,82178,Puchheim-Bahnhof,Pineapple God,Huala 30/1 CA POG,Hybrid Sativa Dominant,30%,1%,"4,38 €/g",Auf Lager,https://greenmedical.health/de/cannabis/flower/huala_30_1_ca_pog-midnight?deliveryTarget=cGhhcm1hY3k6fDo0ZDAwMDE0YS0xZjVhLTExZWYtODczNy0wMjQyYWMxNDAwMDI%3D#reviews
Bavarian Cannabis,82178,Puchheim-Bahnhof,Power,Demecan Core Veloz 27:1,Hybrid,27%,1%,"6,99 €/g",Auf Lager,https://greenmedical.health/de/cannabis/flower/demecan_core_veloz_27_01-power?deliveryTarget=cGhhcm1hY3k6fDo0ZDAwMDE0YS0xZjVhLTExZWYtODczNy0wMjQyYWMxNDAwMDI%3D#reviews
Bavarian Cannabis,82178,Puchheim-Bahnhof,Snow Lotus,LIT 31/1 SNW,Hybrid Sativa Dominant,31%,1%,"5,79 €/g",Auf Lager,https://greenmedical.health/de/cannabis/flower/lit_31_1_snw-snow_lotus?deliveryTarget=cGhhcm1hY3k6fDo0ZDAwMDE0YS0xZjVhLTExZWYtODczNy0wMjQyYWMxNDAwMDI%3D#reviews
Bavarian Cannabis,82178,Puchheim-Bahnhof,OG Kush,Peace Naturals 31/1 OK,Hybrid Indica Dominant,31%,1%,"7,49 €/g",Auf Lager,https://greenmedical.health/de/cannabis/flower/peace_naturals_31_1_ok-og_kush?deliveryTarget=cGhhcm1hY3k6fDo0ZDAwMDE0YS0xZjVhLTExZWYtODczNy0wMjQyYWMxNDAwMDI%3D#reviews
Bavarian Cannabis,82178,Puchheim-Bahnhof,Blue Z,Bathera 23/1 BZ,Hybrid Indica Dominant,23%,1%,"6,99 €/g",NEU,https://greenmedical.health/de/cannabis/flower/bathera_23_1_bz-blue_z?deliveryTarget=cGhhcm1hY3k6fDo0ZDAwMDE0YS0xZjVhLTExZWYtODczNy0wMjQyYWMxNDAwMDI%3D#reviews
Bavarian Cannabis,82178,Puchheim-Bahnhof,Sugar Dream,Medical Saints 30/1 SRD,Hybrid,30%,1%,"5,89 €/g",Auf Lager,https://greenmedical.health/de/cannabis/flower/medical_saints_30_1_srd-sugar_dream?deliveryTarget=cGhhcm1hY3k6fDo0ZDAwMDE0YS0xZjVhLTExZWYtODczNy0wMjQyYWMxNDAwMDI%3D#reviews
Bavarian Cannabis,82178,Puchheim-Bahnhof,Neon Princess,THC AKUT OHS 20 NP,Hybrid,20%,1%,"3,99 €/g",NEU,https://greenmedical.health/de/cannabis/flower/thc_akut_ohs_20_np-neon_princess?deliveryTarget=cGhhcm1hY3k6fDo0ZDAwMDE0YS0xZjVhLTExZWYtODczNy0wMjQyYWMxNDAwMDI%3D#reviews
Bavarian Cannabis,82178,Puchheim-Bahnhof,Garlic Truffle,N!CE 31/1 GT,Hybrid Indica Dominant,31%,1%,"5,99 €/g",Auf Lager,https://greenmedical.health/de/cannabis/flower/n_ce_31_1_gt-garlic_truffle?deliveryTarget=cGhhcm1hY3k6fDo0ZDAwMDE0YS0xZjVhLTExZWYtODczNy0wMjQyYWMxNDAwMDI%3D#reviews
Bavarian Cannabis,82178,Puchheim-Bahnhof,Peach Chementine,420 Evolution 30/1 CA PCH,Hybrid,30%,<1%,"5,99 €/g",Auf Lager,https://greenmedical.health/de/cannabis/flower/420-evolution-30-1-ca-pch-peach-chementine?deliveryTarget=cGhhcm1hY3k6fDo0ZDAwMDE0YS0xZjVhLTExZWYtODczNy0wMjQyYWMxNDAwMDI%3D#reviews
Bavarian Cannabis,82178,Puchheim-Bahnhof,Cherry Mints,enua 27/1 CYM CA,Hybrid,27%,1%,"5,89 €/g",Auf Lager,https://greenmedical.health/de/cannabis/flower/enua_27_1_cym_ca-cherry_mints?deliveryTarget=cGhhcm1hY3k6fDo0ZDAwMDE0YS0xZjVhLTExZWYtODczNy0wMjQyYWMxNDAwMDI%3D#reviews
Bavarian Cannabis,82178,Puchheim-Bahnhof,Sunset Sherbet,enua 33/1 SF4 CA SSS,Hybrid,33%,1%,"6,39 €/g",NEU,https://greenmedical.health/de/cannabis/flower/enua_33_1_sf4_ca_sss-sunset_sherbet?deliveryTarget=cGhhcm1hY3k6fDo0ZDAwMDE0YS0xZjVhLTExZWYtODczNy0wMjQyYWMxNDAwMDI%3D#reviews
Bavarian Cannabis,82178,Puchheim-Bahnhof,Cool Grapes,Eufloria 30/1 CLG,Hybrid,30%,1%,"5,99 €/g",Auf Lager,https://greenmedical.health/de/cannabis/flower/eufloria_30_1_clg-cool_grapes?deliveryTarget=cGhhcm1hY3k6fDo0ZDAwMDE0YS0xZjVhLTExZWYtODczNy0wMjQyYWMxNDAwMDI%3D#reviews
Bavarian Cannabis,82178,Puchheim-Bahnhof,Waffle Truffle,Huala 27/1 UK WTR,Hybrid Indica Dominant,27%,1%,"3,89 €/g",Auf Lager,https://greenmedical.health/de/cannabis/flower/huala_27_1_uk_wtr-waffle_truffle?deliveryTarget=cGhhcm1hY3k6fDo0ZDAwMDE0YS0xZjVhLTExZWYtODczNy0wMjQyYWMxNDAwMDI%3D#reviews
Bavarian Cannabis,82178,Puchheim-Bahnhof,Bashengo,Luana Electric 24/1,Indica,22%,1%,"5,49 €/g",Auf Lager,https://greenmedical.health/de/cannabis/flower/luana_electric_24_1-bashengo?deliveryTarget=cGhhcm1hY3k6fDo0ZDAwMDE0YS0xZjVhLTExZWYtODczNy0wMjQyYWMxNDAwMDI%3D#reviews
Bavarian Cannabis,82178,Puchheim-Bahnhof,Liberty Haze,Remexian 27/1 GJY LIB,Hybrid Sativa Dominant,27%,1%,"5,99 €/g",NEU,https://greenmedical.health/de/cannabis/flower/remexian_27_1_gjy_lib-liberty_haze?deliveryTarget=cGhhcm1hY3k6fDo0ZDAwMDE0YS0xZjVhLTExZWYtODczNy0wMjQyYWMxNDAwMDI%3D#reviews
Bavarian Cannabis,82178,Puchheim-Bahnhof,Liquid Imagination,Demecan CRAFT Pulso 31:1,Sativa,29%,1%,"7,99 €/g",Auf Lager,https://greenmedical.health/de/cannabis/flower/demecan_craft_pulso_31_01-liquid_imagination?deliveryTarget=cGhhcm1hY3k6fDo0ZDAwMDE0YS0xZjVhLTExZWYtODczNy0wMjQyYWMxNDAwMDI%3D#reviews
Bavarian Cannabis,82178,Puchheim-Bahnhof,Pink Kush Mints,Wellford Peak CA PKM 33/1,Hybrid Indica Dominant,33%,1%,"6,99 €/g",Auf Lager,https://greenmedical.health/de/cannabis/flower/wellford_peak_ca_pkm_33_1-pink_kush_mints?deliveryTarget=cGhhcm1hY3k6fDo0ZDAwMDE0YS0xZjVhLTExZWYtODczNy0wMjQyYWMxNDAwMDI%3D#reviews
Bavarian Cannabis,82178,Puchheim-Bahnhof,Jelly Mints,Demecan Core JM7 31:1,Hybrid Indica Dominant,31%,1%,"6,99 €/g",Auf Lager,https://greenmedical.health/de/cannabis/flower/demecan_core_jm7_31_1-jelly_mints?deliveryTarget=cGhhcm1hY3k6fDo0ZDAwMDE0YS0xZjVhLTExZWYtODczNy0wMjQyYWMxNDAwMDI%3D#reviews
Bavarian Cannabis,82178,Puchheim-Bahnhof,Crispy Doughnut,enua 25/1 CDG CA,Hybrid Indica Dominant,25%,<1%,"4,79 €/g",Auf Lager,https://greenmedical.health/de/cannabis/flower/enua_25_1_cdg_ca-crispy_doughnut?deliveryTarget=cGhhcm1hY3k6fDo0ZDAwMDE0YS0xZjVhLTExZWYtODczNy0wMjQyYWMxNDAwMDI%3D#reviews
Bavarian Cannabis,82178,Puchheim-Bahnhof,Jet Fuel Gelato,enua 27/1 PS3 JFG CA,Hybrid,27%,1%,"4,99 €/g",Auf Lager,https://greenmedical.health/de/cannabis/flower/enua_27_1_ps3_jfg_ca-jet_fuel_gelato?deliveryTarget=cGhhcm1hY3k6fDo0ZDAwMDE0YS0xZjVhLTExZWYtODczNy0wMjQyYWMxNDAwMDI%3D#reviews
Bavarian Cannabis,82178,Puchheim-Bahnhof,Jungle Fumes,enua 30/1 JGF,Hybrid Sativa Dominant,30%,<1%,"5,89 €/g",Auf Lager,https://greenmedical.health/de/cannabis/flower/enua_30_1_jgf-jungle_fumes?deliveryTarget=cGhhcm1hY3k6fDo0ZDAwMDE0YS0xZjVhLTExZWYtODczNy0wMjQyYWMxNDAwMDI%3D#reviews
Bavarian Cannabis,82178,Puchheim-Bahnhof,Vanilla Cake,N!CE 26/1 VC,Hybrid Sativa Dominant,26%,1%,"4,99 €/g",Auf Lager,https://greenmedical.health/de/cannabis/flower/n_ce_26_1_vc-vanilla_cake?deliveryTarget=cGhhcm1hY3k6fDo0ZDAwMDE0YS0xZjVhLTExZWYtODczNy0wMjQyYWMxNDAwMDI%3D#reviews
Bavarian Cannabis,82178,Puchheim-Bahnhof,G Wagon,Remexian 33/1 VCC GWA,Indica,31.5%,<1%,"7,99 €/g",Auf Lager,https://greenmedical.health/de/cannabis/flower/remexian_33_1_vcc_gwa-g_wagon?deliveryTarget=cGhhcm1hY3k6fDo0ZDAwMDE0YS0xZjVhLTExZWYtODczNy0wMjQyYWMxNDAwMDI%3D#reviews
Bavarian Cannabis,82178,Puchheim-Bahnhof,Banana Kush,Sinceritas Hybrid Verum 24/1 BK,Hybrid,24%,1%,"5,99 €/g",Auf Lager,https://greenmedical.health/de/cannabis/flower/sinceritas_hybrid_verum_24_1_bk-banana_kush?deliveryTarget=cGhhcm1hY3k6fDo0ZDAwMDE0YS0xZjVhLTExZWYtODczNy0wMjQyYWMxNDAwMDI%3D#reviews
Bavarian Cannabis,82178,Puchheim-Bahnhof,Black Cherry Punch,Cannamedical Indica classic ZAF,Hybrid Indica Dominant,20.4%,<1%,"4,89 €/g",Auf Lager,https://greenmedical.health/de/cannabis/flower/cannamedical-indica-classic-zaf-black-cherry-punch?deliveryTarget=cGhhcm1hY3k6fDo0ZDAwMDE0YS0xZjVhLTExZWYtODczNy0wMjQyYWMxNDAwMDI%3D#reviews
Bavarian Cannabis,82178,Puchheim-Bahnhof,Strawberry Lemonade,Cannamedical Indica Light ZAF,Hybrid Indica Dominant,18%,1%,"3,99 €/g",Auf Lager,https://greenmedical.health/de/cannabis/flower/cannamedical_indica_light_zaf-strawberry_lemonade?deliveryTarget=cGhhcm1hY3k6fDo0ZDAwMDE0YS0xZjVhLTExZWYtODczNy0wMjQyYWMxNDAwMDI%3D#reviews
Bavarian Cannabis,82178,Puchheim-Bahnhof,Durban Gorilla,enua 27/1 DGB CA,Hybrid,27%,1%,"5,49 €/g",Auf Lager,https://greenmedical.health/de/cannabis/flower/enua_27_1_dgb_ca-durban_gorilla?deliveryTarget=cGhhcm1hY3k6fDo0ZDAwMDE0YS0xZjVhLTExZWYtODczNy0wMjQyYWMxNDAwMDI%3D#reviews
Bavarian Cannabis,82178,Puchheim-Bahnhof,Strawberry Diesel,enua 30/1 SBD CA,Hybrid Sativa Dominant,30%,<1%,"5,99 €/g",Auf Lager,https://greenmedical.health/de/cannabis/flower/enua_30_1_sbd_ca-strawberry_diesel?deliveryTarget=cGhhcm1hY3k6fDo0ZDAwMDE0YS0xZjVhLTExZWYtODczNy0wMjQyYWMxNDAwMDI%3D#reviews
Bavarian Cannabis,82178,Puchheim-Bahnhof,Garlic Skittlez,Eufloria 30/1 GSZ,Hybrid,30%,1%,"6,99 €/g",Auf Lager,https://greenmedical.health/de/cannabis/flower/eufloria_30_1_gsz-garlic_skittlez?deliveryTarget=cGhhcm1hY3k6fDo0ZDAwMDE0YS0xZjVhLTExZWYtODczNy0wMjQyYWMxNDAwMDI%3D#reviews
Bavarian Cannabis,82178,Puchheim-Bahnhof,Neutronium,IUVO 28/1 OC,Hybrid,28%,1%,"7,99 €/g",Auf Lager,https://greenmedical.health/de/cannabis/flower/iuvo_28_1_oc-neutronium?deliveryTarget=cGhhcm1hY3k6fDo0ZDAwMDE0YS0xZjVhLTExZWYtODczNy0wMjQyYWMxNDAwMDI%3D#reviews
Bavarian Cannabis,82178,Puchheim-Bahnhof,Cap Junky,Soma OG 34/1 PF,Hybrid Indica Dominant,34%,1%,"8,49 €/g",Auf Lager,https://greenmedical.health/de/cannabis/flower/soma_og_34_1_pf-cap_junky?deliveryTarget=cGhhcm1hY3k6fDo0ZDAwMDE0YS0xZjVhLTExZWYtODczNy0wMjQyYWMxNDAwMDI%3D#reviews
Bavarian Cannabis,82178,Puchheim-Bahnhof,Cookies Gelato Ya Hemi,29/1 Amici YHE,Hybrid Indica Dominant,29%,1%,"5,99 €/g",Auf Lager,https://greenmedical.health/de/cannabis/flower/29_1_amici_yhe-cookies_gelato_ya_hemi?deliveryTarget=cGhhcm1hY3k6fDo0ZDAwMDE0YS0xZjVhLTExZWYtODczNy0wMjQyYWMxNDAwMDI%3D#reviews
Bavarian Cannabis,82178,Puchheim-Bahnhof,Mac 1,420 Evolution 25/1 CA MAC,Indica,25%,<1%,"5,89 €/g",Auf Lager,https://greenmedical.health/de/cannabis/flower/420-evolution-25-1-ca-mac-mac-1?deliveryTarget=cGhhcm1hY3k6fDo0ZDAwMDE0YS0xZjVhLTExZWYtODczNy0wMjQyYWMxNDAwMDI%3D#reviews
Bavarian Cannabis,82178,Puchheim-Bahnhof,LA Kush Cake,Cannamedical Indica Forte AU LKC,Hybrid Indica Dominant,24%,1%,"6,69 €/g",Auf Lager,https://greenmedical.health/de/cannabis/flower/cannamedical_indica_forte_au_lkc-la_kush_cake?deliveryTarget=cGhhcm1hY3k6fDo0ZDAwMDE0YS0xZjVhLTExZWYtODczNy0wMjQyYWMxNDAwMDI%3D#reviews
Bavarian Cannabis,82178,Puchheim-Bahnhof,Black Lime,N!CE 29/1 BL,Hybrid,29%,1%,"4,79 €/g",Auf Lager,https://greenmedical.health/de/cannabis/flower/n_ce_29_1_bl-black_lime?deliveryTarget=cGhhcm1hY3k6fDo0ZDAwMDE0YS0xZjVhLTExZWYtODczNy0wMjQyYWMxNDAwMDI%3D#reviews
Bavarian Cannabis,82178,Puchheim-Bahnhof,OG Kush,Slouu 22/1 PS3 CA OGK,Hybrid,22%,1%,"4,49 €/g",Auf Lager,https://greenmedical.health/de/cannabis/flower/slouu_22_1_ps3_ca_ogk-og_kush?deliveryTarget=cGhhcm1hY3k6fDo0ZDAwMDE0YS0xZjVhLTExZWYtODczNy0wMjQyYWMxNDAwMDI%3D#reviews
Bavarian Cannabis,82178,Puchheim-Bahnhof,Gorilla Glue,420 Natural 25/1 CA GG4,Hybrid,25%,<1%,"6,79 €/g",Auf Lager,https://greenmedical.health/de/cannabis/flower/420-natural-25-1-ca-gg4-gorilla-glue?deliveryTarget=cGhhcm1hY3k6fDo0ZDAwMDE0YS0xZjVhLTExZWYtODczNy0wMjQyYWMxNDAwMDI%3D#reviews
Bavarian Cannabis,82178,Puchheim-Bahnhof,Banana Cream Cake,Cannamedical Indica Forte BC,Hybrid,24.7%,1%,"6,39 €/g",Auf Lager,https://greenmedical.health/de/cannabis/flower/cannamedical_indica_forte_bc-banana_cream_cake?deliveryTarget=cGhhcm1hY3k6fDo0ZDAwMDE0YS0xZjVhLTExZWYtODczNy0wMjQyYWMxNDAwMDI%3D#reviews
Bavarian Cannabis,82178,Puchheim-Bahnhof,Moonbow 112 IX,Demecan Core Moonbow 23:1,Hybrid,23%,1%,"4,99 €/g",Auf Lager,https://greenmedical.health/de/cannabis/flower/demecan_core_moonbow_23_1-moonbow_112_ix?deliveryTarget=cGhhcm1hY3k6fDo0ZDAwMDE0YS0xZjVhLTExZWYtODczNy0wMjQyYWMxNDAwMDI%3D#reviews
Bavarian Cannabis,82178,Puchheim-Bahnhof,Tangerine Boost,Demecan Core PULSE 27:1 Zativa,Hybrid Sativa Dominant,27%,<1%,"6,99 €/g",Auf Lager,https://greenmedical.health/de/cannabis/flower/demecan_core_pulse_27_01_zativa-tangerine_boost?deliveryTarget=cGhhcm1hY3k6fDo0ZDAwMDE0YS0xZjVhLTExZWYtODczNy0wMjQyYWMxNDAwMDI%3D#reviews
Bavarian Cannabis,82178,Puchheim-Bahnhof,Wedding Pop Triangle,Curaleaf Natural 27/1 PT WPT,Hybrid Sativa Dominant,27%,1%,"3,79 €/g",Auf Lager,https://greenmedical.health/de/cannabis/flower/curaleaf_natural_27_1_pt_wpt-wedding_pop_triangle?deliveryTarget=cGhhcm1hY3k6fDo0ZDAwMDE0YS0xZjVhLTExZWYtODczNy0wMjQyYWMxNDAwMDI%3D#reviews
Bavarian Cannabis,82178,Puchheim-Bahnhof,Jungle Fumes,enua 33/1 JGF,Hybrid Sativa Dominant,33%,<1%,"6,49 €/g",Auf Lager,https://greenmedical.health/de/cannabis/flower/enua_33_1_jgf-jungle_fumes?deliveryTarget=cGhhcm1hY3k6fDo0ZDAwMDE0YS0xZjVhLTExZWYtODczNy0wMjQyYWMxNDAwMDI%3D#reviews
Bavarian Cannabis,82178,Puchheim-Bahnhof,Afina,Bedrocan Forte 25/1,Hybrid,25%,<1%,"9,39 €/g",Auf Lager,https://greenmedical.health/de/cannabis/flower/bedrocan_forte_25_1-afina?deliveryTarget=cGhhcm1hY3k6fDo0ZDAwMDE0YS0xZjVhLTExZWYtODczNy0wMjQyYWMxNDAwMDI%3D#reviews
Bavarian Cannabis,82178,Puchheim-Bahnhof,Strawberry OG,Cannamedical CM 28/1 BRY,Hybrid,29.6%,1%,"6,59 €/g",Auf Lager,https://greenmedical.health/de/cannabis/flower/cannamedical_cm_28_1_bry-strawberry_og?deliveryTarget=cGhhcm1hY3k6fDo0ZDAwMDE0YS0xZjVhLTExZWYtODczNy0wMjQyYWMxNDAwMDI%3D#reviews
Bavarian Cannabis,82178,Puchheim-Bahnhof,Temptation,IUVO 24/1 OC,Hybrid,24%,<1%,"7,99 €/g",Auf Lager,https://greenmedical.health/de/cannabis/flower/iuvo_24_1_oc-temptation?deliveryTarget=cGhhcm1hY3k6fDo0ZDAwMDE0YS0xZjVhLTExZWYtODczNy0wMjQyYWMxNDAwMDI%3D#reviews
Bavarian Cannabis,82178,Puchheim-Bahnhof,Rainbow Milkshake Popstar,Buuo 24/1 RBM,Hybrid,24%,1%,"5,39 €/g",Auf Lager,https://greenmedical.health/de/cannabis/flower/buuo_24_1_rbm-rainbow_milkshake_popstar?deliveryTarget=cGhhcm1hY3k6fDo0ZDAwMDE0YS0xZjVhLTExZWYtODczNy0wMjQyYWMxNDAwMDI%3D#reviews
Bavarian Cannabis,82178,Puchheim-Bahnhof,Platinum Pavé,420 Compound 30/1 CA PPE,Hybrid,30%,1%,"6,99 €/g",Auf Lager,https://greenmedical.health/de/cannabis/flower/420_compound_30_1_ca_ppe-platinum_pav_?deliveryTarget=cGhhcm1hY3k6fDo0ZDAwMDE0YS0xZjVhLTExZWYtODczNy0wMjQyYWMxNDAwMDI%3D#reviews
Bavarian Cannabis,82178,Puchheim-Bahnhof,Banana Bonbon,Buuo 24/1 BBB,Hybrid,24%,1%,"5,29 €/g",Auf Lager,https://greenmedical.health/de/cannabis/flower/buuo_24_1_bbb-banana_bonbon?deliveryTarget=cGhhcm1hY3k6fDo0ZDAwMDE0YS0xZjVhLTExZWYtODczNy0wMjQyYWMxNDAwMDI%3D#reviews
Bavarian Cannabis,82178,Puchheim-Bahnhof,Morning Sun,N!CE 32/1 MOS,Hybrid Indica Dominant,32%,1%,"5,98 €/g",Auf Lager,https://greenmedical.health/de/cannabis/flower/n_ce_32_1_mos-morning_sun?deliveryTarget=cGhhcm1hY3k6fDo0ZDAwMDE0YS0xZjVhLTExZWYtODczNy0wMjQyYWMxNDAwMDI%3D#reviews
Bavarian Cannabis,82178,Puchheim-Bahnhof,Jet Fuel Funk,Remexian 30/1 JOI JFF,Indica,30%,<1%,"6,39 €/g",NEU,https://greenmedical.health/de/cannabis/flower/remexian_30_1_joi_jff-jet_fuel_funk?deliveryTarget=cGhhcm1hY3k6fDo0ZDAwMDE0YS0xZjVhLTExZWYtODczNy0wMjQyYWMxNDAwMDI%3D#reviews
Bavarian Cannabis,82178,Puchheim-Bahnhof,OG Kush,Cannamedical CM 24/1,Hybrid Sativa Dominant,24%,1%,"5,99 €/g",Auf Lager,https://greenmedical.health/de/cannabis/flower/cannamedical_cm_24_1-og_kush?deliveryTarget=cGhhcm1hY3k6fDo0ZDAwMDE0YS0xZjVhLTExZWYtODczNy0wMjQyYWMxNDAwMDI%3D#reviews
Bavarian Cannabis,82178,Puchheim-Bahnhof,Ghost Train Haze,Cannamedical Hybrid classic DK,Hybrid Sativa Dominant,20.6%,1%,"3,99 €/g",Auf Lager,https://greenmedical.health/de/cannabis/flower/cannamedical_hybrid_classic_dk-ghost_train_haze?deliveryTarget=cGhhcm1hY3k6fDo0ZDAwMDE0YS0xZjVhLTExZWYtODczNy0wMjQyYWMxNDAwMDI%3D#reviews
Bavarian Cannabis,82178,Puchheim-Bahnhof,Kush Mint,Eufloria 27/1 KUM,Hybrid Sativa Dominant,27%,1%,"5,89 €/g",Auf Lager,https://greenmedical.health/de/cannabis/flower/eufloria_27_1_kum-kush_mintz?deliveryTarget=cGhhcm1hY3k6fDo0ZDAwMDE0YS0xZjVhLTExZWYtODczNy0wMjQyYWMxNDAwMDI%3D#reviews
Bavarian Cannabis,82178,Puchheim-Bahnhof,Pink Gas,Medical Saints 27/1 PKG,Hybrid Indica Dominant,27%,1%,"5,69 €/g",Auf Lager,https://greenmedical.health/de/cannabis/flower/medical_saints_27_1_pkg-pink_gas?deliveryTarget=cGhhcm1hY3k6fDo0ZDAwMDE0YS0xZjVhLTExZWYtODczNy0wMjQyYWMxNDAwMDI%3D#reviews
Bavarian Cannabis,82178,Puchheim-Bahnhof,Critical Orange Punch,Wellford Aquaponic 29/1 COP,Sativa,29%,1%,"5,99 €/g",Auf Lager,https://greenmedical.health/de/cannabis/flower/wellford_aquaponic_29_1_cop-cap_junky?deliveryTarget=cGhhcm1hY3k6fDo0ZDAwMDE0YS0xZjVhLTExZWYtODczNy0wMjQyYWMxNDAwMDI%3D#reviews
Bavarian Cannabis,82178,Puchheim-Bahnhof,Cereal Milk,26/1 Amici CM,Hybrid Indica Dominant,26%,1%,"6,49 €/g",NEU,https://greenmedical.health/de/cannabis/flower/26_1_amici_cm-cereal_milk?deliveryTarget=cGhhcm1hY3k6fDo0ZDAwMDE0YS0xZjVhLTExZWYtODczNy0wMjQyYWMxNDAwMDI%3D#reviews
Bavarian Cannabis,82178,Puchheim-Bahnhof,Frozen Lemon Mints,420 Evolution 33/1 CA FLM,Sativa,33%,<1%,"6,79 €/g",Auf Lager,https://greenmedical.health/de/cannabis/flower/420_evolution_33_1_ca_flm-frozen_lemon_mints?deliveryTarget=cGhhcm1hY3k6fDo0ZDAwMDE0YS0xZjVhLTExZWYtODczNy0wMjQyYWMxNDAwMDI%3D#reviews
Bavarian Cannabis,82178,Puchheim-Bahnhof,White Widow,AMP Classic 18/1,Hybrid,18%,<1%,"5,79 €/g",Auf Lager,https://greenmedical.health/de/cannabis/flower/amp-classic-18-1-white-widow?deliveryTarget=cGhhcm1hY3k6fDo0ZDAwMDE0YS0xZjVhLTExZWYtODczNy0wMjQyYWMxNDAwMDI%3D#reviews
Bavarian Cannabis,82178,Puchheim-Bahnhof,Karel's Haze,APEX KHZ-PT31,Hybrid Sativa Dominant,31%,1%,"6,59 €/g",Auf Lager,https://greenmedical.health/de/cannabis/flower/apex_khz_pt31-karel_s_haze?deliveryTarget=cGhhcm1hY3k6fDo0ZDAwMDE0YS0xZjVhLTExZWYtODczNy0wMjQyYWMxNDAwMDI%3D#reviews
Bavarian Cannabis,82178,Puchheim-Bahnhof,Balanced Caramel,Balancial PT S1,Hybrid,6%,8%,"5,99 €/g",Auf Lager,https://greenmedical.health/de/cannabis/flower/balancial_pt_s1-balanced_caramel?deliveryTarget=cGhhcm1hY3k6fDo0ZDAwMDE0YS0xZjVhLTExZWYtODczNy0wMjQyYWMxNDAwMDI%3D#reviews
Bavarian Cannabis,82178,Puchheim-Bahnhof,Cinderella Mintz,Buuo 30/1 CNM,Hybrid,30%,1%,"4,99 €/g",Auf Lager,https://greenmedical.health/de/cannabis/flower/buuo_30_1_cnm-cinderella_mintz?deliveryTarget=cGhhcm1hY3k6fDo0ZDAwMDE0YS0xZjVhLTExZWYtODczNy0wMjQyYWMxNDAwMDI%3D#reviews
Bavarian Cannabis,82178,Puchheim-Bahnhof,Mango Kush,aleph Amber 26/1,Indica,28%,<1%,"7,79 €/g",Auf Lager,https://greenmedical.health/de/cannabis/flower/aleph-amber-26-1-mango-kush?deliveryTarget=cGhhcm1hY3k6fDo0ZDAwMDE0YS0xZjVhLTExZWYtODczNy0wMjQyYWMxNDAwMDI%3D#reviews
Bavarian Cannabis,82178,Puchheim-Bahnhof,High Octane 94,Remexian 33/1 BBR HOT,Hybrid Indica Dominant,33%,1%,"5,99 €/g",NEU,https://greenmedical.health/de/cannabis/flower/remexian_33_1_bbr_hot-high_octane_94?deliveryTarget=cGhhcm1hY3k6fDo0ZDAwMDE0YS0xZjVhLTExZWYtODczNy0wMjQyYWMxNDAwMDI%3D#reviews
Bavarian Cannabis,82178,Puchheim-Bahnhof,Tres Dawg x I-95,Wellford Peak 30/1 CA T95,Hybrid Indica Dominant,30%,<1%,"6,49 €/g",Auf Lager,https://greenmedical.health/de/cannabis/flower/wellford_peak_30_1_ca_t95-tres_dawg_x_i_95?deliveryTarget=cGhhcm1hY3k6fDo0ZDAwMDE0YS0xZjVhLTExZWYtODczNy0wMjQyYWMxNDAwMDI%3D#reviews
Bavarian Cannabis,82178,Puchheim-Bahnhof,Pineapple Fruz,420 Evolution 27/1 CA PEX,Hybrid Sativa Dominant,27%,1%,"5,49 €/g",Auf Lager,https://greenmedical.health/de/cannabis/flower/420_evolution_27_1_ca_pex-black_marker?deliveryTarget=cGhhcm1hY3k6fDo0ZDAwMDE0YS0xZjVhLTExZWYtODczNy0wMjQyYWMxNDAwMDI%3D#reviews
Bavarian Cannabis,82178,Puchheim-Bahnhof,Scented Marker,420 Evolution 33/1 CA SCM,Hybrid Indica Dominant,33%,1%,"8,73 €/g",Auf Lager,https://greenmedical.health/de/cannabis/flower/420_evolution_33_1_ca_scm-scented_marker?deliveryTarget=cGhhcm1hY3k6fDo0ZDAwMDE0YS0xZjVhLTExZWYtODczNy0wMjQyYWMxNDAwMDI%3D#reviews
Bavarian Cannabis,82178,Puchheim-Bahnhof,Permanent Marker,APEX PMK-PT 24/1,Hybrid Indica Dominant,24%,1%,"6,49 €/g",Auf Lager,https://greenmedical.health/de/cannabis/flower/apex_pmk_pt_24_1-permanent_marker?deliveryTarget=cGhhcm1hY3k6fDo0ZDAwMDE0YS0xZjVhLTExZWYtODczNy0wMjQyYWMxNDAwMDI%3D#reviews
Bavarian Cannabis,82178,Puchheim-Bahnhof,Jack Herer,Balancial 22/1 PT S1 JH,Hybrid,22%,1%,"3,99 €/g",Auf Lager,https://greenmedical.health/de/cannabis/flower/balancial_22_1_pt_s1_jh-jack_herer?deliveryTarget=cGhhcm1hY3k6fDo0ZDAwMDE0YS0xZjVhLTExZWYtODczNy0wMjQyYWMxNDAwMDI%3D#reviews
Bavarian Cannabis,82178,Puchheim-Bahnhof,8-Ball Kush,Materia 8BK 30/1,Hybrid Indica Dominant,30%,1%,"5,49 €/g",Auf Lager,https://greenmedical.health/de/cannabis/flower/materia_8bk_30_1-8_ball_kush?deliveryTarget=cGhhcm1hY3k6fDo0ZDAwMDE0YS0xZjVhLTExZWYtODczNy0wMjQyYWMxNDAwMDI%3D#reviews
Bavarian Cannabis,82178,Puchheim-Bahnhof,Forbidden Dream,MH MEDPLANT Forbidden Dreams 13/1,Hybrid,13%,1%,"3,99 €/g",Auf Lager,https://greenmedical.health/de/cannabis/flower/mh_medplant_forbidden_dreams_13_1-forbidden_dream?deliveryTarget=cGhhcm1hY3k6fDo0ZDAwMDE0YS0xZjVhLTExZWYtODczNy0wMjQyYWMxNDAwMDI%3D#reviews
Bavarian Cannabis,82178,Puchheim-Bahnhof,Vegas Wedding Cake,CannGo 28/1 WG,Hybrid Indica Dominant,28%,1%,"5,99 €/g",NEU,https://greenmedical.health/de/cannabis/flower/canngo_28_1_wg-vegas_wedding_cake?deliveryTarget=cGhhcm1hY3k6fDo0ZDAwMDE0YS0xZjVhLTExZWYtODczNy0wMjQyYWMxNDAwMDI%3D#reviews
Bavarian Cannabis,82178,Puchheim-Bahnhof,Heavy Eyes,Cookies 2.0 31/1 HE,Hybrid Indica Dominant,31%,1%,"9,49 €/g",Auf Lager,https://greenmedical.health/de/cannabis/flower/cookies_2_0_31_1-heavy_eyes?deliveryTarget=cGhhcm1hY3k6fDo0ZDAwMDE0YS0xZjVhLTExZWYtODczNy0wMjQyYWMxNDAwMDI%3D#reviews
Bavarian Cannabis,82178,Puchheim-Bahnhof,Afgan Bubba Kush,enua 33/1 ABK CA,Hybrid,33%,1%,"6,99 €/g",Auf Lager,https://greenmedical.health/de/cannabis/flower/enua_33_1_abk_ca-tropical_meltdown?deliveryTarget=cGhhcm1hY3k6fDo0ZDAwMDE0YS0xZjVhLTExZWYtODczNy0wMjQyYWMxNDAwMDI%3D#reviews
Bavarian Cannabis,82178,Puchheim-Bahnhof,Jack Haze,Canopy JHA 21/1,Hybrid,21%,<1%,"3,39 €/g",Auf Lager,https://greenmedical.health/de/cannabis/flower/canopy_jha_21_1-jack_haze?deliveryTarget=cGhhcm1hY3k6fDo0ZDAwMDE0YS0xZjVhLTExZWYtODczNy0wMjQyYWMxNDAwMDI%3D#reviews
Bavarian Cannabis,82178,Puchheim-Bahnhof,Jack Attack,Stabil. JTK-COL 20/1,Hybrid Sativa Dominant,20%,1%,"4,49 €/g",Auf Lager,https://greenmedical.health/de/cannabis/flower/stabil_jtk_col_20_1-jack_attack?deliveryTarget=cGhhcm1hY3k6fDo0ZDAwMDE0YS0xZjVhLTExZWYtODczNy0wMjQyYWMxNDAwMDI%3D#reviews
Bavarian Cannabis,82178,Puchheim-Bahnhof,Ice Cream Cake x Kush Mints,420 Evolution 27/1 CA ICC,Hybrid,27%,<1%,"7,99 €/g",Auf Lager,https://greenmedical.health/de/cannabis/flower/420-evolution-27-1-ca-icc-icecream-cake-kush-mints?deliveryTarget=cGhhcm1hY3k6fDo0ZDAwMDE0YS0xZjVhLTExZWYtODczNy0wMjQyYWMxNDAwMDI%3D#reviews
Bavarian Cannabis,82178,Puchheim-Bahnhof,Blue Lobster,enua 30/1 Blue L CA,Hybrid Indica Dominant,28%,1%,"8,99 €/g",Auf Lager,https://greenmedical.health/de/cannabis/flower/enua_30_1_blue_l_ca-blue_lobster?deliveryTarget=cGhhcm1hY3k6fDo0ZDAwMDE0YS0xZjVhLTExZWYtODczNy0wMjQyYWMxNDAwMDI%3D#reviews
Bavarian Cannabis,82178,Puchheim-Bahnhof,Pineapple God,Huala 25/1 CA POG,Hybrid Sativa Dominant,25%,1%,"4,49 €/g",Auf Lager,https://greenmedical.health/de/cannabis/flower/huala_25_1_ca_pog-pineapple_god?deliveryTarget=cGhhcm1hY3k6fDo0ZDAwMDE0YS0xZjVhLTExZWYtODczNy0wMjQyYWMxNDAwMDI%3D#reviews
Bavarian Cannabis,82178,Puchheim-Bahnhof,Khalifa Mints,AVAAY Khalifa 28/1 KM,Hybrid Sativa Dominant,28%,1%,"9,99 €/g",Auf Lager,https://greenmedical.health/de/cannabis/flower/avaay_khalifa_28_1_km-khalifa_mints?deliveryTarget=cGhhcm1hY3k6fDo0ZDAwMDE0YS0xZjVhLTExZWYtODczNy0wMjQyYWMxNDAwMDI%3D#reviews
Bavarian Cannabis,82178,Puchheim-Bahnhof,Mintwave,Cannamedical Indica Ultra SM,Hybrid Indica Dominant,28%,1%,"5,99 €/g",Auf Lager,https://greenmedical.health/de/cannabis/flower/cannamedical_indica_ultra_sm-mintwave?deliveryTarget=cGhhcm1hY3k6fDo0ZDAwMDE0YS0xZjVhLTExZWYtODczNy0wMjQyYWMxNDAwMDI%3D#reviews
Bavarian Cannabis,82178,Puchheim-Bahnhof,Bubblegumz,Cookies 2.0 30/1,Hybrid,30%,1%,"9,49 €/g",Auf Lager,https://greenmedical.health/de/cannabis/flower/cookies_2_0_30_1-bubblegumz?deliveryTarget=cGhhcm1hY3k6fDo0ZDAwMDE0YS0xZjVhLTExZWYtODczNy0wMjQyYWMxNDAwMDI%3D#reviews
Bavarian Cannabis,82178,Puchheim-Bahnhof,Scoops,Huala 22/1 CA SCO,Hybrid Indica Dominant,22%,1%,"2,99 €/g",Auf Lager,https://greenmedical.health/de/cannabis/flower/huala_22_1_ca_sco-scoops?deliveryTarget=cGhhcm1hY3k6fDo0ZDAwMDE0YS0xZjVhLTExZWYtODczNy0wMjQyYWMxNDAwMDI%3D#reviews
Bavarian Cannabis,82178,Puchheim-Bahnhof,Granddaddy OG,madrecan 21/1,Indica,21%,<1%,"4,79 €/g",Auf Lager,https://greenmedical.health/de/cannabis/flower/madrecan_21_1-granddaddy_og?deliveryTarget=cGhhcm1hY3k6fDo0ZDAwMDE0YS0xZjVhLTExZWYtODczNy0wMjQyYWMxNDAwMDI%3D#reviews
Bavarian Cannabis,82178,Puchheim-Bahnhof,Fight Club,Vertical 7 36/1 FCL,Hybrid,36%,1%,"7,99 €/g",NEU,https://greenmedical.health/de/cannabis/flower/vertical_7_36_1_fcl-fight_club?deliveryTarget=cGhhcm1hY3k6fDo0ZDAwMDE0YS0xZjVhLTExZWYtODczNy0wMjQyYWMxNDAwMDI%3D#reviews
Bavarian Cannabis,82178,Puchheim-Bahnhof,Grape Haze,Materia GH 27/1,Hybrid Sativa Dominant,27%,<1%,"4,99 €/g",Auf Lager,https://greenmedical.health/de/cannabis/flower/materia_gh_27_1-grape_haze?deliveryTarget=cGhhcm1hY3k6fDo0ZDAwMDE0YS0xZjVhLTExZWYtODczNy0wMjQyYWMxNDAwMDI%3D#reviews
Bavarian Cannabis,82178,Puchheim-Bahnhof,Oz Melon Jam,Slouu 30/1 OMJ CA,Hybrid,30%,1%,"5,49 €/g",Auf Lager,https://greenmedical.health/de/cannabis/flower/slouu_30_1_omj_ca-delicata_cookies?deliveryTarget=cGhhcm1hY3k6fDo0ZDAwMDE0YS0xZjVhLTExZWYtODczNy0wMjQyYWMxNDAwMDI%3D#reviews
Bavarian Cannabis,82178,Puchheim-Bahnhof,Atomic Sour Grapefruit,29/1 Amici AS,Indica,29%,1%,"6,99 €/g",Auf Lager,https://greenmedical.health/de/cannabis/flower/29_1_amici_as-atomic_sour_grapefruit?deliveryTarget=cGhhcm1hY3k6fDo0ZDAwMDE0YS0xZjVhLTExZWYtODczNy0wMjQyYWMxNDAwMDI%3D#reviews
Bavarian Cannabis,82178,Puchheim-Bahnhof,Mutant Tire Fire,APEX MTF 32/1,Hybrid Indica Dominant,32%,1%,"7,99 €/g",NEU,https://greenmedical.health/de/cannabis/flower/apex_mtf_32_1-kultivar_mutant_tire_fire?deliveryTarget=cGhhcm1hY3k6fDo0ZDAwMDE0YS0xZjVhLTExZWYtODczNy0wMjQyYWMxNDAwMDI%3D#reviews
Bavarian Cannabis,82178,Puchheim-Bahnhof,Sunset Sherbet,Balancial S1 23/1 SS,Hybrid,23%,1%,"4,99 €/g",NEU,https://greenmedical.health/de/cannabis/flower/balancial_s1_23_1_ss-sunset_sherbet?deliveryTarget=cGhhcm1hY3k6fDo0ZDAwMDE0YS0xZjVhLTExZWYtODczNy0wMjQyYWMxNDAwMDI%3D#reviews
Bavarian Cannabis,82178,Puchheim-Bahnhof,Apples & Bananas,BC Green 14/1 A&B,Hybrid,14%,1%,"2,99 €/g",Auf Lager,https://greenmedical.health/de/cannabis/flower/bc_green_14_1_a_b-apples_bananas?deliveryTarget=cGhhcm1hY3k6fDo0ZDAwMDE0YS0xZjVhLTExZWYtODczNy0wMjQyYWMxNDAwMDI%3D#reviews
Bavarian Cannabis,82178,Puchheim-Bahnhof,OG Cheese,Big Dreams 21/1 ALB OGC,Hybrid,21%,1%,"4,49 €/g",Auf Lager,https://greenmedical.health/de/cannabis/flower/big_dreams_21_1_alb_ogc-og_cheese?deliveryTarget=cGhhcm1hY3k6fDo0ZDAwMDE0YS0xZjVhLTExZWYtODczNy0wMjQyYWMxNDAwMDI%3D#reviews
Bavarian Cannabis,82178,Puchheim-Bahnhof,Gorilla Zkittlez,Cannamedical Hybrid forte NM,Hybrid,22%,1%,"7,99 €/g",Auf Lager,https://greenmedical.health/de/cannabis/flower/cannamedical-hybrid-forte-nm-gorilla-zkittlez-gorilla-zkittlez-3b0b?deliveryTarget=cGhhcm1hY3k6fDo0ZDAwMDE0YS0xZjVhLTExZWYtODczNy0wMjQyYWMxNDAwMDI%3D#reviews
Bavarian Cannabis,82178,Puchheim-Bahnhof,Mona Lisa,Balancial S1 33/1 ML,Hybrid,33%,1%,"7,39 €/g",Auf Lager,https://greenmedical.health/de/cannabis/flower/balancial_s1_33_1_ml-mona_lisa?deliveryTarget=cGhhcm1hY3k6fDo0ZDAwMDE0YS0xZjVhLTExZWYtODczNy0wMjQyYWMxNDAwMDI%3D#reviews
Bavarian Cannabis,82178,Puchheim-Bahnhof,OG Kush,Cannamedical CM 28/1,Hybrid Sativa Dominant,28%,1%,"5,99 €/g",Auf Lager,https://greenmedical.health/de/cannabis/flower/cannamedical_cm_28_1-og_kush?deliveryTarget=cGhhcm1hY3k6fDo0ZDAwMDE0YS0xZjVhLTExZWYtODczNy0wMjQyYWMxNDAwMDI%3D#reviews
Bavarian Cannabis,82178,Puchheim-Bahnhof,Purple Punch x Jungle Cake,Demecan CRAFT D-Jungle 31:1,Hybrid,31%,1%,"8,99 €/g",Auf Lager,https://greenmedical.health/de/cannabis/flower/demecan-craft-d-jungle-31-01-purple-punch-x-jungle-cake-751e?deliveryTarget=cGhhcm1hY3k6fDo0ZDAwMDE0YS0xZjVhLTExZWYtODczNy0wMjQyYWMxNDAwMDI%3D#reviews
Bavarian Cannabis,82178,Puchheim-Bahnhof,GMO x Han Solo Burger,Demecan PS Strong Drop,Hybrid Indica Dominant,27%,1%,"4,99 €/g",NEU,https://greenmedical.health/de/cannabis/flower/demecan_ps_strong_drop-gmo_x_han_solo_burger?deliveryTarget=cGhhcm1hY3k6fDo0ZDAwMDE0YS0xZjVhLTExZWYtODczNy0wMjQyYWMxNDAwMDI%3D#reviews
Bavarian Cannabis,82178,Puchheim-Bahnhof,Alien Starfighter,enua 22/1 ASF CA,Hybrid Indica Dominant,22%,1%,"4,99 €/g",NEU,https://greenmedical.health/de/cannabis/flower/enua_22_1_asf_ca-alien_starfighter?deliveryTarget=cGhhcm1hY3k6fDo0ZDAwMDE0YS0xZjVhLTExZWYtODczNy0wMjQyYWMxNDAwMDI%3D#reviews
Bavarian Cannabis,82178,Puchheim-Bahnhof,Afina,Bedrocan 22/1,Sativa,22%,1%,"8,99 €/g",Auf Lager,https://greenmedical.health/de/cannabis/flower/bedrocan-22-1-afina-2826?deliveryTarget=cGhhcm1hY3k6fDo0ZDAwMDE0YS0xZjVhLTExZWYtODczNy0wMjQyYWMxNDAwMDI%3D#reviews
Bavarian Cannabis,82178,Puchheim-Bahnhof,Lip Smacker,Remexian 21/1 GJY LIP,Hybrid,21%,1%,"4,49 €/g",NEU,https://greenmedical.health/de/cannabis/flower/remexian_21_1_gjy_lip-lip_smacker?deliveryTarget=cGhhcm1hY3k6fDo0ZDAwMDE0YS0xZjVhLTExZWYtODczNy0wMjQyYWMxNDAwMDI%3D#reviews
Bavarian Cannabis,82178,Puchheim-Bahnhof,Fruity Pebbles,Remexian 27/1 CRX FTP,Hybrid,27%,1%,"5,79 €/g",NEU,https://greenmedical.health/de/cannabis/flower/remexian_27_1_crx_ftp-fruity_pebbles?deliveryTarget=cGhhcm1hY3k6fDo0ZDAwMDE0YS0xZjVhLTExZWYtODczNy0wMjQyYWMxNDAwMDI%3D#reviews
Bavarian Cannabis,82178,Puchheim-Bahnhof,Diablo Dreamer,Remexian 30/1 CRX DOD,Hybrid,30%,1%,"5,99 €/g",NEU,https://greenmedical.health/de/cannabis/flower/remexian_30_1_crx_dod-diablo_dreamer?deliveryTarget=cGhhcm1hY3k6fDo0ZDAwMDE0YS0xZjVhLTExZWYtODczNy0wMjQyYWMxNDAwMDI%3D#reviews
Bavarian Cannabis,82178,Puchheim-Bahnhof,Gastro Pop,Buuo 22/1 GP,Hybrid,22%,1%,"4,99 €/g",Auf Lager,https://greenmedical.health/de/cannabis/flower/buuo_22_1_gp-gastro_pop?deliveryTarget=cGhhcm1hY3k6fDo0ZDAwMDE0YS0xZjVhLTExZWYtODczNy0wMjQyYWMxNDAwMDI%3D#reviews
Bavarian Cannabis,82178,Puchheim-Bahnhof,Peach Gelato,Demecan Core 22:1,Hybrid Indica Dominant,22%,1%,"5,69 €/g",NEU,https://greenmedical.health/de/cannabis/flower/demecan_core_22_1-peach_gelato?deliveryTarget=cGhhcm1hY3k6fDo0ZDAwMDE0YS0xZjVhLTExZWYtODczNy0wMjQyYWMxNDAwMDI%3D#reviews
Bavarian Cannabis,82178,Puchheim-Bahnhof,Crossbow,Demecan Core Cros 26:1,Hybrid,26%,<1%,"5,99 €/g",Auf Lager,https://greenmedical.health/de/cannabis/flower/demecan_core_cross_26_01-crossbow?deliveryTarget=cGhhcm1hY3k6fDo0ZDAwMDE0YS0xZjVhLTExZWYtODczNy0wMjQyYWMxNDAwMDI%3D#reviews
Cannabisapo24,86150,Augsburg,OJ Zainbow,IUVO 24/1 KC,Sativa,24%,1%,"7,74 €/g",Auf Lager,https://greenmedical.health/de/cannabis/flower/iuvo_24_1_kc-oj_zainbow?deliveryTarget=cGhhcm1hY3k6fDpkYjVkNDYzZi1lMjIyLTRiNWQtOTdmMy0wMzI2MmRjODEzNDc%3D#reviews
Cannabisapo24,86150,Augsburg,Queen SanG,Wellford Aquaponic 30/1 QSG,Sativa,30%,1%,"7,44 €/g",Auf Lager,https://greenmedical.health/de/cannabis/flower/wellford_aquaponic_30_1_qsg-queen_sang?deliveryTarget=cGhhcm1hY3k6fDpkYjVkNDYzZi1lMjIyLTRiNWQtOTdmMy0wMzI2MmRjODEzNDc%3D#reviews
Cannabisapo24,86150,Augsburg,Super Citra G,AVAAY 31/1 SCG,Hybrid,31%,<1%,"7,69 €/g",Auf Lager,https://greenmedical.health/de/cannabis/flower/avaay_31_1_scg-super_citra_g_?deliveryTarget=cGhhcm1hY3k6fDpkYjVkNDYzZi1lMjIyLTRiNWQtOTdmMy0wMzI2MmRjODEzNDc%3D#reviews
Cannabisapo24,86150,Augsburg,Killer Cupcake,IUVO 22/1 OC,Hybrid,22%,1%,"7,74 €/g",Auf Lager,https://greenmedical.health/de/cannabis/flower/iuvo_22_1_oc-killer_cupcake?deliveryTarget=cGhhcm1hY3k6fDpkYjVkNDYzZi1lMjIyLTRiNWQtOTdmMy0wMzI2MmRjODEzNDc%3D#reviews
Cannabisapo24,86150,Augsburg,Tangerine Boost,Cannamedical Indica Forte BC,Hybrid Sativa Dominant,23.8%,1%,"6,90 €/g",Auf Lager,https://greenmedical.health/de/cannabis/flower/cannamedical_indica_forte_bc-tangerine_boost?deliveryTarget=cGhhcm1hY3k6fDpkYjVkNDYzZi1lMjIyLTRiNWQtOTdmMy0wMzI2MmRjODEzNDc%3D#reviews
Cannabisapo24,86150,Augsburg,Cosmic Cream,Pedanios 31/1 COS-CA,Hybrid Indica Dominant,31%,<1%,"8,33 €/g",Auf Lager,https://greenmedical.health/de/cannabis/flower/pedanios-31-1-cos-ca-cosmic-cream-34e1?deliveryTarget=cGhhcm1hY3k6fDpkYjVkNDYzZi1lMjIyLTRiNWQtOTdmMy0wMzI2MmRjODEzNDc%3D#reviews
Cannabisapo24,86150,Augsburg,Electric Honeydew (EHD),Pedanios 26/1 EHD-CA,Sativa,26%,<1%,"6,31 €/g",Auf Lager,https://greenmedical.health/de/cannabis/flower/pedanios-26-1-ehd-ca-electric-honeydew-ehd?deliveryTarget=cGhhcm1hY3k6fDpkYjVkNDYzZi1lMjIyLTRiNWQtOTdmMy0wMzI2MmRjODEzNDc%3D#reviews
Cannabisapo24,86150,Augsburg,Afina,Bedrocan Cannabis Flos 22/1,Sativa,22%,<1%,"8,32 €/g",Auf Lager,https://greenmedical.health/de/cannabis/flower/bedrocan-afina?deliveryTarget=cGhhcm1hY3k6fDpkYjVkNDYzZi1lMjIyLTRiNWQtOTdmMy0wMzI2MmRjODEzNDc%3D#reviews
Cannabisapo24,86150,Augsburg,Sourdough,Pedanios 29/1 SRD-CA,Indica,29%,<1%,"7,38 €/g",Auf Lager,https://greenmedical.health/de/cannabis/flower/pedanios-29-1-srd-ca-sourdough-srd?deliveryTarget=cGhhcm1hY3k6fDpkYjVkNDYzZi1lMjIyLTRiNWQtOTdmMy0wMzI2MmRjODEzNDc%3D#reviews
Cannabisapo24,86150,Augsburg,Waffle Bites,AVAAY Signature 28/1 WB,Indica,28%,<1%,"7,98 €/g",Auf Lager,https://greenmedical.health/de/cannabis/flower/avaay-signature-28-1-wb-waffle-bites?deliveryTarget=cGhhcm1hY3k6fDpkYjVkNDYzZi1lMjIyLTRiNWQtOTdmMy0wMzI2MmRjODEzNDc%3D#reviews
Cannabisapo24,86150,Augsburg,Tubitti Frubitti,TANNENBUSCH 31/1 TF,Hybrid Indica Dominant,31%,<1%,"9,27 €/g",Auf Lager,https://greenmedical.health/de/cannabis/flower/tannenbusch_31_1_tf-tubitti_frubitti?deliveryTarget=cGhhcm1hY3k6fDpkYjVkNDYzZi1lMjIyLTRiNWQtOTdmMy0wMzI2MmRjODEzNDc%3D#reviews
Cannabisapo24,86150,Augsburg,Farm Gas (FRG),Pedanios 27/1 FRG-CA,Hybrid,27%,<1%,"5,95 €/g",Auf Lager,https://greenmedical.health/de/cannabis/flower/pedanios-27-1-frg-ca-farm-gas-frg?deliveryTarget=cGhhcm1hY3k6fDpkYjVkNDYzZi1lMjIyLTRiNWQtOTdmMy0wMzI2MmRjODEzNDc%3D#reviews
Cannabisapo24,86150,Augsburg,Polar Pop,Bathera 35/1 PP,Hybrid Sativa Dominant,36.4%,1%,"8,92 €/g",Auf Lager,https://greenmedical.health/de/cannabis/flower/bathera_35_1_pp-polar_pop?deliveryTarget=cGhhcm1hY3k6fDpkYjVkNDYzZi1lMjIyLTRiNWQtOTdmMy0wMzI2MmRjODEzNDc%3D#reviews
Cannabisapo24,86150,Augsburg,Wedding Tree,Cannamedical Sativa Forte NM,Hybrid,24%,<1%,"8,92 €/g",Auf Lager,https://greenmedical.health/de/cannabis/flower/cannamedical_sativa_forte_nm-wedding_tree?deliveryTarget=cGhhcm1hY3k6fDpkYjVkNDYzZi1lMjIyLTRiNWQtOTdmMy0wMzI2MmRjODEzNDc%3D#reviews
Cannabisapo24,86150,Augsburg,Space Cake,Peace Naturals 33/1 SC,Hybrid Sativa Dominant,33%,1%,"7,93 €/g",Auf Lager,https://greenmedical.health/de/cannabis/flower/peace-naturals-33-1-sc-space-cake-c4d2?deliveryTarget=cGhhcm1hY3k6fDpkYjVkNDYzZi1lMjIyLTRiNWQtOTdmMy0wMzI2MmRjODEzNDc%3D#reviews
Cannabisapo24,86150,Augsburg,Polar Cookies,Cannamedical Sativa Ultra NM,Hybrid Sativa Dominant,29.7%,<1%,"7,98 €/g",Auf Lager,https://greenmedical.health/de/cannabis/flower/cannamedical-sativa-ultra-nm-polar-cookies-fa5c?deliveryTarget=cGhhcm1hY3k6fDpkYjVkNDYzZi1lMjIyLTRiNWQtOTdmMy0wMzI2MmRjODEzNDc%3D#reviews
Cannabisapo24,86150,Augsburg,Amnesia Haze Cake,AVAAY 32/1 AHC,Hybrid Sativa Dominant,32%,1%,"10,47 €/g",Auf Lager,https://greenmedical.health/de/cannabis/flower/avaay_32_1_ahc-amnesia_haze_cake?deliveryTarget=cGhhcm1hY3k6fDpkYjVkNDYzZi1lMjIyLTRiNWQtOTdmMy0wMzI2MmRjODEzNDc%3D#reviews
Cannabisapo24,86150,Augsburg,Chemango Kush,Pedanios 28/1 CMK-CA,Hybrid Indica Dominant,28%,1%,"6,66 €/g",Auf Lager,https://greenmedical.health/de/cannabis/flower/pedanios_28_1_cmk_ca-chemango_kush?deliveryTarget=cGhhcm1hY3k6fDpkYjVkNDYzZi1lMjIyLTRiNWQtOTdmMy0wMzI2MmRjODEzNDc%3D#reviews
Cannabisapo24,86150,Augsburg,Ultra Limelight,30/1 Amici UL,Sativa,30%,1%,"8,48 €/g",Auf Lager,https://greenmedical.health/de/cannabis/flower/30_1_amici_ul-ultra_limelight?deliveryTarget=cGhhcm1hY3k6fDpkYjVkNDYzZi1lMjIyLTRiNWQtOTdmMy0wMzI2MmRjODEzNDc%3D#reviews
Cannabisapo24,86150,Augsburg,Blue Lobster,Vasco x Cipher BL,Hybrid Indica Dominant,23.4%,<1%,"9,73 €/g",Auf Lager,https://greenmedical.health/de/cannabis/flower/vasco_x_cipher_bl-blue_lobster?deliveryTarget=cGhhcm1hY3k6fDpkYjVkNDYzZi1lMjIyLTRiNWQtOTdmMy0wMzI2MmRjODEzNDc%3D#reviews
Cannabisapo24,86150,Augsburg,Gastro Pop,420 Compound 33/1 GAP,Hybrid Indica Dominant,33%,<1%,"8,89 €/g",Auf Lager,https://greenmedical.health/de/cannabis/flower/420_compound_33_1_gap-gastro_pop?deliveryTarget=cGhhcm1hY3k6fDpkYjVkNDYzZi1lMjIyLTRiNWQtOTdmMy0wMzI2MmRjODEzNDc%3D#reviews
Cannabisapo24,86150,Augsburg,Sun Lemon Diesel,ZOIKS 22/1 SLD,Hybrid,22%,1%,"4,99 €/g",Auf Lager,https://greenmedical.health/de/cannabis/flower/zoiks_22_1_sld-sun_lemon_diesel?deliveryTarget=cGhhcm1hY3k6fDpkYjVkNDYzZi1lMjIyLTRiNWQtOTdmMy0wMzI2MmRjODEzNDc%3D#reviews
Cannabisapo24,86150,Augsburg,Ice Cream Cake x Kush Mints,420 Evolution 30/1 CA ICC,Hybrid,29.18%,<1%,"8,45 €/g",Auf Lager,https://greenmedical.health/de/cannabis/flower/420-evolution-30-1-ca-icc-icecream-cake-kush-mints?deliveryTarget=cGhhcm1hY3k6fDpkYjVkNDYzZi1lMjIyLTRiNWQtOTdmMy0wMzI2MmRjODEzNDc%3D#reviews
Cannabisapo24,86150,Augsburg,Georgia Pie,N!CE 26/1 GP,Hybrid,26%,1%,"5,82 €/g",Auf Lager,https://greenmedical.health/de/cannabis/flower/n_ce_26_1_gp-georgia_pie?deliveryTarget=cGhhcm1hY3k6fDpkYjVkNDYzZi1lMjIyLTRiNWQtOTdmMy0wMzI2MmRjODEzNDc%3D#reviews
Cannabisapo24,86150,Augsburg,Pink Diesel,Pedanios 31/1 PND-CA,Hybrid Indica Dominant,31%,<1%,"7,98 €/g",Auf Lager,https://greenmedical.health/de/cannabis/flower/pedanios_31_1_pnd_ca-pink_diesel?deliveryTarget=cGhhcm1hY3k6fDpkYjVkNDYzZi1lMjIyLTRiNWQtOTdmMy0wMzI2MmRjODEzNDc%3D#reviews
Cannabisapo24,86150,Augsburg,Peechy Keen,Demecan CRAFT Luna 31:1,Hybrid Indica Dominant,30.1%,<1%,"8,33 €/g",Auf Lager,https://greenmedical.health/de/cannabis/flower/demecan_craft_luna_31_1-peechy_keen?deliveryTarget=cGhhcm1hY3k6fDpkYjVkNDYzZi1lMjIyLTRiNWQtOTdmMy0wMzI2MmRjODEzNDc%3D#reviews
Cannabisapo24,86150,Augsburg,Lemon Cookies,Cannamedical Hybrid Ultra BC,Hybrid,28%,<1%,"5,89 €/g",Auf Lager,https://greenmedical.health/de/cannabis/flower/cannamedical_hybrid_ultra_bc-lemon_cookies?deliveryTarget=cGhhcm1hY3k6fDpkYjVkNDYzZi1lMjIyLTRiNWQtOTdmMy0wMzI2MmRjODEzNDc%3D#reviews
Cannabisapo24,86150,Augsburg,Point Breeze,AVAAY Khalifa 28/1 PB,Hybrid Indica Dominant,28%,1%,"8,92 €/g",Auf Lager,https://greenmedical.health/de/cannabis/flower/avaay_khalifa_28_1_pb-point_breeze?deliveryTarget=cGhhcm1hY3k6fDpkYjVkNDYzZi1lMjIyLTRiNWQtOTdmMy0wMzI2MmRjODEzNDc%3D#reviews
Cannabisapo24,86150,Augsburg,Gossip Gun,Avaay Signature 31/1 GOG,Hybrid Indica Dominant,31%,1%,"6,59 €/g",Auf Lager,https://greenmedical.health/de/cannabis/flower/avaay_signature_31_1_gog-gossip_gun?deliveryTarget=cGhhcm1hY3k6fDpkYjVkNDYzZi1lMjIyLTRiNWQtOTdmMy0wMzI2MmRjODEzNDc%3D#reviews
Cannabisapo24,86150,Augsburg,Midnight Lotus,Cannamedical CRAFT 28/1 Lotus,Hybrid,25.2%,1%,"8,33 €/g",Auf Lager,https://greenmedical.health/de/cannabis/flower/cannamedical_craft_28_1_lotus-pucker_up?deliveryTarget=cGhhcm1hY3k6fDpkYjVkNDYzZi1lMjIyLTRiNWQtOTdmMy0wMzI2MmRjODEzNDc%3D#reviews
Cannabisapo24,86150,Augsburg,Deep Space x Black Velvet,Casper’s No. 3 Space Velvet 26/1,Hybrid Indica Dominant,26%,1%,"8,33 €/g",Auf Lager,https://greenmedical.health/de/cannabis/flower/casper_s_no_3_space_velvet_26_1-deep_space_x_black_velvet?deliveryTarget=cGhhcm1hY3k6fDpkYjVkNDYzZi1lMjIyLTRiNWQtOTdmMy0wMzI2MmRjODEzNDc%3D#reviews
Cannabisapo24,86150,Augsburg,Jet Fuel Gelato,enua 30/1 PS3 JFG CA,Hybrid,30%,1%,"5,59 €/g",Auf Lager,https://greenmedical.health/de/cannabis/flower/enua_30_1_ps3_jfg_ca-jet_fuel_gelato?deliveryTarget=cGhhcm1hY3k6fDpkYjVkNDYzZi1lMjIyLTRiNWQtOTdmMy0wMzI2MmRjODEzNDc%3D#reviews
Cannabisapo24,86150,Augsburg,Medellin,Origine Nature MED 32/1,Hybrid,32%,1%,"5,95 €/g",Auf Lager,https://greenmedical.health/de/cannabis/flower/origine_nature_med_32_1-medellin?deliveryTarget=cGhhcm1hY3k6fDpkYjVkNDYzZi1lMjIyLTRiNWQtOTdmMy0wMzI2MmRjODEzNDc%3D#reviews
Cannabisapo24,86150,Augsburg,Purps Crystal Breath,enua 33/1 PCB CA,Hybrid Indica Dominant,33%,1%,"5,97 €/g",Auf Lager,https://greenmedical.health/de/cannabis/flower/enua_33_1_pcb_ca-purps_crystal_breath?deliveryTarget=cGhhcm1hY3k6fDpkYjVkNDYzZi1lMjIyLTRiNWQtOTdmMy0wMzI2MmRjODEzNDc%3D#reviews
Cannabisapo24,86150,Augsburg,Lotus Punch,N!CE 25/1 LP,Hybrid Sativa Dominant,25%,1%,"5,22 €/g",Auf Lager,https://greenmedical.health/de/cannabis/flower/n_ce_25_1_lp-lotus_punch?deliveryTarget=cGhhcm1hY3k6fDpkYjVkNDYzZi1lMjIyLTRiNWQtOTdmMy0wMzI2MmRjODEzNDc%3D#reviews
Cannabisapo24,86150,Augsburg,Strawberry Cake,N!CE 24/1 SWC,Hybrid Indica Dominant,24%,1%,"4,63 €/g",Auf Lager,https://greenmedical.health/de/cannabis/flower/n_ce_24_1_swc-strawberry_cake?deliveryTarget=cGhhcm1hY3k6fDpkYjVkNDYzZi1lMjIyLTRiNWQtOTdmMy0wMzI2MmRjODEzNDc%3D#reviews
Cannabisapo24,86150,Augsburg,Blueberry Redbull,Casper’s No. 5 Blueberry Redbull 23/1,Hybrid Indica Dominant,23%,1%,"6,87 €/g",Auf Lager,https://greenmedical.health/de/cannabis/flower/casper_s_no_5_blueberry_redbull_23_1-blueberry_redbull?deliveryTarget=cGhhcm1hY3k6fDpkYjVkNDYzZi1lMjIyLTRiNWQtOTdmMy0wMzI2MmRjODEzNDc%3D#reviews
Cannabisapo24,86150,Augsburg,Alien Mints,Huala 30/1 CA ALM,Hybrid Indica Dominant,30%,1%,"5,24 €/g",NEU,https://greenmedical.health/de/cannabis/flower/huala_30_1_ca_alm-alien_mints?deliveryTarget=cGhhcm1hY3k6fDpkYjVkNDYzZi1lMjIyLTRiNWQtOTdmMy0wMzI2MmRjODEzNDc%3D#reviews
Cannabisapo24,86150,Augsburg,Permanent Marker,Bathera 28/1,Hybrid Sativa Dominant,28%,1%,"7,74 €/g",Auf Lager,https://greenmedical.health/de/cannabis/flower/bathera_28_1-permanent_marker?deliveryTarget=cGhhcm1hY3k6fDpkYjVkNDYzZi1lMjIyLTRiNWQtOTdmMy0wMzI2MmRjODEzNDc%3D#reviews
Cannabisapo24,86150,Augsburg,Wedding Cake,27/1 Amici WC,Hybrid,27%,<1%,"5,94 €/g",Auf Lager,https://greenmedical.health/de/cannabis/flower/27-1-amici-wc-wedding-cake-c823?deliveryTarget=cGhhcm1hY3k6fDpkYjVkNDYzZi1lMjIyLTRiNWQtOTdmMy0wMzI2MmRjODEzNDc%3D#reviews
Cannabisapo24,86150,Augsburg,Top Mints Cake,DrWatson 26 TMC AUS,Hybrid,26%,1%,"4,96 €/g",Auf Lager,https://greenmedical.health/de/cannabis/flower/drwatson_26_tmc_aus-top_mints_cake?deliveryTarget=cGhhcm1hY3k6fDpkYjVkNDYzZi1lMjIyLTRiNWQtOTdmMy0wMzI2MmRjODEzNDc%3D#reviews
Cannabisapo24,86150,Augsburg,Lemon Kush,N!CE 30/1 LK,Hybrid Sativa Dominant,30%,1%,"5,94 €/g",Auf Lager,https://greenmedical.health/de/cannabis/flower/n_ce_30_1_lk-lemon_kush?deliveryTarget=cGhhcm1hY3k6fDpkYjVkNDYzZi1lMjIyLTRiNWQtOTdmMy0wMzI2MmRjODEzNDc%3D#reviews
Cannabisapo24,86150,Augsburg,Siggis Zitronenblüte,Siggis ZBLT 24:01,Hybrid Indica Dominant,24%,1%,"7,72 €/g",Auf Lager,https://greenmedical.health/de/cannabis/flower/siggis_zblt_24_01-siggis_zitronenbluete?deliveryTarget=cGhhcm1hY3k6fDpkYjVkNDYzZi1lMjIyLTRiNWQtOTdmMy0wMzI2MmRjODEzNDc%3D#reviews
Cannabisapo24,86150,Augsburg,Sky Berry Kush,Cannamedical Indica Forte DK,Hybrid Indica Dominant,24%,1%,"5,71 €/g",Auf Lager,https://greenmedical.health/de/cannabis/flower/cannamedical_indica_forte_dk-sky_berry_kush?deliveryTarget=cGhhcm1hY3k6fDpkYjVkNDYzZi1lMjIyLTRiNWQtOTdmMy0wMzI2MmRjODEzNDc%3D#reviews
Cannabisapo24,86150,Augsburg,Ozark,N!CE 33/1 OZK,Hybrid Sativa Dominant,33%,1%,"7,25 €/g",Auf Lager,https://greenmedical.health/de/cannabis/flower/n_ce_33_1_ozk-ozark?deliveryTarget=cGhhcm1hY3k6fDpkYjVkNDYzZi1lMjIyLTRiNWQtOTdmMy0wMzI2MmRjODEzNDc%3D#reviews
Cannabisapo24,86150,Augsburg,Tropicana Cookies,420 Natural 16/1 CA TRP,Hybrid,15%,<1%,"5,99 €/g",Auf Lager,https://greenmedical.health/de/cannabis/flower/420_natural_16_1_ca_trp-tropicana_cookies?deliveryTarget=cGhhcm1hY3k6fDpkYjVkNDYzZi1lMjIyLTRiNWQtOTdmMy0wMzI2MmRjODEzNDc%3D#reviews
Cannabisapo24,86150,Augsburg,Lemoncello,Weeco LMC 33/1 DK,Hybrid,33%,1%,"5,36 €/g",NEU,https://greenmedical.health/de/cannabis/flower/weeco_lmc_33_1_dk-lemoncello?deliveryTarget=cGhhcm1hY3k6fDpkYjVkNDYzZi1lMjIyLTRiNWQtOTdmMy0wMzI2MmRjODEzNDc%3D#reviews
Cannabisapo24,86150,Augsburg,Blueberry Yum Yum,AVAAY Signature 23/1 BYY,Hybrid Indica Dominant,23%,1%,"7,74 €/g",Auf Lager,https://greenmedical.health/de/cannabis/flower/avaay_signature_23_1_byy-blueberry_yum_yum?deliveryTarget=cGhhcm1hY3k6fDpkYjVkNDYzZi1lMjIyLTRiNWQtOTdmMy0wMzI2MmRjODEzNDc%3D#reviews
Cannabisapo24,86150,Augsburg,First Class Funk,Demecan CRAFT FCF 28:1,Hybrid Indica Dominant,28%,<1%,"6,99 €/g",Auf Lager,https://greenmedical.health/de/cannabis/flower/demecan_craft_fcf_28_01-first_class_funk?deliveryTarget=cGhhcm1hY3k6fDpkYjVkNDYzZi1lMjIyLTRiNWQtOTdmMy0wMzI2MmRjODEzNDc%3D#reviews
Cannabisapo24,86150,Augsburg,Mac’s Cookies,AVAAY 26/1 MCO,Hybrid,26%,1%,"5,95 €/g",Auf Lager,https://greenmedical.health/de/cannabis/flower/avaay_26_1_mco-mac_s_cookies?deliveryTarget=cGhhcm1hY3k6fDpkYjVkNDYzZi1lMjIyLTRiNWQtOTdmMy0wMzI2MmRjODEzNDc%3D#reviews
Cannabisapo24,86150,Augsburg,Afghan Bubba Kush,Cannamedical Hybrid Ultimate SF,Hybrid,33%,1%,"7,74 €/g",Auf Lager,https://greenmedical.health/de/cannabis/flower/cannamedical_hybrid_ultimate_sf-afghan_bubba_kush?deliveryTarget=cGhhcm1hY3k6fDpkYjVkNDYzZi1lMjIyLTRiNWQtOTdmMy0wMzI2MmRjODEzNDc%3D#reviews
Cannabisapo24,86150,Augsburg,Bubba Kush,Demecan Typ 1,Hybrid Indica Dominant,21%,<1%,"6,31 €/g",Auf Lager,https://greenmedical.health/de/cannabis/flower/typ-1-demecan-bubba-kush?deliveryTarget=cGhhcm1hY3k6fDpkYjVkNDYzZi1lMjIyLTRiNWQtOTdmMy0wMzI2MmRjODEzNDc%3D#reviews
Cannabisapo24,86150,Augsburg,Rainbow Pavé,Legend's RP 34/1,Hybrid Sativa Dominant,34%,1%,"6,97 €/g",NEU,https://greenmedical.health/de/cannabis/flower/legend_s_rp_34_1-rainbow_pav_?deliveryTarget=cGhhcm1hY3k6fDpkYjVkNDYzZi1lMjIyLTRiNWQtOTdmMy0wMzI2MmRjODEzNDc%3D#reviews
Cannabisapo24,86150,Augsburg,Miracle Alien Cookies (MAC),MAC 1+,Hybrid,25.8%,1%,"7,14 €/g",Auf Lager,https://greenmedical.health/de/cannabis/flower/mac_1_-miracle_alien_cookies?deliveryTarget=cGhhcm1hY3k6fDpkYjVkNDYzZi1lMjIyLTRiNWQtOTdmMy0wMzI2MmRjODEzNDc%3D#reviews
Cannabisapo24,86150,Augsburg,Gelato OG Kush,Demecan CRAFT Electron 31:1,Hybrid,31%,1%,"8,33 €/g",Auf Lager,https://greenmedical.health/de/cannabis/flower/demecan_craft_electron_31_1-gelato_og_kush?deliveryTarget=cGhhcm1hY3k6fDpkYjVkNDYzZi1lMjIyLTRiNWQtOTdmMy0wMzI2MmRjODEzNDc%3D#reviews
Cannabisapo24,86150,Augsburg,Guava Barz,N!CE 30/1 GBA,Hybrid Indica Dominant,30%,1%,"5,66 €/g",Auf Lager,https://greenmedical.health/de/cannabis/flower/n_ce_30_1_gba-guava_barz?deliveryTarget=cGhhcm1hY3k6fDpkYjVkNDYzZi1lMjIyLTRiNWQtOTdmMy0wMzI2MmRjODEzNDc%3D#reviews
Cannabisapo24,86150,Augsburg,Gelly Popper,enua 27/1 GPP CA,Hybrid Sativa Dominant,27%,<1%,"6,78 €/g",Auf Lager,https://greenmedical.health/de/cannabis/flower/enua_27_1_gpp_ca-gelly_popper?deliveryTarget=cGhhcm1hY3k6fDpkYjVkNDYzZi1lMjIyLTRiNWQtOTdmMy0wMzI2MmRjODEzNDc%3D#reviews
Cannabisapo24,86150,Augsburg,Purps Crystal Breath,enua 36/1 PCB CA,Hybrid Indica Dominant,36%,1%,"6,78 €/g",NEU,https://greenmedical.health/de/cannabis/flower/enua_36_1_pcb_ca-purps_crystal_breath?deliveryTarget=cGhhcm1hY3k6fDpkYjVkNDYzZi1lMjIyLTRiNWQtOTdmMy0wMzI2MmRjODEzNDc%3D#reviews
Cannabisapo24,86150,Augsburg,GMO Cookies,Peace Naturals 29/1 GC,Indica,29%,<1%,"5,95 €/g",Auf Lager,https://greenmedical.health/de/cannabis/flower/peace_naturals_29_1_gc-gmo_cookies?deliveryTarget=cGhhcm1hY3k6fDpkYjVkNDYzZi1lMjIyLTRiNWQtOTdmMy0wMzI2MmRjODEzNDc%3D#reviews
Cannabisapo24,86150,Augsburg,Apple Slapz,THC AKUT OHS 20 AS,Hybrid Indica Dominant,20%,1%,"4,28 €/g",NEU,https://greenmedical.health/de/cannabis/flower/thc_akut_ohs_20_as-apple_slapz?deliveryTarget=cGhhcm1hY3k6fDpkYjVkNDYzZi1lMjIyLTRiNWQtOTdmMy0wMzI2MmRjODEzNDc%3D#reviews
Cannabisapo24,86150,Augsburg,El Jefe,Cannamedical Indica forte El Jefe,Indica,24%,<1%,"9,98 €/g",Auf Lager,https://greenmedical.health/de/cannabis/flower/cannamedical-indica-forte-el-jefe-el-jefe?deliveryTarget=cGhhcm1hY3k6fDpkYjVkNDYzZi1lMjIyLTRiNWQtOTdmMy0wMzI2MmRjODEzNDc%3D#reviews
Cannabisapo24,86150,Augsburg,98 Aloha White Widow x Trainwreck,Demecan CRAFT Aloha 31:1,Hybrid Sativa Dominant,31%,1%,"8,33 €/g",Auf Lager,https://greenmedical.health/de/cannabis/flower/demecan_craft_aloha_31_1-98_aloha_white_widow_x_trainwreck?deliveryTarget=cGhhcm1hY3k6fDpkYjVkNDYzZi1lMjIyLTRiNWQtOTdmMy0wMzI2MmRjODEzNDc%3D#reviews
Cannabisapo24,86150,Augsburg,Modified Gas,Green Karat MG 29/1,Hybrid,29%,1%,"6,78 €/g",Auf Lager,https://greenmedical.health/de/cannabis/flower/green_karat_mg_29_1-modified_gas?deliveryTarget=cGhhcm1hY3k6fDpkYjVkNDYzZi1lMjIyLTRiNWQtOTdmMy0wMzI2MmRjODEzNDc%3D#reviews
Cannabisapo24,86150,Augsburg,Pink Slurricane,High Greens PS 30/1,Hybrid Indica Dominant,30%,1%,"5,97 €/g",NEU,https://greenmedical.health/de/cannabis/flower/high_green_ps_30_1-pink_slurricane?deliveryTarget=cGhhcm1hY3k6fDpkYjVkNDYzZi1lMjIyLTRiNWQtOTdmMy0wMzI2MmRjODEzNDc%3D#reviews
Cannabisapo24,86150,Augsburg,Lotus Punch,N!CE 33/1 LP,Hybrid Sativa Dominant,33%,1%,"6,28 €/g",NEU,https://greenmedical.health/de/cannabis/flower/n_ce_33_1_lp-lotus_punch?deliveryTarget=cGhhcm1hY3k6fDpkYjVkNDYzZi1lMjIyLTRiNWQtOTdmMy0wMzI2MmRjODEzNDc%3D#reviews
Cannabisapo24,86150,Augsburg,Jungl' Cake,Remexian 33/1 MTL JUC,Hybrid Sativa Dominant,33%,<1%,"7,13 €/g",Auf Lager,https://greenmedical.health/de/cannabis/flower/remexian_33_1_mtl_juc-jungl_cake?deliveryTarget=cGhhcm1hY3k6fDpkYjVkNDYzZi1lMjIyLTRiNWQtOTdmMy0wMzI2MmRjODEzNDc%3D#reviews
Cannabisapo24,86150,Augsburg,Cereal Milk,Bathera 28/1 CM,Hybrid,28%,1%,"5,95 €/g",Auf Lager,https://greenmedical.health/de/cannabis/flower/bathera_28_1_cm-cereal_milk?deliveryTarget=cGhhcm1hY3k6fDpkYjVkNDYzZi1lMjIyLTRiNWQtOTdmMy0wMzI2MmRjODEzNDc%3D#reviews
Cannabisapo24,86150,Augsburg,Amsterdam Amnesia,Cannamedical Sativa Forte NM,Sativa,24%,<1%,"9,52 €/g",Auf Lager,https://greenmedical.health/de/cannabis/flower/cannamedical_sativa_forte_nm-amsterdam_amnesia?deliveryTarget=cGhhcm1hY3k6fDpkYjVkNDYzZi1lMjIyLTRiNWQtOTdmMy0wMzI2MmRjODEzNDc%3D#reviews
Cannabisapo24,86150,Augsburg,Pavé X Gastro Pop,Demecan CRAFT Rocket 31:1,Hybrid,34%,<1%,"7,47 €/g",Auf Lager,https://greenmedical.health/de/cannabis/flower/demecan_craft_rocket_31_01-pav_x_gastro_pop?deliveryTarget=cGhhcm1hY3k6fDpkYjVkNDYzZi1lMjIyLTRiNWQtOTdmMy0wMzI2MmRjODEzNDc%3D#reviews
Cannabisapo24,86150,Augsburg,Orange Cake,LOT 420 OC,Hybrid Indica Dominant,26%,<1%,"8,92 €/g",Auf Lager,https://greenmedical.health/de/cannabis/flower/lot-420-oc-orange-cake?deliveryTarget=cGhhcm1hY3k6fDpkYjVkNDYzZi1lMjIyLTRiNWQtOTdmMy0wMzI2MmRjODEzNDc%3D#reviews
Cannabisapo24,86150,Augsburg,Wedding Cake,31/1 Amici WC,Hybrid,31%,1%,"6,28 €/g",Auf Lager,https://greenmedical.health/de/cannabis/flower/31_1_amici_wc-wedding_cake?deliveryTarget=cGhhcm1hY3k6fDpkYjVkNDYzZi1lMjIyLTRiNWQtOTdmMy0wMzI2MmRjODEzNDc%3D#reviews
Cannabisapo24,86150,Augsburg,Miracle Alien Mintz,enua 30/1 AT2 CA MAM,Hybrid,30%,1%,"5,83 €/g",Auf Lager,https://greenmedical.health/de/cannabis/flower/enua_30_1_at2_ca_mam-miracle_alien_mintz?deliveryTarget=cGhhcm1hY3k6fDpkYjVkNDYzZi1lMjIyLTRiNWQtOTdmMy0wMzI2MmRjODEzNDc%3D#reviews
Cannabisapo24,86150,Augsburg,Mac 1,N!CE 24/1 Mac 1,Hybrid Indica Dominant,24%,1%,"5,70 €/g",Auf Lager,https://greenmedical.health/de/cannabis/flower/n_ce_24_1_mac_1-mac_1?deliveryTarget=cGhhcm1hY3k6fDpkYjVkNDYzZi1lMjIyLTRiNWQtOTdmMy0wMzI2MmRjODEzNDc%3D#reviews
Cannabisapo24,86150,Augsburg,Orange Kush Cake,Remexian 30/1 JOI OKC,Hybrid,30%,1%,"5,94 €/g",Auf Lager,https://greenmedical.health/de/cannabis/flower/remexian_30_1_joi_okc-orange_kush_cake?deliveryTarget=cGhhcm1hY3k6fDpkYjVkNDYzZi1lMjIyLTRiNWQtOTdmMy0wMzI2MmRjODEzNDc%3D#reviews
Cannabisapo24,86150,Augsburg,Super Lemon Haze,30/1 Amici SLH,Hybrid Sativa Dominant,30%,1%,"6,53 €/g",NEU,https://greenmedical.health/de/cannabis/flower/30_1_amici_slh-super_lemon_haze?deliveryTarget=cGhhcm1hY3k6fDpkYjVkNDYzZi1lMjIyLTRiNWQtOTdmMy0wMzI2MmRjODEzNDc%3D#reviews
Cannabisapo24,86150,Augsburg,Sunset Berries,AVAAY 26/1 SB,Hybrid Sativa Dominant,26%,1%,"7,72 €/g",Auf Lager,https://greenmedical.health/de/cannabis/flower/avaay_26_1_sb-sunset_berries?deliveryTarget=cGhhcm1hY3k6fDpkYjVkNDYzZi1lMjIyLTRiNWQtOTdmMy0wMzI2MmRjODEzNDc%3D#reviews
Cannabisapo24,86150,Augsburg,Liberty Haze,Truth Holdings LH 29/1,Hybrid,29%,1%,"6,68 €/g",Auf Lager,https://greenmedical.health/de/cannabis/flower/truth_holdings_lh_29_1-liberty_haze?deliveryTarget=cGhhcm1hY3k6fDpkYjVkNDYzZi1lMjIyLTRiNWQtOTdmMy0wMzI2MmRjODEzNDc%3D#reviews
Cannabisapo24,86150,Augsburg,Glueberry OG,Wildlife 24 GB CAN,Hybrid,24%,1%,"4,76 €/g",Auf Lager,https://greenmedical.health/de/cannabis/flower/wildlife_24_gb_can-glueberry_og?deliveryTarget=cGhhcm1hY3k6fDpkYjVkNDYzZi1lMjIyLTRiNWQtOTdmMy0wMzI2MmRjODEzNDc%3D#reviews
Cannabisapo24,86150,Augsburg,Frosted Fruit Cake,420 Evolution 30/1 CA FFC,Hybrid Indica Dominant,30%,1%,"8,21 €/g",Auf Lager,https://greenmedical.health/de/cannabis/flower/420_evolution_30_1_ca_ffc-frosted_fruit_cake?deliveryTarget=cGhhcm1hY3k6fDpkYjVkNDYzZi1lMjIyLTRiNWQtOTdmMy0wMzI2MmRjODEzNDc%3D#reviews
Cannabisapo24,86150,Augsburg,Diablo’s Dream,Cresco RST 33/1,Hybrid Indica Dominant,33%,1%,"6,49 €/g",NEU,https://greenmedical.health/de/cannabis/flower/cresco_rst_33_1-diablo_s_dream?deliveryTarget=cGhhcm1hY3k6fDpkYjVkNDYzZi1lMjIyLTRiNWQtOTdmMy0wMzI2MmRjODEzNDc%3D#reviews
Cannabisapo24,86150,Augsburg,Power,Demecan Core Veloz 27:1,Hybrid,27%,1%,"6,54 €/g",Auf Lager,https://greenmedical.health/de/cannabis/flower/demecan_core_veloz_27_01-power?deliveryTarget=cGhhcm1hY3k6fDpkYjVkNDYzZi1lMjIyLTRiNWQtOTdmMy0wMzI2MmRjODEzNDc%3D#reviews
Cannabisapo24,86150,Augsburg,Snow Lotus,LIT 31/1 SNW,Hybrid Sativa Dominant,31%,1%,"5,34 €/g",Auf Lager,https://greenmedical.health/de/cannabis/flower/lit_31_1_snw-snow_lotus?deliveryTarget=cGhhcm1hY3k6fDpkYjVkNDYzZi1lMjIyLTRiNWQtOTdmMy0wMzI2MmRjODEzNDc%3D#reviews
Cannabisapo24,86150,Augsburg,OG Kush,Peace Naturals 31/1 OK,Hybrid Indica Dominant,31%,1%,"7,49 €/g",Auf Lager,https://greenmedical.health/de/cannabis/flower/peace_naturals_31_1_ok-og_kush?deliveryTarget=cGhhcm1hY3k6fDpkYjVkNDYzZi1lMjIyLTRiNWQtOTdmMy0wMzI2MmRjODEzNDc%3D#reviews
Cannabisapo24,86150,Augsburg,Sonic Lemon Fuel,Peace Naturals 33/1 SL,Sativa,33%,<1%,"6,90 €/g",Auf Lager,https://greenmedical.health/de/cannabis/flower/peace_naturals_33_1_sl-sonic_lemon_fuel?deliveryTarget=cGhhcm1hY3k6fDpkYjVkNDYzZi1lMjIyLTRiNWQtOTdmMy0wMzI2MmRjODEzNDc%3D#reviews
Cannabisapo24,86150,Augsburg,Poison Runtz,Casper’s No. 8 Poison Runtz 26/1,Hybrid Indica Dominant,26%,1%,"8,87 €/g",Auf Lager,https://greenmedical.health/de/cannabis/flower/casper_s_no_8_poison_runtz_26_1-pastors_poison_obama_runtz?deliveryTarget=cGhhcm1hY3k6fDpkYjVkNDYzZi1lMjIyLTRiNWQtOTdmMy0wMzI2MmRjODEzNDc%3D#reviews
Cannabisapo24,86150,Augsburg,Black Cherry Punch,enua 25/1 PS3 CA BCP,Hybrid Indica Dominant,25%,1%,"4,99 €/g",Auf Lager,https://greenmedical.health/de/cannabis/flower/enua_25_1_ps3_ca_bcp-black_cherry_punch?deliveryTarget=cGhhcm1hY3k6fDpkYjVkNDYzZi1lMjIyLTRiNWQtOTdmMy0wMzI2MmRjODEzNDc%3D#reviews
Cannabisapo24,86150,Augsburg,Minty Cookies,enua 30/1 PS3 CA MYC,Hybrid,30%,1%,"5,28 €/g",Auf Lager,https://greenmedical.health/de/cannabis/flower/enua_30_1_ps3_ca_myc-minty_cookies?deliveryTarget=cGhhcm1hY3k6fDpkYjVkNDYzZi1lMjIyLTRiNWQtOTdmMy0wMzI2MmRjODEzNDc%3D#reviews
Cannabisapo24,86150,Augsburg,Garlic Truffle,N!CE 31/1 GT,Hybrid Indica Dominant,31%,1%,"5,65 €/g",Auf Lager,https://greenmedical.health/de/cannabis/flower/n_ce_31_1_gt-garlic_truffle?deliveryTarget=cGhhcm1hY3k6fDpkYjVkNDYzZi1lMjIyLTRiNWQtOTdmMy0wMzI2MmRjODEzNDc%3D#reviews
Cannabisapo24,86150,Augsburg,Dante'z Inferno,Remexian 33/1 MTL DIN,Hybrid,33%,1%,"7,13 €/g",Auf Lager,https://greenmedical.health/de/cannabis/flower/remexian_33_1_mtl_din-dante_s_inferno?deliveryTarget=cGhhcm1hY3k6fDpkYjVkNDYzZi1lMjIyLTRiNWQtOTdmMy0wMzI2MmRjODEzNDc%3D#reviews
Cannabisapo24,86150,Augsburg,Animal Crackers,Wildlife 30 AC CAN,Hybrid Indica Dominant,30%,1%,"4,76 €/g",Auf Lager,https://greenmedical.health/de/cannabis/flower/wildlife_30_ac_can-animal_crackers?deliveryTarget=cGhhcm1hY3k6fDpkYjVkNDYzZi1lMjIyLTRiNWQtOTdmMy0wMzI2MmRjODEzNDc%3D#reviews
Cannabisapo24,86150,Augsburg,Bliss,Drapalin 28/1 Bliss,Hybrid Indica Dominant,28%,1%,"5,95 €/g",Auf Lager,https://greenmedical.health/de/cannabis/flower/drapalin_28_1_bliss-bliss?deliveryTarget=cGhhcm1hY3k6fDpkYjVkNDYzZi1lMjIyLTRiNWQtOTdmMy0wMzI2MmRjODEzNDc%3D#reviews
Cannabisapo24,86150,Augsburg,Cherry Mints,enua 27/1 CYM CA,Hybrid,27%,1%,"5,59 €/g",Auf Lager,https://greenmedical.health/de/cannabis/flower/enua_27_1_cym_ca-cherry_mints?deliveryTarget=cGhhcm1hY3k6fDpkYjVkNDYzZi1lMjIyLTRiNWQtOTdmMy0wMzI2MmRjODEzNDc%3D#reviews
Cannabisapo24,86150,Augsburg,Grape Yogurt,Remexian 27/1 GJY GRY,Hybrid,27%,1%,"5,58 €/g",NEU,https://greenmedical.health/de/cannabis/flower/remexian_27_1_gjy_gry-grape_yogurt?deliveryTarget=cGhhcm1hY3k6fDpkYjVkNDYzZi1lMjIyLTRiNWQtOTdmMy0wMzI2MmRjODEzNDc%3D#reviews
Cannabisapo24,86150,Augsburg,Liberty Haze,Remexian 27/1 GJY LIB,Hybrid Sativa Dominant,27%,1%,"5,58 €/g",NEU,https://greenmedical.health/de/cannabis/flower/remexian_27_1_gjy_lib-liberty_haze?deliveryTarget=cGhhcm1hY3k6fDpkYjVkNDYzZi1lMjIyLTRiNWQtOTdmMy0wMzI2MmRjODEzNDc%3D#reviews
Cannabisapo24,86150,Augsburg,Tropicake,auch genannt Tropical Cake,Hybrid Sativa Dominant,24%,1%,"6,19 €/g",Auf Lager,https://greenmedical.health/de/cannabis/flower/sinceritas_sativa_verum_24_1_tc-tropicake?deliveryTarget=cGhhcm1hY3k6fDpkYjVkNDYzZi1lMjIyLTRiNWQtOTdmMy0wMzI2MmRjODEzNDc%3D#reviews
Cannabisapo24,86150,Augsburg,Chapel of Love,Canify Cannabis flos 30/1 POR Ku.,Hybrid,31%,<1%,"5,95 €/g",Auf Lager,https://greenmedical.health/de/cannabis/flower/canify_cannabis_flos_30_1_por_ku_-chapel_of_love?deliveryTarget=cGhhcm1hY3k6fDpkYjVkNDYzZi1lMjIyLTRiNWQtOTdmMy0wMzI2MmRjODEzNDc%3D#reviews
Cannabisapo24,86150,Augsburg,Jack Black,Cresco RSE 27/1,Hybrid Sativa Dominant,27%,1%,"6,47 €/g",Auf Lager,https://greenmedical.health/de/cannabis/flower/cresco_rse_27_1-jack_black?deliveryTarget=cGhhcm1hY3k6fDpkYjVkNDYzZi1lMjIyLTRiNWQtOTdmMy0wMzI2MmRjODEzNDc%3D#reviews
Cannabisapo24,86150,Augsburg,Super Boof,gramz. 001 SB 25/1,Hybrid,25%,1%,"6,54 €/g",Auf Lager,https://greenmedical.health/de/cannabis/flower/gramz_001_sb_25_1-super_boof?deliveryTarget=cGhhcm1hY3k6fDpkYjVkNDYzZi1lMjIyLTRiNWQtOTdmMy0wMzI2MmRjODEzNDc%3D#reviews
Cannabisapo24,86150,Augsburg,Jack Herer,Remexian 21/1 TCG JCK,Hybrid Sativa Dominant,21%,1%,"4,87 €/g",NEU,https://greenmedical.health/de/cannabis/flower/remexian_21_1_tcg_jck-jack_herer?deliveryTarget=cGhhcm1hY3k6fDpkYjVkNDYzZi1lMjIyLTRiNWQtOTdmMy0wMzI2MmRjODEzNDc%3D#reviews
Cannabisapo24,86150,Augsburg,Cheat Code,Remexian 33/1 MTL CHC,Hybrid,33%,1%,"6,99 €/g",Auf Lager,https://greenmedical.health/de/cannabis/flower/remexian_33_1_mtl_chc-cheat_code?deliveryTarget=cGhhcm1hY3k6fDpkYjVkNDYzZi1lMjIyLTRiNWQtOTdmMy0wMzI2MmRjODEzNDc%3D#reviews
Cannabisapo24,86150,Augsburg,Pink Kush Mints,Wellford Peak CA PKM 33/1,Hybrid Indica Dominant,33%,1%,"5,83 €/g",Auf Lager,https://greenmedical.health/de/cannabis/flower/wellford_peak_ca_pkm_33_1-pink_kush_mints?deliveryTarget=cGhhcm1hY3k6fDpkYjVkNDYzZi1lMjIyLTRiNWQtOTdmMy0wMzI2MmRjODEzNDc%3D#reviews
Cannabisapo24,86150,Augsburg,Apples & Bananas,Bathera 28/1 AB,Hybrid,28%,1%,"7,19 €/g",Auf Lager,https://greenmedical.health/de/cannabis/flower/bathera_28_1_ab_apples_and_bananas-apples_bananas?deliveryTarget=cGhhcm1hY3k6fDpkYjVkNDYzZi1lMjIyLTRiNWQtOTdmMy0wMzI2MmRjODEzNDc%3D#reviews
Cannabisapo24,86150,Augsburg,Jelly Mints,Demecan Core JM7 31:1,Hybrid Indica Dominant,31%,1%,"6,72 €/g",Auf Lager,https://greenmedical.health/de/cannabis/flower/demecan_core_jm7_31_1-jelly_mints?deliveryTarget=cGhhcm1hY3k6fDpkYjVkNDYzZi1lMjIyLTRiNWQtOTdmMy0wMzI2MmRjODEzNDc%3D#reviews
Cannabisapo24,86150,Augsburg,Crispy Doughnut,enua 25/1 CDG CA,Hybrid Indica Dominant,25%,<1%,"5,47 €/g",Auf Lager,https://greenmedical.health/de/cannabis/flower/enua_25_1_cdg_ca-crispy_doughnut?deliveryTarget=cGhhcm1hY3k6fDpkYjVkNDYzZi1lMjIyLTRiNWQtOTdmMy0wMzI2MmRjODEzNDc%3D#reviews
Cannabisapo24,86150,Augsburg,Black Jelly,Pedanios 27/1 BLY-CA,Hybrid Sativa Dominant,27%,1%,"6,78 €/g",Auf Lager,https://greenmedical.health/de/cannabis/flower/pedanios_27_1_bly_ca-black_jelly?deliveryTarget=cGhhcm1hY3k6fDpkYjVkNDYzZi1lMjIyLTRiNWQtOTdmMy0wMzI2MmRjODEzNDc%3D#reviews
Cannabisapo24,86150,Augsburg,Lemon Razz,Remexian 33/1 MTL LRZ,Hybrid Sativa Dominant,33%,1%,"6,99 €/g",Auf Lager,https://greenmedical.health/de/cannabis/flower/remexian_33_1_mtl_lrz-lemon_razz?deliveryTarget=cGhhcm1hY3k6fDpkYjVkNDYzZi1lMjIyLTRiNWQtOTdmMy0wMzI2MmRjODEzNDc%3D#reviews
Cannabisapo24,86150,Augsburg,Jet Fuel Gelato,enua 27/1 PS3 JFG CA,Hybrid,27%,1%,"5,36 €/g",Auf Lager,https://greenmedical.health/de/cannabis/flower/enua_27_1_ps3_jfg_ca-jet_fuel_gelato?deliveryTarget=cGhhcm1hY3k6fDpkYjVkNDYzZi1lMjIyLTRiNWQtOTdmMy0wMzI2MmRjODEzNDc%3D#reviews
Cannabisapo24,86150,Augsburg,LA Baker,Eufloria 33/1 LBA,Hybrid Indica Dominant,33%,1%,"7,13 €/g",Auf Lager,https://greenmedical.health/de/cannabis/flower/eufloria_33_1_lba-la_baker?deliveryTarget=cGhhcm1hY3k6fDpkYjVkNDYzZi1lMjIyLTRiNWQtOTdmMy0wMzI2MmRjODEzNDc%3D#reviews
Cannabisapo24,86150,Augsburg,G Wagon,Remexian 33/1 VCC GWA,Indica,31.5%,<1%,"7,25 €/g",Auf Lager,https://greenmedical.health/de/cannabis/flower/remexian_33_1_vcc_gwa-g_wagon?deliveryTarget=cGhhcm1hY3k6fDpkYjVkNDYzZi1lMjIyLTRiNWQtOTdmMy0wMzI2MmRjODEzNDc%3D#reviews
Cannabisapo24,86150,Augsburg,Sour Cheat Code,Wildlife 32 CC CAN,Hybrid,32%,1%,"5,12 €/g",Auf Lager,https://greenmedical.health/de/cannabis/flower/wildlife_32_cc_can-sour_cheat_code?deliveryTarget=cGhhcm1hY3k6fDpkYjVkNDYzZi1lMjIyLTRiNWQtOTdmMy0wMzI2MmRjODEzNDc%3D#reviews
Cannabisapo24,86150,Augsburg,Strawberry Lemonade,Cannamedical Indica Light ZAF,Hybrid Indica Dominant,18%,1%,"4,52 €/g",Auf Lager,https://greenmedical.health/de/cannabis/flower/cannamedical_indica_light_zaf-strawberry_lemonade?deliveryTarget=cGhhcm1hY3k6fDpkYjVkNDYzZi1lMjIyLTRiNWQtOTdmMy0wMzI2MmRjODEzNDc%3D#reviews
Cannabisapo24,86150,Augsburg,Kush Mint,Canopy KMI 30/1,Hybrid Indica Dominant,30%,<1%,"5,78 €/g",Auf Lager,https://greenmedical.health/de/cannabis/flower/canopy_kmi_30_1-kush_mintz?deliveryTarget=cGhhcm1hY3k6fDpkYjVkNDYzZi1lMjIyLTRiNWQtOTdmMy0wMzI2MmRjODEzNDc%3D#reviews
Cannabisapo24,86150,Augsburg,Durban Gorilla,enua 27/1 DGB CA,Hybrid,27%,1%,"5,59 €/g",Auf Lager,https://greenmedical.health/de/cannabis/flower/enua_27_1_dgb_ca-durban_gorilla?deliveryTarget=cGhhcm1hY3k6fDpkYjVkNDYzZi1lMjIyLTRiNWQtOTdmMy0wMzI2MmRjODEzNDc%3D#reviews
Cannabisapo24,86150,Augsburg,Garlic Skittlez,Eufloria 30/1 GSZ,Hybrid,30%,1%,"6,53 €/g",Auf Lager,https://greenmedical.health/de/cannabis/flower/eufloria_30_1_gsz-garlic_skittlez?deliveryTarget=cGhhcm1hY3k6fDpkYjVkNDYzZi1lMjIyLTRiNWQtOTdmMy0wMzI2MmRjODEzNDc%3D#reviews
Cannabisapo24,86150,Augsburg,Funky Zkittlez,High Greens FZ 30/1,Hybrid Indica Dominant,30%,1%,"6,78 €/g",Auf Lager,https://greenmedical.health/de/cannabis/flower/high_greens_fz_30_1-funky_zkittlez?deliveryTarget=cGhhcm1hY3k6fDpkYjVkNDYzZi1lMjIyLTRiNWQtOTdmMy0wMzI2MmRjODEzNDc%3D#reviews
Cannabisapo24,86150,Augsburg,Ultra Jack,HiSociety 30/1 CAN UJA,Hybrid Sativa Dominant,30%,1%,"6,54 €/g",Auf Lager,https://greenmedical.health/de/cannabis/flower/hi_society_30_1_can_uja-ultra_jack?deliveryTarget=cGhhcm1hY3k6fDpkYjVkNDYzZi1lMjIyLTRiNWQtOTdmMy0wMzI2MmRjODEzNDc%3D#reviews
Cannabisapo24,86150,Augsburg,Neutronium,IUVO 28/1 OC,Hybrid,28%,1%,"7,49 €/g",Auf Lager,https://greenmedical.health/de/cannabis/flower/iuvo_28_1_oc-neutronium?deliveryTarget=cGhhcm1hY3k6fDpkYjVkNDYzZi1lMjIyLTRiNWQtOTdmMy0wMzI2MmRjODEzNDc%3D#reviews
Cannabisapo24,86150,Augsburg,Frosted Flakes,Remexian 30/1 MTL FRF,Hybrid Indica Dominant,30%,1%,"5,97 €/g",Auf Lager,https://greenmedical.health/de/cannabis/flower/remexian_30_1_mtl_frf-frosted_flakes?deliveryTarget=cGhhcm1hY3k6fDpkYjVkNDYzZi1lMjIyLTRiNWQtOTdmMy0wMzI2MmRjODEzNDc%3D#reviews
Cannabisapo24,86150,Augsburg,Spritzer,Soma OG 32/1 PF,Hybrid,32%,1%,"5,36 €/g",Auf Lager,https://greenmedical.health/de/cannabis/flower/soma_og_32_1_pf-spritzer?deliveryTarget=cGhhcm1hY3k6fDpkYjVkNDYzZi1lMjIyLTRiNWQtOTdmMy0wMzI2MmRjODEzNDc%3D#reviews
Cannabisapo24,86150,Augsburg,Cap Junky,Soma OG 34/1 PF,Hybrid Indica Dominant,34%,1%,"6,97 €/g",Auf Lager,https://greenmedical.health/de/cannabis/flower/soma_og_34_1_pf-cap_junky?deliveryTarget=cGhhcm1hY3k6fDpkYjVkNDYzZi1lMjIyLTRiNWQtOTdmMy0wMzI2MmRjODEzNDc%3D#reviews
Cannabisapo24,86150,Augsburg,Cookies Gelato Ya Hemi,29/1 Amici YHE,Hybrid Indica Dominant,29%,1%,"7,72 €/g",Auf Lager,https://greenmedical.health/de/cannabis/flower/29_1_amici_yhe-cookies_gelato_ya_hemi?deliveryTarget=cGhhcm1hY3k6fDpkYjVkNDYzZi1lMjIyLTRiNWQtOTdmMy0wMzI2MmRjODEzNDc%3D#reviews
Cannabisapo24,86150,Augsburg,Wedding Pop Triangle,Curaleaf Natural 30/1 PT WPT,Hybrid Sativa Dominant,30%,1%,"5,12 €/g",Auf Lager,https://greenmedical.health/de/cannabis/flower/curaleaf_natural_30_1_pt_wpt-wedding_pop_triangle?deliveryTarget=cGhhcm1hY3k6fDpkYjVkNDYzZi1lMjIyLTRiNWQtOTdmMy0wMzI2MmRjODEzNDc%3D#reviews
Cannabisapo24,86150,Augsburg,Dosi Bow,Luana 24/1 Driver,Hybrid Indica Dominant,24%,1%,"4,78 €/g",Auf Lager,https://greenmedical.health/de/cannabis/flower/luana_24_1_driver-dosi_bow?deliveryTarget=cGhhcm1hY3k6fDpkYjVkNDYzZi1lMjIyLTRiNWQtOTdmMy0wMzI2MmRjODEzNDc%3D#reviews
Cannabisapo24,86150,Augsburg,Loud Mouth,Tweed LMH 26/1,Hybrid,26%,1%,"4,49 €/g",Auf Lager,https://greenmedical.health/de/cannabis/flower/tweed_lmh_26_1-loud_mouth?deliveryTarget=cGhhcm1hY3k6fDpkYjVkNDYzZi1lMjIyLTRiNWQtOTdmMy0wMzI2MmRjODEzNDc%3D#reviews
Cannabisapo24,86150,Augsburg,Pink Kush,enua 27/1 PS3 PNK,Hybrid,24.5%,1%,"4,97 €/g",Auf Lager,https://greenmedical.health/de/cannabis/flower/enua_27_1_ps3_pnk-pink_kush?deliveryTarget=cGhhcm1hY3k6fDpkYjVkNDYzZi1lMjIyLTRiNWQtOTdmMy0wMzI2MmRjODEzNDc%3D#reviews
Cannabisapo24,86150,Augsburg,Rainbow Pavé,GhostDrops 30/1 CGD Rainbow Pave,Hybrid Sativa Dominant,30%,<1%,"6,49 €/g",Auf Lager,https://greenmedical.health/de/cannabis/flower/ghostdrops_30_1_cgd_rainbow_pave-rainbow_pav_?deliveryTarget=cGhhcm1hY3k6fDpkYjVkNDYzZi1lMjIyLTRiNWQtOTdmMy0wMzI2MmRjODEzNDc%3D#reviews
Cannabisapo24,86150,Augsburg,Do-Si-Dos,AVAAY 27/1 DID,Hybrid,27%,<1%,"7,49 €/g",Auf Lager,https://greenmedical.health/de/cannabis/flower/avaay_27_1_did-do_si_dos?deliveryTarget=cGhhcm1hY3k6fDpkYjVkNDYzZi1lMjIyLTRiNWQtOTdmMy0wMzI2MmRjODEzNDc%3D#reviews
Cannabisapo24,86150,Augsburg,Grapes and Cream,AVAAY 28/1 GNC,Hybrid Indica Dominant,28%,1%,"8,91 €/g",Auf Lager,https://greenmedical.health/de/cannabis/flower/avaay_28_1_gnc-grapes_and_cream?deliveryTarget=cGhhcm1hY3k6fDpkYjVkNDYzZi1lMjIyLTRiNWQtOTdmMy0wMzI2MmRjODEzNDc%3D#reviews
Cannabisapo24,86150,Augsburg,Birthday Cake,Buuo 30/1 BDC,Hybrid Indica Dominant,30%,1%,"5,34 €/g",NEU,https://greenmedical.health/de/cannabis/flower/buuo_30_1_bdc-birthday_cake?deliveryTarget=cGhhcm1hY3k6fDpkYjVkNDYzZi1lMjIyLTRiNWQtOTdmMy0wMzI2MmRjODEzNDc%3D#reviews
Cannabisapo24,86150,Augsburg,Purple Punch x Jungle Cake,Demecan CRAFT D-Jungle 31:1,Hybrid Indica Dominant,31%,1%,"6,94 €/g",Auf Lager,https://greenmedical.health/de/cannabis/flower/demecan_craft_d_jungle_31_01-purple_punch_x_jungle_cake?deliveryTarget=cGhhcm1hY3k6fDpkYjVkNDYzZi1lMjIyLTRiNWQtOTdmMy0wMzI2MmRjODEzNDc%3D#reviews
Cannabisapo24,86150,Augsburg,Cosmic Candy,Remexian 33/1 GJY CCA,Hybrid,33%,1%,"6,53 €/g",NEU,https://greenmedical.health/de/cannabis/flower/remexian_33_1_gjy_cca-cosmic_candy?deliveryTarget=cGhhcm1hY3k6fDpkYjVkNDYzZi1lMjIyLTRiNWQtOTdmMy0wMzI2MmRjODEzNDc%3D#reviews
Cannabisapo24,86150,Augsburg,Pablo's Revenge,Tweed PSR 30/1,Hybrid Indica Dominant,30%,1%,"5,69 €/g",Auf Lager,https://greenmedical.health/de/cannabis/flower/tweed_psr_30_1-pablo_s_revenge?deliveryTarget=cGhhcm1hY3k6fDpkYjVkNDYzZi1lMjIyLTRiNWQtOTdmMy0wMzI2MmRjODEzNDc%3D#reviews
Cannabisapo24,86150,Augsburg,Afina,Bedrocan Forte 25/1,Hybrid,25%,<1%,"8,57 €/g",Auf Lager,https://greenmedical.health/de/cannabis/flower/bedrocan_forte_25_1-afina?deliveryTarget=cGhhcm1hY3k6fDpkYjVkNDYzZi1lMjIyLTRiNWQtOTdmMy0wMzI2MmRjODEzNDc%3D#reviews
Cannabisapo24,86150,Augsburg,Strawberry OG,Cannamedical CM 28/1 BRY,Hybrid,29.6%,1%,"6,31 €/g",Auf Lager,https://greenmedical.health/de/cannabis/flower/cannamedical_cm_28_1_bry-strawberry_og?deliveryTarget=cGhhcm1hY3k6fDpkYjVkNDYzZi1lMjIyLTRiNWQtOTdmMy0wMzI2MmRjODEzNDc%3D#reviews
Cannabisapo24,86150,Augsburg,Green Delight,Cannamedical Indica Ultra AU,Hybrid Indica Dominant,28%,1%,"6,97 €/g",Auf Lager,https://greenmedical.health/de/cannabis/flower/cannamedical_indica_ultra_au-green_delight?deliveryTarget=cGhhcm1hY3k6fDpkYjVkNDYzZi1lMjIyLTRiNWQtOTdmMy0wMzI2MmRjODEzNDc%3D#reviews
Cannabisapo24,86150,Augsburg,Rainbow Pavé,Ceres RP 32/1,Hybrid,32%,1%,"7,85 €/g",Auf Lager,https://greenmedical.health/de/cannabis/flower/ceres_rp_32_1-rainbow_pav_?deliveryTarget=cGhhcm1hY3k6fDpkYjVkNDYzZi1lMjIyLTRiNWQtOTdmMy0wMzI2MmRjODEzNDc%3D#reviews
Cannabisapo24,86150,Augsburg,Grizzly Glue,Coyote Valley 24/1 GRG,Hybrid Indica Dominant,24%,1%,"4,28 €/g",NEU,https://greenmedical.health/de/cannabis/flower/coyote_valley_24_1_grg-grizzly_glue?deliveryTarget=cGhhcm1hY3k6fDpkYjVkNDYzZi1lMjIyLTRiNWQtOTdmMy0wMzI2MmRjODEzNDc%3D#reviews
Cannabisapo24,86150,Augsburg,Temptation,IUVO 24/1 OC,Hybrid,24%,<1%,"7,74 €/g",Auf Lager,https://greenmedical.health/de/cannabis/flower/iuvo_24_1_oc-temptation?deliveryTarget=cGhhcm1hY3k6fDpkYjVkNDYzZi1lMjIyLTRiNWQtOTdmMy0wMzI2MmRjODEzNDc%3D#reviews
Cannabisapo24,86150,Augsburg,Frozen Lemon Haze,Pedanios 25/1 FLH CA,Hybrid Sativa Dominant,25%,1%,"7,14 €/g",Auf Lager,https://greenmedical.health/de/cannabis/flower/pedanios_25_1_flh_ca-frozen_lemon_haze?deliveryTarget=cGhhcm1hY3k6fDpkYjVkNDYzZi1lMjIyLTRiNWQtOTdmMy0wMzI2MmRjODEzNDc%3D#reviews
Cannabisapo24,86150,Augsburg,Sherb Cream Pie,Remexian 15/1 KPS SCP,Hybrid,15%,1%,"3,92 €/g",NEU,https://greenmedical.health/de/cannabis/flower/remexian_15_1_kps_scp-sherb_cream_pie?deliveryTarget=cGhhcm1hY3k6fDpkYjVkNDYzZi1lMjIyLTRiNWQtOTdmMy0wMzI2MmRjODEzNDc%3D#reviews
Cannabisapo24,86150,Augsburg,Cosmic MAC,Sinceritas Sativa Auris 27/1 CM,Hybrid Sativa Dominant,27%,1%,"4,97 €/g",Auf Lager,https://greenmedical.health/de/cannabis/flower/sinceritas_sativa_auris_27_1_cm-cosmic_mac?deliveryTarget=cGhhcm1hY3k6fDpkYjVkNDYzZi1lMjIyLTRiNWQtOTdmMy0wMzI2MmRjODEzNDc%3D#reviews
Cannabisapo24,86150,Augsburg,MAC Deluxe,SUMO MDLX 27/1,Hybrid Indica Dominant,27%,<1%,"4,69 €/g",Auf Lager,https://greenmedical.health/de/cannabis/flower/sumo_mdlx_27_1-mac_deluxe?deliveryTarget=cGhhcm1hY3k6fDpkYjVkNDYzZi1lMjIyLTRiNWQtOTdmMy0wMzI2MmRjODEzNDc%3D#reviews
Cannabisapo24,86150,Augsburg,Dantez Inferno,Tweed DIO 30/1 Dante’s Inferno,Hybrid,30%,1%,"5,11 €/g",Auf Lager,https://greenmedical.health/de/cannabis/flower/tweed_dio_30_1_dante_s_inferno-dantez_inferno?deliveryTarget=cGhhcm1hY3k6fDpkYjVkNDYzZi1lMjIyLTRiNWQtOTdmMy0wMzI2MmRjODEzNDc%3D#reviews
Cannabisapo24,86150,Augsburg,Legendary Bozy,Wellford Aquaponic 29/1 LBO,Hybrid Indica Dominant,29%,<1%,"4,76 €/g",Auf Lager,https://greenmedical.health/de/cannabis/flower/wellford_aquaponic_29_1_lbo-legendary_bozy?deliveryTarget=cGhhcm1hY3k6fDpkYjVkNDYzZi1lMjIyLTRiNWQtOTdmMy0wMzI2MmRjODEzNDc%3D#reviews
Cannabisapo24,86150,Augsburg,Rainbow Milkshake Popstar,Buuo 24/1 RBM,Hybrid,24%,1%,"4,75 €/g",Auf Lager,https://greenmedical.health/de/cannabis/flower/buuo_24_1_rbm-rainbow_milkshake_popstar?deliveryTarget=cGhhcm1hY3k6fDpkYjVkNDYzZi1lMjIyLTRiNWQtOTdmMy0wMzI2MmRjODEzNDc%3D#reviews
Cannabisapo24,86150,Augsburg,Rainbow Cake,gramz. 002 RC 30/1,Hybrid,30%,1%,"6,97 €/g",Auf Lager,https://greenmedical.health/de/cannabis/flower/gramz_002_rc_30_1-rainbow_cake?deliveryTarget=cGhhcm1hY3k6fDpkYjVkNDYzZi1lMjIyLTRiNWQtOTdmMy0wMzI2MmRjODEzNDc%3D#reviews
Cannabisapo24,86150,Augsburg,Outdoor OG Kush,IMC OOG THC28,Hybrid Indica Dominant,28%,<1%,"4,97 €/g",Auf Lager,https://greenmedical.health/de/cannabis/flower/imc_oog_thc28-outdoor_og_kush?deliveryTarget=cGhhcm1hY3k6fDpkYjVkNDYzZi1lMjIyLTRiNWQtOTdmMy0wMzI2MmRjODEzNDc%3D#reviews
Cannabisapo24,86150,Augsburg,Strawberry OG,IMC THC27 T04,Indica,27%,<1%,"5,97 €/g",Auf Lager,https://greenmedical.health/de/cannabis/flower/imc_thc27_t04-strawberry_og?deliveryTarget=cGhhcm1hY3k6fDpkYjVkNDYzZi1lMjIyLTRiNWQtOTdmMy0wMzI2MmRjODEzNDc%3D#reviews
Cannabisapo24,86150,Augsburg,Space Cake,Peace Naturals 29/1 SC,Sativa,29%,1%,"5,97 €/g",Auf Lager,https://greenmedical.health/de/cannabis/flower/peace_naturals_29_1_sc-space_cake?deliveryTarget=cGhhcm1hY3k6fDpkYjVkNDYzZi1lMjIyLTRiNWQtOTdmMy0wMzI2MmRjODEzNDc%3D#reviews
Cannabisapo24,86150,Augsburg,Black Cherry Punch,Soma OG 30/1 BCP,Hybrid Indica Dominant,30%,1%,"4,86 €/g",Auf Lager,https://greenmedical.health/de/cannabis/flower/soma_og_30_1_bcp-black_cherry_punch?deliveryTarget=cGhhcm1hY3k6fDpkYjVkNDYzZi1lMjIyLTRiNWQtOTdmMy0wMzI2MmRjODEzNDc%3D#reviews
Cannabisapo24,86150,Augsburg,Platinum Pavé,420 Compound 30/1 CA PPE,Hybrid,30%,1%,"6,97 €/g",Auf Lager,https://greenmedical.health/de/cannabis/flower/420_compound_30_1_ca_ppe-platinum_pav_?deliveryTarget=cGhhcm1hY3k6fDpkYjVkNDYzZi1lMjIyLTRiNWQtOTdmMy0wMzI2MmRjODEzNDc%3D#reviews
Cannabisapo24,86150,Augsburg,Governmint Oasis,APEX GOA-PT-26,Hybrid Indica Dominant,26%,1%,"4,94 €/g",Auf Lager,https://greenmedical.health/de/cannabis/flower/apex_goa_pt_26-governmint_oasis?deliveryTarget=cGhhcm1hY3k6fDpkYjVkNDYzZi1lMjIyLTRiNWQtOTdmMy0wMzI2MmRjODEzNDc%3D#reviews
Cannabisapo24,86150,Augsburg,Permanent Marker,Bava Med 27/1 BLA-GA,Hybrid,27%,1%,"5,59 €/g",Auf Lager,https://greenmedical.health/de/cannabis/flower/bava_med_27_1_bla_ga-permanent_marker?deliveryTarget=cGhhcm1hY3k6fDpkYjVkNDYzZi1lMjIyLTRiNWQtOTdmMy0wMzI2MmRjODEzNDc%3D#reviews
Cannabisapo24,86150,Augsburg,AV Gas,Beyond Bloom AV Gas 24/1,Hybrid Indica Dominant,24%,1%,"5,36 €/g",Auf Lager,https://greenmedical.health/de/cannabis/flower/beyond_bloom_av_gas_24_1-av_gas?deliveryTarget=cGhhcm1hY3k6fDpkYjVkNDYzZi1lMjIyLTRiNWQtOTdmMy0wMzI2MmRjODEzNDc%3D#reviews
Cannabisapo24,86150,Augsburg,Banana Bonbon,Buuo 24/1 BBB,Hybrid,24%,1%,"4,75 €/g",Auf Lager,https://greenmedical.health/de/cannabis/flower/buuo_24_1_bbb-banana_bonbon?deliveryTarget=cGhhcm1hY3k6fDpkYjVkNDYzZi1lMjIyLTRiNWQtOTdmMy0wMzI2MmRjODEzNDc%3D#reviews
Cannabisapo24,86150,Augsburg,Hawaiian Rain,Cookies 2.0 Hawaiian Rain 28/1 CAN,Hybrid,28%,1%,"5,95 €/g",Auf Lager,https://greenmedical.health/de/cannabis/flower/cookies_2_0_hawaiian_rain_28_1_can-hawaiian_rain?deliveryTarget=cGhhcm1hY3k6fDpkYjVkNDYzZi1lMjIyLTRiNWQtOTdmMy0wMzI2MmRjODEzNDc%3D#reviews
Cannabisapo24,86150,Augsburg,Cap Junky,Legacy 33/1 NXN CJU,Hybrid,33%,1%,"5,85 €/g",Auf Lager,https://greenmedical.health/de/cannabis/flower/legacy_33_1_nxn_cju-cap_junky?deliveryTarget=cGhhcm1hY3k6fDpkYjVkNDYzZi1lMjIyLTRiNWQtOTdmMy0wMzI2MmRjODEzNDc%3D#reviews
Cannabisapo24,86150,Augsburg,Morning Sun,N!CE 32/1 MOS,Hybrid Indica Dominant,32%,1%,"5,75 €/g",Auf Lager,https://greenmedical.health/de/cannabis/flower/n_ce_32_1_mos-morning_sun?deliveryTarget=cGhhcm1hY3k6fDpkYjVkNDYzZi1lMjIyLTRiNWQtOTdmMy0wMzI2MmRjODEzNDc%3D#reviews
Cannabisapo24,86150,Augsburg,Frosted Flakes,Tweed FDF 30/1,Hybrid Indica Dominant,30%,1%,"5,69 €/g",Auf Lager,https://greenmedical.health/de/cannabis/flower/tweed_fdf_30_1-frosted_flakes?deliveryTarget=cGhhcm1hY3k6fDpkYjVkNDYzZi1lMjIyLTRiNWQtOTdmMy0wMzI2MmRjODEzNDc%3D#reviews
Cannabisapo24,86150,Augsburg,Blue Pavé,30/1 Amici BP,Hybrid Indica Dominant,30%,1%,"5,78 €/g",Auf Lager,https://greenmedical.health/de/cannabis/flower/30_1_amici_bp-blue_pav_?deliveryTarget=cGhhcm1hY3k6fDpkYjVkNDYzZi1lMjIyLTRiNWQtOTdmMy0wMzI2MmRjODEzNDc%3D#reviews
Cannabisapo24,86150,Augsburg,GMO Cookies,420 Evolution 33/1 CA,Indica,33%,<1%,"7,98 €/g",Auf Lager,https://greenmedical.health/de/cannabis/flower/420_evolution_33_1_ca-gmo_cookies?deliveryTarget=cGhhcm1hY3k6fDpkYjVkNDYzZi1lMjIyLTRiNWQtOTdmMy0wMzI2MmRjODEzNDc%3D#reviews
Cannabisapo24,86150,Augsburg,Jet Fuel Pie,AVAAY 34/1 JFP,Hybrid Indica Dominant,34%,1%,"6,97 €/g",Auf Lager,https://greenmedical.health/de/cannabis/flower/avaay_34_1_jfp-jet_fuel_pie?deliveryTarget=cGhhcm1hY3k6fDpkYjVkNDYzZi1lMjIyLTRiNWQtOTdmMy0wMzI2MmRjODEzNDc%3D#reviews
Cannabisapo24,86150,Augsburg,OZK x CC,Demecan Core 24:1,Hybrid Indica Dominant,23.9%,<1%,"6,78 €/g",Auf Lager,https://greenmedical.health/de/cannabis/flower/demecan_core_24_1-ozk_x_cc?deliveryTarget=cGhhcm1hY3k6fDpkYjVkNDYzZi1lMjIyLTRiNWQtOTdmMy0wMzI2MmRjODEzNDc%3D#reviews
Cannabisapo24,86150,Augsburg,First Class Funk,Demecan CRAFT FCF 30:1,Hybrid Indica Dominant,30%,1%,"8,33 €/g",Auf Lager,https://greenmedical.health/de/cannabis/flower/demecan_craft_fcf_30_1-first_class_funk?deliveryTarget=cGhhcm1hY3k6fDpkYjVkNDYzZi1lMjIyLTRiNWQtOTdmMy0wMzI2MmRjODEzNDc%3D#reviews
Cannabisapo24,86150,Augsburg,MAC Deluxe,Eufloria 30/1 MCD,Hybrid Indica Dominant,29.7%,<1%,"5,89 €/g",Auf Lager,https://greenmedical.health/de/cannabis/flower/eufloria_30_1_mcd-mac_deluxe?deliveryTarget=cGhhcm1hY3k6fDpkYjVkNDYzZi1lMjIyLTRiNWQtOTdmMy0wMzI2MmRjODEzNDc%3D#reviews
Cannabisapo24,86150,Augsburg,The Soap,MediproCan Frosty Peaks 28/1 SO,Hybrid Sativa Dominant,28%,1%,"5,39 €/g",Auf Lager,https://greenmedical.health/de/cannabis/flower/mediprocan_frosty_peaks_28_1-the_soap?deliveryTarget=cGhhcm1hY3k6fDpkYjVkNDYzZi1lMjIyLTRiNWQtOTdmMy0wMzI2MmRjODEzNDc%3D#reviews
Cannabisapo24,86150,Augsburg,Wedding Crasher,N!CE 33/1 WCR,Hybrid Indica Dominant,33%,1%,"6,24 €/g",Auf Lager,https://greenmedical.health/de/cannabis/flower/n_ce_33_1_wcr-wedding_crasher?deliveryTarget=cGhhcm1hY3k6fDpkYjVkNDYzZi1lMjIyLTRiNWQtOTdmMy0wMzI2MmRjODEzNDc%3D#reviews
Cannabisapo24,86150,Augsburg,Frosted Lemon Angel,Weeco 27/1 FLA,Hybrid,27%,1%,"5,41 €/g",Auf Lager,https://greenmedical.health/de/cannabis/flower/weeco_27_1_fla-frosted_lemon_angel?deliveryTarget=cGhhcm1hY3k6fDpkYjVkNDYzZi1lMjIyLTRiNWQtOTdmMy0wMzI2MmRjODEzNDc%3D#reviews
Cannabisapo24,86150,Augsburg,Sensi Double Kush,Wellford Aquaponic 24/1 SDK,Indica,24%,1%,"5,65 €/g",Auf Lager,https://greenmedical.health/de/cannabis/flower/wellford_aquaponic_24_1_sdk-sensi_double_kush?deliveryTarget=cGhhcm1hY3k6fDpkYjVkNDYzZi1lMjIyLTRiNWQtOTdmMy0wMzI2MmRjODEzNDc%3D#reviews
Cannabisapo24,86150,Augsburg,Garlic Skittlez,Cannabis flos 27/1 CGD,Hybrid Indica Dominant,27%,1%,"5,95 €/g",Auf Lager,https://greenmedical.health/de/cannabis/flower/cannabis_flos_27_1_cgd-garlic_z?deliveryTarget=cGhhcm1hY3k6fDpkYjVkNDYzZi1lMjIyLTRiNWQtOTdmMy0wMzI2MmRjODEzNDc%3D#reviews
Cannabisapo24,86150,Augsburg,Moonbow 112 IX,Demecan Core Moonbow 27:1,Hybrid,25%,1%,"6,43 €/g",Auf Lager,https://greenmedical.health/de/cannabis/flower/demecan_core_moonbow_27_1-moonbow_112_ix?deliveryTarget=cGhhcm1hY3k6fDpkYjVkNDYzZi1lMjIyLTRiNWQtOTdmMy0wMzI2MmRjODEzNDc%3D#reviews
Cannabisapo24,86150,Augsburg,Rainbow Pavé,DrWatson 26 RP AUS,Hybrid Sativa Dominant,26%,1%,"4,99 €/g",Auf Lager,https://greenmedical.health/de/cannabis/flower/drwatson_26_aus-rainbow_pav_?deliveryTarget=cGhhcm1hY3k6fDpkYjVkNDYzZi1lMjIyLTRiNWQtOTdmMy0wMzI2MmRjODEzNDc%3D#reviews
Cannabisapo24,86150,Augsburg,Strawberry Guava,Greenseal 33/1 SGU,Hybrid Indica Dominant,33%,1%,"6,27 €/g",NEU,https://greenmedical.health/de/cannabis/flower/greenseal_33_1_sgu-strawberry_guava?deliveryTarget=cGhhcm1hY3k6fDpkYjVkNDYzZi1lMjIyLTRiNWQtOTdmMy0wMzI2MmRjODEzNDc%3D#reviews
Cannabisapo24,86150,Augsburg,Ice Burn,IUVO 24/1 OC,Indica,24%,1%,"7,74 €/g",Auf Lager,https://greenmedical.health/de/cannabis/flower/iuvo_24_1_oc-ice_burn?deliveryTarget=cGhhcm1hY3k6fDpkYjVkNDYzZi1lMjIyLTRiNWQtOTdmMy0wMzI2MmRjODEzNDc%3D#reviews
Cannabisapo24,86150,Augsburg,Strawberry Cookies,Remexian 24/1 PRT SCK,Sativa,24%,<1%,"4,63 €/g",Auf Lager,https://greenmedical.health/de/cannabis/flower/remexian_24_1_prt_sck-strawberry_cookies?deliveryTarget=cGhhcm1hY3k6fDpkYjVkNDYzZi1lMjIyLTRiNWQtOTdmMy0wMzI2MmRjODEzNDc%3D#reviews
Cannabisapo24,86150,Augsburg,Sherb Fritter,THC AKUT OHS 25,Hybrid Indica Dominant,25%,1%,"4,76 €/g",Auf Lager,https://greenmedical.health/de/cannabis/flower/thc_akut_ohs_25-sherb_fritter?deliveryTarget=cGhhcm1hY3k6fDpkYjVkNDYzZi1lMjIyLTRiNWQtOTdmMy0wMzI2MmRjODEzNDc%3D#reviews
Cannabisapo24,86150,Augsburg,Carbon Fiber,22/1 Amici CF,Hybrid,22%,1%,"5,95 €/g",Auf Lager,https://greenmedical.health/de/cannabis/flower/22_1_amici_cf-carbon_fiber?deliveryTarget=cGhhcm1hY3k6fDpkYjVkNDYzZi1lMjIyLTRiNWQtOTdmMy0wMzI2MmRjODEzNDc%3D#reviews
Cannabisapo24,86150,Augsburg,Cereal Milk,26/1 Amici CM,Hybrid Indica Dominant,26%,1%,"5,70 €/g",NEU,https://greenmedical.health/de/cannabis/flower/26_1_amici_cm-cereal_milk?deliveryTarget=cGhhcm1hY3k6fDpkYjVkNDYzZi1lMjIyLTRiNWQtOTdmMy0wMzI2MmRjODEzNDc%3D#reviews
Cannabisapo24,86150,Augsburg,Hokuzai,aleph Red 27/1,Hybrid,28%,<1%,"7,26 €/g",Auf Lager,https://greenmedical.health/de/cannabis/flower/aleph_red_27_1-hokuzai?deliveryTarget=cGhhcm1hY3k6fDpkYjVkNDYzZi1lMjIyLTRiNWQtOTdmMy0wMzI2MmRjODEzNDc%3D#reviews
Cannabisapo24,86150,Augsburg,White Widow,AMP Classic 18/1,Hybrid,18%,<1%,"4,99 €/g",Auf Lager,https://greenmedical.health/de/cannabis/flower/amp-classic-18-1-white-widow?deliveryTarget=cGhhcm1hY3k6fDpkYjVkNDYzZi1lMjIyLTRiNWQtOTdmMy0wMzI2MmRjODEzNDc%3D#reviews
Cannabisapo24,86150,Augsburg,Karel's Haze,APEX KHZ-PT31,Hybrid Sativa Dominant,31%,1%,"6,78 €/g",Auf Lager,https://greenmedical.health/de/cannabis/flower/apex_khz_pt31-karel_s_haze?deliveryTarget=cGhhcm1hY3k6fDpkYjVkNDYzZi1lMjIyLTRiNWQtOTdmMy0wMzI2MmRjODEzNDc%3D#reviews
Cannabisapo24,86150,Augsburg,Balanced Caramel,Balancial PT S1,Hybrid,6%,8%,"5,39 €/g",Auf Lager,https://greenmedical.health/de/cannabis/flower/balancial_pt_s1-balanced_caramel?deliveryTarget=cGhhcm1hY3k6fDpkYjVkNDYzZi1lMjIyLTRiNWQtOTdmMy0wMzI2MmRjODEzNDc%3D#reviews
Cannabisapo24,86150,Augsburg,Cinderella Mintz,Buuo 30/1 CNM,Hybrid,30%,1%,"5,34 €/g",Auf Lager,https://greenmedical.health/de/cannabis/flower/buuo_30_1_cnm-cinderella_mintz?deliveryTarget=cGhhcm1hY3k6fDpkYjVkNDYzZi1lMjIyLTRiNWQtOTdmMy0wMzI2MmRjODEzNDc%3D#reviews
Cannabisapo24,86150,Augsburg,Rainbow Pavé,Ceres RP 29/1,Hybrid,29%,1%,"5,95 €/g",Auf Lager,https://greenmedical.health/de/cannabis/flower/ceres_rp_29_1-rainbow_pav_?deliveryTarget=cGhhcm1hY3k6fDpkYjVkNDYzZi1lMjIyLTRiNWQtOTdmMy0wMzI2MmRjODEzNDc%3D#reviews
Cannabisapo24,86150,Augsburg,Medellin,Cookies 26/1 MD,Indica,26%,1%,"5,45 €/g",Auf Lager,https://greenmedical.health/de/cannabis/flower/cookies_26_1_md-medellin?deliveryTarget=cGhhcm1hY3k6fDpkYjVkNDYzZi1lMjIyLTRiNWQtOTdmMy0wMzI2MmRjODEzNDc%3D#reviews
Cannabisapo24,86150,Augsburg,Gas Face,Demecan PG Epic Drop 30:1,Hybrid,30%,1%,"7,39 €/g",Auf Lager,https://greenmedical.health/de/cannabis/flower/demecan_pg_epic_drop_30_1-gas_face?deliveryTarget=cGhhcm1hY3k6fDpkYjVkNDYzZi1lMjIyLTRiNWQtOTdmMy0wMzI2MmRjODEzNDc%3D#reviews
Cannabisapo24,86150,Augsburg,Minty Cookies,enua 33/1 PS3 CA MYC,Hybrid,33%,1%,"5,97 €/g",Auf Lager,https://greenmedical.health/de/cannabis/flower/enua_33_1_ps3_ca_myc-minty_cookies?deliveryTarget=cGhhcm1hY3k6fDpkYjVkNDYzZi1lMjIyLTRiNWQtOTdmMy0wMzI2MmRjODEzNDc%3D#reviews
Cannabisapo24,86150,Augsburg,Cherry Mints,Luana 28/1 CM,Hybrid,28%,1%,"5,71 €/g",Auf Lager,https://greenmedical.health/de/cannabis/flower/luana_28_1_cm-cherry_mints?deliveryTarget=cGhhcm1hY3k6fDpkYjVkNDYzZi1lMjIyLTRiNWQtOTdmMy0wMzI2MmRjODEzNDc%3D#reviews
Cannabisapo24,86150,Augsburg,Citrus Spritz,Remexian 30/1 PGF CIS,Hybrid,30%,<1%,"4,76 €/g",Auf Lager,https://greenmedical.health/de/cannabis/flower/remexian_30_1_pgf_cis-citrus_spritz?deliveryTarget=cGhhcm1hY3k6fDpkYjVkNDYzZi1lMjIyLTRiNWQtOTdmMy0wMzI2MmRjODEzNDc%3D#reviews
Cannabisapo24,86150,Augsburg,Warlock CBD,Tilray THC10:CBD10 Warlock No.2,Hybrid,9.9%,9.2%,"13,09 €/g",Auf Lager,https://greenmedical.health/de/cannabis/flower/tilray-thc10-cbd10-no-2-warlock-cbd?deliveryTarget=cGhhcm1hY3k6fDpkYjVkNDYzZi1lMjIyLTRiNWQtOTdmMy0wMzI2MmRjODEzNDc%3D#reviews
Cannabisapo24,86150,Augsburg,Honey Biscotti,TREATZ HB 29/1,Hybrid Indica Dominant,29%,1%,"6,97 €/g",Auf Lager,https://greenmedical.health/de/cannabis/flower/treatz_hb_29_1-honey_biscotti?deliveryTarget=cGhhcm1hY3k6fDpkYjVkNDYzZi1lMjIyLTRiNWQtOTdmMy0wMzI2MmRjODEzNDc%3D#reviews
Cannabisapo24,86150,Augsburg,Amnesia Balanced DNF,aleph Water 5/13,Hybrid,5%,13%,"6,99 €/g",Auf Lager,https://greenmedical.health/de/cannabis/flower/aleph_water_5_13-amnesia_balanced_dnf?deliveryTarget=cGhhcm1hY3k6fDpkYjVkNDYzZi1lMjIyLTRiNWQtOTdmMy0wMzI2MmRjODEzNDc%3D#reviews
Cannabisapo24,86150,Augsburg,Boom Voyage,Buuo 23/1 BV,Hybrid Indica Dominant,23%,1%,"4,47 €/g",Auf Lager,https://greenmedical.health/de/cannabis/flower/buuo_23_1_bv-boom_voyage?deliveryTarget=cGhhcm1hY3k6fDpkYjVkNDYzZi1lMjIyLTRiNWQtOTdmMy0wMzI2MmRjODEzNDc%3D#reviews
Cannabisapo24,86150,Augsburg,Lemon Sorbet,Daily Special 21/1 LES,Hybrid,21%,1%,"5,24 €/g",NEU,https://greenmedical.health/de/cannabis/flower/daily_special_21_1_les-lemon_sorbet?deliveryTarget=cGhhcm1hY3k6fDpkYjVkNDYzZi1lMjIyLTRiNWQtOTdmMy0wMzI2MmRjODEzNDc%3D#reviews
Cannabisapo24,86150,Augsburg,El Gordo,Khiron ELG 33/1,Hybrid Indica Dominant,33%,<1%,"5,95 €/g",Auf Lager,https://greenmedical.health/de/cannabis/flower/khiron_elg_33_1-el_gordo?deliveryTarget=cGhhcm1hY3k6fDpkYjVkNDYzZi1lMjIyLTRiNWQtOTdmMy0wMzI2MmRjODEzNDc%3D#reviews
Cannabisapo24,86150,Augsburg,Tiger Cake,Khiron TC 30/1,Hybrid,30%,<1%,"6,54 €/g",Auf Lager,https://greenmedical.health/de/cannabis/flower/khiron_tc_30_1-tiger_cake?deliveryTarget=cGhhcm1hY3k6fDpkYjVkNDYzZi1lMjIyLTRiNWQtOTdmMy0wMzI2MmRjODEzNDc%3D#reviews
Cannabisapo24,86150,Augsburg,White Walker,N!CE 25/1 WW,Hybrid,25%,1%,"5,34 €/g",NEU,https://greenmedical.health/de/cannabis/flower/n_ce_25_1_ww-white_walker?deliveryTarget=cGhhcm1hY3k6fDpkYjVkNDYzZi1lMjIyLTRiNWQtOTdmMy0wMzI2MmRjODEzNDc%3D#reviews
Cannabisapo24,86150,Augsburg,High Octane 94,Remexian 33/1 BBR HOT,Hybrid Indica Dominant,33%,1%,"5,97 €/g",NEU,https://greenmedical.health/de/cannabis/flower/remexian_33_1_bbr_hot-high_octane_94?deliveryTarget=cGhhcm1hY3k6fDpkYjVkNDYzZi1lMjIyLTRiNWQtOTdmMy0wMzI2MmRjODEzNDc%3D#reviews
Cannabisapo24,86150,Augsburg,Scented Marker,420 Evolution 33/1 CA SCM,Hybrid Indica Dominant,33%,1%,"9,64 €/g",Auf Lager,https://greenmedical.health/de/cannabis/flower/420_evolution_33_1_ca_scm-scented_marker?deliveryTarget=cGhhcm1hY3k6fDpkYjVkNDYzZi1lMjIyLTRiNWQtOTdmMy0wMzI2MmRjODEzNDc%3D#reviews
Cannabisapo24,86150,Augsburg,Space Cake,AVAAY 31/1 SPC,Hybrid,31%,1%,"9,27 €/g",NEU,https://greenmedical.health/de/cannabis/flower/avaay_31_1_spc-space_cake?deliveryTarget=cGhhcm1hY3k6fDpkYjVkNDYzZi1lMjIyLTRiNWQtOTdmMy0wMzI2MmRjODEzNDc%3D#reviews
Cannabisapo24,86150,Augsburg,Jack Herer,Balancial 22/1 PT S1 JH,Hybrid,22%,1%,"4,76 €/g",Auf Lager,https://greenmedical.health/de/cannabis/flower/balancial_22_1_pt_s1_jh-jack_herer?deliveryTarget=cGhhcm1hY3k6fDpkYjVkNDYzZi1lMjIyLTRiNWQtOTdmMy0wMzI2MmRjODEzNDc%3D#reviews
Cannabisapo24,86150,Augsburg,Pinewood Kush,Coyote Valley 22/1 PWK,Hybrid,22%,1%,"3,97 €/g",NEU,https://greenmedical.health/de/cannabis/flower/coyote_valley_22_1_pwk-pinewood_kush?deliveryTarget=cGhhcm1hY3k6fDpkYjVkNDYzZi1lMjIyLTRiNWQtOTdmMy0wMzI2MmRjODEzNDc%3D#reviews
Cannabisapo24,86150,Augsburg,Splitter Jelato,enua 30/1 SJ CA,Hybrid Indica Dominant,30%,0.1%,"6,31 €/g",NEU,https://greenmedical.health/de/cannabis/flower/enua_30_1_sj_ca-splitter_jelato?deliveryTarget=cGhhcm1hY3k6fDpkYjVkNDYzZi1lMjIyLTRiNWQtOTdmMy0wMzI2MmRjODEzNDc%3D#reviews
Cannabisapo24,86150,Augsburg,Gelato x Orange Cake (GLOC),LOT 420 GLOC,Hybrid,28%,1%,"8,92 €/g",Auf Lager,https://greenmedical.health/de/cannabis/flower/lot_420_gloc-gelato_x_orange_cake_gloc_?deliveryTarget=cGhhcm1hY3k6fDpkYjVkNDYzZi1lMjIyLTRiNWQtOTdmMy0wMzI2MmRjODEzNDc%3D#reviews
Cannabisapo24,86150,Augsburg,8-Ball Kush,Materia 8BK 30/1,Hybrid Indica Dominant,30%,1%,"4,99 €/g",Auf Lager,https://greenmedical.health/de/cannabis/flower/materia_8bk_30_1-8_ball_kush?deliveryTarget=cGhhcm1hY3k6fDpkYjVkNDYzZi1lMjIyLTRiNWQtOTdmMy0wMzI2MmRjODEzNDc%3D#reviews
Cannabisapo24,86150,Augsburg,Tiger Cake,The BC Green TCK 30/1,Hybrid Indica Dominant,30%,<1%,"5,93 €/g",Auf Lager,https://greenmedical.health/de/cannabis/flower/the_bc_green_tck_30_1-tiger_cake?deliveryTarget=cGhhcm1hY3k6fDpkYjVkNDYzZi1lMjIyLTRiNWQtOTdmMy0wMzI2MmRjODEzNDc%3D#reviews
Cannabisapo24,86150,Augsburg,Humboldt Poundcake,Upstate 26/1 HP,Hybrid,26%,1%,"4,70 €/g",Auf Lager,https://greenmedical.health/de/cannabis/flower/upstate_26_1_hp-humboldt_poundcake?deliveryTarget=cGhhcm1hY3k6fDpkYjVkNDYzZi1lMjIyLTRiNWQtOTdmMy0wMzI2MmRjODEzNDc%3D#reviews
Cannabisapo24,86150,Augsburg,Hokuzai,aleph Red 30/1,Hybrid,30%,<1%,"7,53 €/g",Auf Lager,https://greenmedical.health/de/cannabis/flower/aleph_red_30_1-hokuzai?deliveryTarget=cGhhcm1hY3k6fDpkYjVkNDYzZi1lMjIyLTRiNWQtOTdmMy0wMzI2MmRjODEzNDc%3D#reviews
Cannabisapo24,86150,Augsburg,Heavy Eyes,Cookies 2.0 31/1 HE,Hybrid Indica Dominant,31%,1%,"8,91 €/g",Auf Lager,https://greenmedical.health/de/cannabis/flower/cookies_2_0_31_1-heavy_eyes?deliveryTarget=cGhhcm1hY3k6fDpkYjVkNDYzZi1lMjIyLTRiNWQtOTdmMy0wMzI2MmRjODEzNDc%3D#reviews
Cannabisapo24,86150,Augsburg,Afgan Bubba Kush,enua 33/1 ABK CA,Hybrid,33%,1%,"6,78 €/g",Auf Lager,https://greenmedical.health/de/cannabis/flower/enua_33_1_abk_ca-tropical_meltdown?deliveryTarget=cGhhcm1hY3k6fDpkYjVkNDYzZi1lMjIyLTRiNWQtOTdmMy0wMzI2MmRjODEzNDc%3D#reviews
Cannabisapo24,86150,Augsburg,Lemonatti,HiDealz 24/1 MS Smalls,Hybrid,24%,1%,"4,25 €/g",Auf Lager,https://greenmedical.health/de/cannabis/flower/hidealz_24_1_ms_smalls-lemonatti?deliveryTarget=cGhhcm1hY3k6fDpkYjVkNDYzZi1lMjIyLTRiNWQtOTdmMy0wMzI2MmRjODEzNDc%3D#reviews
Cannabisapo24,86150,Augsburg,Grape Hubba Bubba,Remexian 33/1 CIV GHB,Hybrid Indica Dominant,33%,1%,"6,53 €/g",NEU,https://greenmedical.health/de/cannabis/flower/remexian_33_1_civ_ghb-grape_hubba_bubba?deliveryTarget=cGhhcm1hY3k6fDpkYjVkNDYzZi1lMjIyLTRiNWQtOTdmMy0wMzI2MmRjODEzNDc%3D#reviews
Cannabisapo24,86150,Augsburg,Sticky Bomb Liberty City,Coyote Valley 16/1 SBLI,Hybrid Indica Dominant,16%,1%,"3,92 €/g",Auf Lager,https://greenmedical.health/de/cannabis/flower/coyote_valley_16_1_sbli-sticky_bomb_liberty_city?deliveryTarget=cGhhcm1hY3k6fDpkYjVkNDYzZi1lMjIyLTRiNWQtOTdmMy0wMzI2MmRjODEzNDc%3D#reviews
Cannabisapo24,86150,Augsburg,Pineapple Krush,Remexian 24/1 TCG,Hybrid,24%,1%,"4,51 €/g",Auf Lager,https://greenmedical.health/de/cannabis/flower/remexian_24_1_tcg-pineapple_krush?deliveryTarget=cGhhcm1hY3k6fDpkYjVkNDYzZi1lMjIyLTRiNWQtOTdmMy0wMzI2MmRjODEzNDc%3D#reviews
Cannabisapo24,86150,Augsburg,Tropical Cream Cake,Cannamedical Indica Light ZAF,Hybrid Indica Dominant,15%,1%,"5,24 €/g",Auf Lager,https://greenmedical.health/de/cannabis/flower/cannamedical_indica_light_zaf-tropical_cream_cake?deliveryTarget=cGhhcm1hY3k6fDpkYjVkNDYzZi1lMjIyLTRiNWQtOTdmMy0wMzI2MmRjODEzNDc%3D#reviews
Cannabisapo24,86150,Augsburg,Bubblegumz,Cookies 2.0 28/1,Hybrid,28%,1%,"8,56 €/g",Auf Lager,https://greenmedical.health/de/cannabis/flower/cookies_2_0_28_1-bubblegumz?deliveryTarget=cGhhcm1hY3k6fDpkYjVkNDYzZi1lMjIyLTRiNWQtOTdmMy0wMzI2MmRjODEzNDc%3D#reviews
Cannabisapo24,86150,Augsburg,Banana Runtz,CRQSH BNTZ 30/1,Hybrid Indica Dominant,30%,1%,"7,45 €/g",Auf Lager,https://greenmedical.health/de/cannabis/flower/crqsh_bntz_30_1-banana_runtz?deliveryTarget=cGhhcm1hY3k6fDpkYjVkNDYzZi1lMjIyLTRiNWQtOTdmMy0wMzI2MmRjODEzNDc%3D#reviews
Cannabisapo24,86150,Augsburg,Cush N Smoke,enua 30/1 CNS CA,Hybrid,30%,1%,"5,71 €/g",Auf Lager,https://greenmedical.health/de/cannabis/flower/enua_30_1_cns_ca-cush_n_smoke?deliveryTarget=cGhhcm1hY3k6fDpkYjVkNDYzZi1lMjIyLTRiNWQtOTdmMy0wMzI2MmRjODEzNDc%3D#reviews
Cannabisapo24,86150,Augsburg,Lilac Mandarin,Huala 25/1 UK LCM,Hybrid Indica Dominant,25%,1%,"4,88 €/g",Auf Lager,https://greenmedical.health/de/cannabis/flower/huala_25_1_uk_lcm-lilac_mandarin?deliveryTarget=cGhhcm1hY3k6fDpkYjVkNDYzZi1lMjIyLTRiNWQtOTdmMy0wMzI2MmRjODEzNDc%3D#reviews
Cannabisapo24,86150,Augsburg,Black Amber,BRIAH Cannabis 28/1 BKA,Hybrid,28%,1%,"5,43 €/g",Auf Lager,https://greenmedical.health/de/cannabis/flower/briah_cannabis_28_1_bka-black_amber?deliveryTarget=cGhhcm1hY3k6fDpkYjVkNDYzZi1lMjIyLTRiNWQtOTdmMy0wMzI2MmRjODEzNDc%3D#reviews
Cannabisapo24,86150,Augsburg,Mintwave,Cannamedical Indica Ultra SM,Hybrid Indica Dominant,28%,1%,"5,66 €/g",Auf Lager,https://greenmedical.health/de/cannabis/flower/cannamedical_indica_ultra_sm-mintwave?deliveryTarget=cGhhcm1hY3k6fDpkYjVkNDYzZi1lMjIyLTRiNWQtOTdmMy0wMzI2MmRjODEzNDc%3D#reviews
Cannabisapo24,86150,Augsburg,Gas Monkey,CRQSH GKY 30/1,Hybrid Indica Dominant,30%,1%,"6,99 €/g",Auf Lager,https://greenmedical.health/de/cannabis/flower/crqsh_gky_30_1-gas_monkey?deliveryTarget=cGhhcm1hY3k6fDpkYjVkNDYzZi1lMjIyLTRiNWQtOTdmMy0wMzI2MmRjODEzNDc%3D#reviews
Cannabisapo24,86150,Augsburg,El Gordo,Khiron ELG 30/1,Hybrid Indica Dominant,30%,1%,"7,97 €/g",Auf Lager,https://greenmedical.health/de/cannabis/flower/khiron_elg_30_1-el_gordo?deliveryTarget=cGhhcm1hY3k6fDpkYjVkNDYzZi1lMjIyLTRiNWQtOTdmMy0wMzI2MmRjODEzNDc%3D#reviews
Cannabisapo24,86150,Augsburg,Sugar Punch,Khiron SP 28/1,Hybrid,28%,<1%,"5,12 €/g",Auf Lager,https://greenmedical.health/de/cannabis/flower/khiron_sp_28_1-sugar_punch?deliveryTarget=cGhhcm1hY3k6fDpkYjVkNDYzZi1lMjIyLTRiNWQtOTdmMy0wMzI2MmRjODEzNDc%3D#reviews
Cannabisapo24,86150,Augsburg,Chem Cookies,Remexian 30/1 CHE,Hybrid Indica Dominant,31.5%,<1%,"5,19 €/g",Auf Lager,https://greenmedical.health/de/cannabis/flower/remexian_30_1_che-chem_cookies?deliveryTarget=cGhhcm1hY3k6fDpkYjVkNDYzZi1lMjIyLTRiNWQtOTdmMy0wMzI2MmRjODEzNDc%3D#reviews
Cannabisapo24,86150,Augsburg,Fight Club,Vertical 7 36/1 FCL,Hybrid,36%,1%,"8,48 €/g",NEU,https://greenmedical.health/de/cannabis/flower/vertical_7_36_1_fcl-fight_club?deliveryTarget=cGhhcm1hY3k6fDpkYjVkNDYzZi1lMjIyLTRiNWQtOTdmMy0wMzI2MmRjODEzNDc%3D#reviews
Cannabisapo24,86150,Augsburg,Mochellow,ZOIKS 22/1 MOC,Hybrid,22%,<1%,"4,57 €/g",Auf Lager,https://greenmedical.health/de/cannabis/flower/zoiks_22_1_moc-mochellow?deliveryTarget=cGhhcm1hY3k6fDpkYjVkNDYzZi1lMjIyLTRiNWQtOTdmMy0wMzI2MmRjODEzNDc%3D#reviews
Cannabisapo24,86150,Augsburg,Khalifa Kush,AVAAY Khalifa 32/1 KK,Hybrid,32%,1%,"9,97 €/g",Auf Lager,https://greenmedical.health/de/cannabis/flower/avaay_khalifa_32_1_kk-khalifa_kush?deliveryTarget=cGhhcm1hY3k6fDpkYjVkNDYzZi1lMjIyLTRiNWQtOTdmMy0wMzI2MmRjODEzNDc%3D#reviews
Cannabisapo24,86150,Augsburg,Gelat Skyfloater,Cannamedical Indica Forte DK 22/1,Hybrid Indica Dominant,22%,1%,"5,95 €/g",Auf Lager,https://greenmedical.health/de/cannabis/flower/cannamedical_indica_forte_dk_22_1-gelat_skyfloater?deliveryTarget=cGhhcm1hY3k6fDpkYjVkNDYzZi1lMjIyLTRiNWQtOTdmMy0wMzI2MmRjODEzNDc%3D#reviews
Cannabisapo24,86150,Augsburg,Blueberry Bananas,Cookies 2.0 26/1,Hybrid,26%,1%,"7,72 €/g",Auf Lager,https://greenmedical.health/de/cannabis/flower/cookies_2_0-blueberry_bananas?deliveryTarget=cGhhcm1hY3k6fDpkYjVkNDYzZi1lMjIyLTRiNWQtOTdmMy0wMzI2MmRjODEzNDc%3D#reviews
Cannabisapo24,86150,Augsburg,Splitter Jelato,enua 27/1 SJ CA,Hybrid Indica Dominant,27%,<1%,"5,71 €/g",Auf Lager,https://greenmedical.health/de/cannabis/flower/enua_27_1_sj_ca-splitter_jelato?deliveryTarget=cGhhcm1hY3k6fDpkYjVkNDYzZi1lMjIyLTRiNWQtOTdmMy0wMzI2MmRjODEzNDc%3D#reviews
Cannabisapo24,86150,Augsburg,GMO Chem Mintz,N!CE 32/1 CHM,Hybrid Indica Dominant,32%,1%,"5,71 €/g",Auf Lager,https://greenmedical.health/de/cannabis/flower/n_ce_32_1_chm-gmo_chem_mintz?deliveryTarget=cGhhcm1hY3k6fDpkYjVkNDYzZi1lMjIyLTRiNWQtOTdmMy0wMzI2MmRjODEzNDc%3D#reviews
Cannabisapo24,86150,Augsburg,Chemdawg,Remexian 33/1 TRF CHD,Hybrid,33%,1%,"4,76 €/g",Auf Lager,https://greenmedical.health/de/cannabis/flower/remexian_33_1_trf_chd-chemdog?deliveryTarget=cGhhcm1hY3k6fDpkYjVkNDYzZi1lMjIyLTRiNWQtOTdmMy0wMzI2MmRjODEzNDc%3D#reviews
Cannabisapo24,86150,Augsburg,Moonlight Nectar,ZOIKS 31/1 MN,Hybrid Indica Dominant,31%,1%,"5,82 €/g",NEU,https://greenmedical.health/de/cannabis/flower/zoiks_31_1_mn-moonlight_nectar?deliveryTarget=cGhhcm1hY3k6fDpkYjVkNDYzZi1lMjIyLTRiNWQtOTdmMy0wMzI2MmRjODEzNDc%3D#reviews
Cannabisapo24,86150,Augsburg,Atomic Sour Grapefruit,29/1 Amici AS,Indica,29%,1%,"6,77 €/g",Auf Lager,https://greenmedical.health/de/cannabis/flower/29_1_amici_as-atomic_sour_grapefruit?deliveryTarget=cGhhcm1hY3k6fDpkYjVkNDYzZi1lMjIyLTRiNWQtOTdmMy0wMzI2MmRjODEzNDc%3D#reviews
Cannabisapo24,86150,Augsburg,Mutant Tire Fire,APEX MTF 32/1,Hybrid Indica Dominant,32%,1%,"7,25 €/g",NEU,https://greenmedical.health/de/cannabis/flower/apex_mtf_32_1-kultivar_mutant_tire_fire?deliveryTarget=cGhhcm1hY3k6fDpkYjVkNDYzZi1lMjIyLTRiNWQtOTdmMy0wMzI2MmRjODEzNDc%3D#reviews
Cannabisapo24,86150,Augsburg,Lost Angel Afghan,BUUO 24/1 RP,Hybrid,24%,<1%,"4,47 €/g",Auf Lager,https://greenmedical.health/de/cannabis/flower/buuo_24_1_rp-lost_angel_afghan?deliveryTarget=cGhhcm1hY3k6fDpkYjVkNDYzZi1lMjIyLTRiNWQtOTdmMy0wMzI2MmRjODEzNDc%3D#reviews
Cannabisapo24,86150,Augsburg,-,Buuo 30/1 KBP Dragon Berry Kush,Hybrid Indica Dominant,30%,1%,"5,36 €/g",NEU,https://greenmedical.health/de/cannabis/flower/buuo_30_1_kbp_dragon_berry_kush-_?deliveryTarget=cGhhcm1hY3k6fDpkYjVkNDYzZi1lMjIyLTRiNWQtOTdmMy0wMzI2MmRjODEzNDc%3D#reviews
Cannabisapo24,86150,Augsburg,Marshmallows,Culture des Sommets 36/1 Mas,Hybrid,36%,1%,"8,48 €/g",NEU,https://greenmedical.health/de/cannabis/flower/culture_des_sommets_36_1_mas-marshmallows?deliveryTarget=cGhhcm1hY3k6fDpkYjVkNDYzZi1lMjIyLTRiNWQtOTdmMy0wMzI2MmRjODEzNDc%3D#reviews
Cannabisapo24,86150,Augsburg,Lemonatti,LOT 420 LEM PT,Hybrid,28%,<1%,"8,33 €/g",Auf Lager,https://greenmedical.health/de/cannabis/flower/lot_420_lem_pt-lemonatti?deliveryTarget=cGhhcm1hY3k6fDpkYjVkNDYzZi1lMjIyLTRiNWQtOTdmMy0wMzI2MmRjODEzNDc%3D#reviews
Cannabisapo24,86150,Augsburg,Black Triangle,MediproCan Polar Bear Punch 28/1 BT,Hybrid Indica Dominant,28%,1%,"4,78 €/g",Auf Lager,https://greenmedical.health/de/cannabis/flower/mediprocan_polar_bear_punch_28_1_bt_black_triangle-black_triangle?deliveryTarget=cGhhcm1hY3k6fDpkYjVkNDYzZi1lMjIyLTRiNWQtOTdmMy0wMzI2MmRjODEzNDc%3D#reviews
Cannabisapo24,86150,Augsburg,Frostiez,TREATZ FZ 25/1,Hybrid Sativa Dominant,25%,1%,"6,54 €/g",Auf Lager,https://greenmedical.health/de/cannabis/flower/treatz_fz_25_1-frostiez?deliveryTarget=cGhhcm1hY3k6fDpkYjVkNDYzZi1lMjIyLTRiNWQtOTdmMy0wMzI2MmRjODEzNDc%3D#reviews
Cannabisapo24,86150,Augsburg,FalconZ,V-LUE FaZ 30/1,Hybrid,30%,<1%,"4,99 €/g",Auf Lager,https://greenmedical.health/de/cannabis/flower/v_lue_faz_30_1-falconz?deliveryTarget=cGhhcm1hY3k6fDpkYjVkNDYzZi1lMjIyLTRiNWQtOTdmMy0wMzI2MmRjODEzNDc%3D#reviews
Cannabisapo24,86150,Augsburg,Governmint Oasis,auch bekannt als GMO x Gush Mints,Hybrid Indica Dominant,27%,1%,"6,99 €/g",Auf Lager,https://greenmedical.health/de/cannabis/flower/demecan_craft_emerald_27_1-governmint_oasis?deliveryTarget=cGhhcm1hY3k6fDpkYjVkNDYzZi1lMjIyLTRiNWQtOTdmMy0wMzI2MmRjODEzNDc%3D#reviews
Cannabisapo24,86150,Augsburg,Lemonade Haze,enua 30/1 LHZ CA,Hybrid Sativa Dominant,30%,1%,"6,31 €/g",Auf Lager,https://greenmedical.health/de/cannabis/flower/enua_30_1_lhz_ca-lemonade_haze?deliveryTarget=cGhhcm1hY3k6fDpkYjVkNDYzZi1lMjIyLTRiNWQtOTdmMy0wMzI2MmRjODEzNDc%3D#reviews
Cannabisapo24,86150,Augsburg,Chemdawg,Origine Nature CHEM 29/1,Hybrid Sativa Dominant,29%,<1%,"5,78 €/g",NEU,https://greenmedical.health/de/cannabis/flower/origine_nature_chem_29_1-chemdawg?deliveryTarget=cGhhcm1hY3k6fDpkYjVkNDYzZi1lMjIyLTRiNWQtOTdmMy0wMzI2MmRjODEzNDc%3D#reviews
Cannabisapo24,86150,Augsburg,Munyunz,Remexian 27/1 Eco MYZ,Hybrid Sativa Dominant,27%,1%,"6,41 €/g",Auf Lager,https://greenmedical.health/de/cannabis/flower/remexian_27_1_eco_myz_munyunz_-munyunz?deliveryTarget=cGhhcm1hY3k6fDpkYjVkNDYzZi1lMjIyLTRiNWQtOTdmMy0wMzI2MmRjODEzNDc%3D#reviews
Cannabisapo24,86150,Augsburg,Lotus Punch,N!CE 29/1 LP,Hybrid Sativa Dominant,29%,0%,"5,70 €/g",Auf Lager,https://greenmedical.health/de/cannabis/flower/n_ce_29_1_lp-lotus_punch?deliveryTarget=cGhhcm1hY3k6fDpkYjVkNDYzZi1lMjIyLTRiNWQtOTdmMy0wMzI2MmRjODEzNDc%3D#reviews
Cannabisapo24,86150,Augsburg,Red Pop,Phcann Exotics 22/1,Hybrid,22%,1%,"3,57 €/g",NEU,https://greenmedical.health/de/cannabis/flower/phcann_exotics_22_1-red_pop?deliveryTarget=cGhhcm1hY3k6fDpkYjVkNDYzZi1lMjIyLTRiNWQtOTdmMy0wMzI2MmRjODEzNDc%3D#reviews
Cannabisapo24,86150,Augsburg,Pink OG Kush,San Raf 29/1 PNK,Hybrid Indica Dominant,29%,1%,"5,77 €/g",Auf Lager,https://greenmedical.health/de/cannabis/flower/san_raf_29_1_pnk-pink_og_kush?deliveryTarget=cGhhcm1hY3k6fDpkYjVkNDYzZi1lMjIyLTRiNWQtOTdmMy0wMzI2MmRjODEzNDc%3D#reviews
Cannabisapo24,86150,Augsburg,Spritzer,V-LUE SPZ 33/1,Hybrid,33%,<0%,"5,59 €/g",Auf Lager,https://greenmedical.health/de/cannabis/flower/v_lue_spz33_1-spritzer?deliveryTarget=cGhhcm1hY3k6fDpkYjVkNDYzZi1lMjIyLTRiNWQtOTdmMy0wMzI2MmRjODEzNDc%3D#reviews
Cannabisapo24,86150,Augsburg,Sour Punch,Weeco Tavira 23/1,Hybrid,23%,1%,"4,49 €/g",Auf Lager,https://greenmedical.health/de/cannabis/flower/weeco_tavira_23_1-sour_punch?deliveryTarget=cGhhcm1hY3k6fDpkYjVkNDYzZi1lMjIyLTRiNWQtOTdmMy0wMzI2MmRjODEzNDc%3D#reviews
Cannabisapo24,86150,Augsburg,Mona Lisa,Balancial S1 33/1 ML,Hybrid,33%,1%,"6,77 €/g",Auf Lager,https://greenmedical.health/de/cannabis/flower/balancial_s1_33_1_ml-mona_lisa?deliveryTarget=cGhhcm1hY3k6fDpkYjVkNDYzZi1lMjIyLTRiNWQtOTdmMy0wMzI2MmRjODEzNDc%3D#reviews
Cannabisapo24,86150,Augsburg,Motor Breath,Briah MOB 25,Hybrid Indica Dominant,25%,1%,"4,95 €/g",Auf Lager,https://greenmedical.health/de/cannabis/flower/briah_mob_25-motor_breath?deliveryTarget=cGhhcm1hY3k6fDpkYjVkNDYzZi1lMjIyLTRiNWQtOTdmMy0wMzI2MmRjODEzNDc%3D#reviews
Cannabisapo24,86150,Augsburg,GMO Cookies,Daily Special 25/1 GMO OMG GMO,Hybrid Indica Dominant,25%,1%,"5,24 €/g",Auf Lager,https://greenmedical.health/de/cannabis/flower/daily_special_25_1_gmo_omg_gmo-gmo_cookies?deliveryTarget=cGhhcm1hY3k6fDpkYjVkNDYzZi1lMjIyLTRiNWQtOTdmMy0wMzI2MmRjODEzNDc%3D#reviews
Cannabisapo24,86150,Augsburg,Lemonade Haze,enua 33/1 LHZ CA,Hybrid Sativa Dominant,33%,1%,"6,94 €/g",Auf Lager,https://greenmedical.health/de/cannabis/flower/enua_33_1_lhz_ca-lemonade_haze?deliveryTarget=cGhhcm1hY3k6fDpkYjVkNDYzZi1lMjIyLTRiNWQtOTdmMy0wMzI2MmRjODEzNDc%3D#reviews
Cannabisapo24,86150,Augsburg,Hawaiian Faanta,Greyscale HF 31/1,Hybrid,31%,1%,"7,62 €/g",Auf Lager,https://greenmedical.health/de/cannabis/flower/greyscale_hf_31_1-hawaiian_faanta?deliveryTarget=cGhhcm1hY3k6fDpkYjVkNDYzZi1lMjIyLTRiNWQtOTdmMy0wMzI2MmRjODEzNDc%3D#reviews
Cannabisapo24,86150,Augsburg,MAC1 x Cap Junky,Unit17 30/1 MCJ,Hybrid,30%,1%,"5,94 €/g",NEU,https://greenmedical.health/de/cannabis/flower/unit17_30_1_mcj-mac1_x_cap_junky?deliveryTarget=cGhhcm1hY3k6fDpkYjVkNDYzZi1lMjIyLTRiNWQtOTdmMy0wMzI2MmRjODEzNDc%3D#reviews
Cannabisapo24,86150,Augsburg,Skunk Widow,Weeco Vasco 21/1,Hybrid,21%,1%,"4,76 €/g",NEU,https://greenmedical.health/de/cannabis/flower/weeco_vasco_21_1-skunk_widow?deliveryTarget=cGhhcm1hY3k6fDpkYjVkNDYzZi1lMjIyLTRiNWQtOTdmMy0wMzI2MmRjODEzNDc%3D#reviews
Cannabisapo24,86150,Augsburg,GG4 x Critical Kush,ZOIKS 26/1 GCK,Hybrid Indica Dominant,26%,1%,"5,74 €/g",Auf Lager,https://greenmedical.health/de/cannabis/flower/zoiks_26_1_gck-gg4_x_critical_kush?deliveryTarget=cGhhcm1hY3k6fDpkYjVkNDYzZi1lMjIyLTRiNWQtOTdmMy0wMzI2MmRjODEzNDc%3D#reviews
Cannabisapo24,86150,Augsburg,OMG Burger,AMP OMG THC27,Hybrid Indica Dominant,27%,1%,"4,99 €/g",NEU,https://greenmedical.health/de/cannabis/flower/amp_omg_thc27-omg_burger?deliveryTarget=cGhhcm1hY3k6fDpkYjVkNDYzZi1lMjIyLTRiNWQtOTdmMy0wMzI2MmRjODEzNDc%3D#reviews
Cannabisapo24,86150,Augsburg,Jack Black,Cresco RSE 32/1,Hybrid Sativa Dominant,32%,1%,"6,78 €/g",NEU,https://greenmedical.health/de/cannabis/flower/cresco_rse_32_1-jack_black?deliveryTarget=cGhhcm1hY3k6fDpkYjVkNDYzZi1lMjIyLTRiNWQtOTdmMy0wMzI2MmRjODEzNDc%3D#reviews
Cannabisapo24,86150,Augsburg,Zlush Runtz,Eufloria 30/1 ZRU,Hybrid Indica Dominant,30%,1%,"6,53 €/g",Auf Lager,https://greenmedical.health/de/cannabis/flower/eufloria_30_1_zru-zlush_runtz?deliveryTarget=cGhhcm1hY3k6fDpkYjVkNDYzZi1lMjIyLTRiNWQtOTdmMy0wMzI2MmRjODEzNDc%3D#reviews
Cannabisapo24,86150,Augsburg,Banana Cake,Balancial S1 31/1 BC,Hybrid,31%,1%,"6,66 €/g",Auf Lager,https://greenmedical.health/de/cannabis/flower/balancial_s1_31_1_bc-banana_cake?deliveryTarget=cGhhcm1hY3k6fDpkYjVkNDYzZi1lMjIyLTRiNWQtOTdmMy0wMzI2MmRjODEzNDc%3D#reviews
Cannabisapo24,86150,Augsburg,Cap Junky,CRQSH CPJs 33/1,Hybrid,33%,1%,"5,95 €/g",Auf Lager,https://greenmedical.health/de/cannabis/flower/crqsh_cpjs_33_1-cap_junky?deliveryTarget=cGhhcm1hY3k6fDpkYjVkNDYzZi1lMjIyLTRiNWQtOTdmMy0wMzI2MmRjODEzNDc%3D#reviews
Cannabisapo24,86150,Augsburg,Sugar Cake,Demecan CRAFT Walkie Talkie 29:1,Hybrid Indica Dominant,29%,1%,"7,14 €/g",NEU,https://greenmedical.health/de/cannabis/flower/demecan_craft_walkie_talkie_29_1-sugar_cake?deliveryTarget=cGhhcm1hY3k6fDpkYjVkNDYzZi1lMjIyLTRiNWQtOTdmMy0wMzI2MmRjODEzNDc%3D#reviews
Cannabisapo24,86150,Augsburg,Animal Mintz Kush,Huala 30/1 AMK,Hybrid Indica Dominant,30%,1%,"5,39 €/g",NEU,https://greenmedical.health/de/cannabis/flower/huala_30_1_amk-animal_mintz_kush?deliveryTarget=cGhhcm1hY3k6fDpkYjVkNDYzZi1lMjIyLTRiNWQtOTdmMy0wMzI2MmRjODEzNDc%3D#reviews
Cannabisapo24,86150,Augsburg,Lip Smacker,Remexian 21/1 GJY LIP,Hybrid,21%,1%,"4,75 €/g",NEU,https://greenmedical.health/de/cannabis/flower/remexian_21_1_gjy_lip-lip_smacker?deliveryTarget=cGhhcm1hY3k6fDpkYjVkNDYzZi1lMjIyLTRiNWQtOTdmMy0wMzI2MmRjODEzNDc%3D#reviews
Cannabisapo24,86150,Augsburg,Fruity Pebbles,Remexian 27/1 CRX FTP,Hybrid,27%,1%,"5,39 €/g",NEU,https://greenmedical.health/de/cannabis/flower/remexian_27_1_crx_ftp-fruity_pebbles?deliveryTarget=cGhhcm1hY3k6fDpkYjVkNDYzZi1lMjIyLTRiNWQtOTdmMy0wMzI2MmRjODEzNDc%3D#reviews
Cannabisapo24,86150,Augsburg,Diablo Dreamer,Remexian 30/1 CRX DOD,Hybrid,30%,1%,"5,76 €/g",NEU,https://greenmedical.health/de/cannabis/flower/remexian_30_1_crx_dod-diablo_dreamer?deliveryTarget=cGhhcm1hY3k6fDpkYjVkNDYzZi1lMjIyLTRiNWQtOTdmMy0wMzI2MmRjODEzNDc%3D#reviews
Cannabisapo24,86150,Augsburg,Amnesia Skittles,aleph Fire 30/1,Hybrid Sativa Dominant,30%,1%,"7,14 €/g",NEU,https://greenmedical.health/de/cannabis/flower/aleph_fire_30_1-amnesia_skittles?deliveryTarget=cGhhcm1hY3k6fDpkYjVkNDYzZi1lMjIyLTRiNWQtOTdmMy0wMzI2MmRjODEzNDc%3D#reviews
Cannabisapo24,86150,Augsburg,Poddy Mouth,Cannamedical CM 28/1 PODDY,Hybrid,26%,1%,"5,12 €/g",Auf Lager,https://greenmedical.health/de/cannabis/flower/cannamedical_cm_28_1_poddy-poddy_mouth?deliveryTarget=cGhhcm1hY3k6fDpkYjVkNDYzZi1lMjIyLTRiNWQtOTdmMy0wMzI2MmRjODEzNDc%3D#reviews
Cannabisapo24,86150,Augsburg,Gorilla Zkittlez,Remexian 27/1 ONO GOS,Hybrid,27%,1%,"5,22 €/g",NEU,https://greenmedical.health/de/cannabis/flower/remexian_27_1_ono_gos-gorilla_zkittlez?deliveryTarget=cGhhcm1hY3k6fDpkYjVkNDYzZi1lMjIyLTRiNWQtOTdmMy0wMzI2MmRjODEzNDc%3D#reviews
Cannabisapo24,86150,Augsburg,Jet Breath,Remexian 30/1 CRX JBH,Hybrid,30%,1%,"5,76 €/g",NEU,https://greenmedical.health/de/cannabis/flower/remexian_30_1_crx_jbh-jet_breath?deliveryTarget=cGhhcm1hY3k6fDpkYjVkNDYzZi1lMjIyLTRiNWQtOTdmMy0wMzI2MmRjODEzNDc%3D#reviews
Cannabisapo24,86150,Augsburg,Chem Kush,Remexian 30/1 GJY CHK,Hybrid Indica Dominant,30%,1%,"6,53 €/g",Auf Lager,https://greenmedical.health/de/cannabis/flower/remexian_30_1_gjy_chk-chem_kush?deliveryTarget=cGhhcm1hY3k6fDpkYjVkNDYzZi1lMjIyLTRiNWQtOTdmMy0wMzI2MmRjODEzNDc%3D#reviews
Cannabisapo24,86150,Augsburg,Master AC,Slouu 20/1 MAC Smalls,Hybrid,20%,1%,"4,16 €/g",Auf Lager,https://greenmedical.health/de/cannabis/flower/slouu_20_1_mac_master_ac_smalls-_?deliveryTarget=cGhhcm1hY3k6fDpkYjVkNDYzZi1lMjIyLTRiNWQtOTdmMy0wMzI2MmRjODEzNDc%3D#reviews
Cannabisapo24,86150,Augsburg,OG Kush,Slouu 20/1 PS3 CA OGK Smalls,Hybrid,20%,1%,"4,16 €/g",Auf Lager,https://greenmedical.health/de/cannabis/flower/slouu_20_1_ps3_ca_ogk_smalls-og_kush?deliveryTarget=cGhhcm1hY3k6fDpkYjVkNDYzZi1lMjIyLTRiNWQtOTdmMy0wMzI2MmRjODEzNDc%3D#reviews
Cannabisapo24,86150,Augsburg,Kush Cookies,TRUU GT 31/1,Hybrid Indica Dominant,27.9%,<1%,"6,90 €/g",Auf Lager,https://greenmedical.health/de/cannabis/flower/truu_gt_31_1-kush_cookies?deliveryTarget=cGhhcm1hY3k6fDpkYjVkNDYzZi1lMjIyLTRiNWQtOTdmMy0wMzI2MmRjODEzNDc%3D#reviews
Cannabisapo24,86150,Augsburg,Crossbow,Demecan Core Cros 26:1,Hybrid,26%,<1%,"6,97 €/g",Auf Lager,https://greenmedical.health/de/cannabis/flower/demecan_core_cross_26_01-crossbow?deliveryTarget=cGhhcm1hY3k6fDpkYjVkNDYzZi1lMjIyLTRiNWQtOTdmMy0wMzI2MmRjODEzNDc%3D#reviews
Allgäu Cannabis,87435,Kempten,Grapes and Cream,TIKUN GNC 30/1,Hybrid,30%,1%,"6,50 €/g",Auf Lager,https://greenmedical.health/de/cannabis/flower/tikun_gnc_30_1-grapes_and_cream?deliveryTarget=cGhhcm1hY3k6fDoxNGI4ZWVhMC0yM2U1LTQ5MTItYmVjYS1lZjU5ZWE3ODBkZWQ%3D#reviews
Allgäu Cannabis,87435,Kempten,Atlantic Glue GG4,Wellford Aquaponic 26/1 ATG,Hybrid Indica Dominant,26%,1%,"6,99 €/g",Auf Lager,https://greenmedical.health/de/cannabis/flower/wellford_aquaponic_26_1_atg-atlantic_glue_gg4?deliveryTarget=cGhhcm1hY3k6fDoxNGI4ZWVhMC0yM2U1LTQ5MTItYmVjYS1lZjU5ZWE3ODBkZWQ%3D#reviews
Allgäu Cannabis,87435,Kempten,Electric Honeydew (EHD),Pedanios 26/1 EHD-CA,Sativa,26%,<1%,"6,50 €/g",Auf Lager,https://greenmedical.health/de/cannabis/flower/pedanios-26-1-ehd-ca-electric-honeydew-ehd?deliveryTarget=cGhhcm1hY3k6fDoxNGI4ZWVhMC0yM2U1LTQ5MTItYmVjYS1lZjU5ZWE3ODBkZWQ%3D#reviews
Allgäu Cannabis,87435,Kempten,Cookies OG,TRUU GT 30/1,Hybrid,30%,<1%,"5,90 €/g",Auf Lager,https://greenmedical.health/de/cannabis/flower/truu_gt_30_1-cookies_og?deliveryTarget=cGhhcm1hY3k6fDoxNGI4ZWVhMC0yM2U1LTQ5MTItYmVjYS1lZjU5ZWE3ODBkZWQ%3D#reviews
Allgäu Cannabis,87435,Kempten,Space Rider,ZOIKS 31/1 SR,Hybrid Indica Dominant,31%,1%,"6,70 €/g",Auf Lager,https://greenmedical.health/de/cannabis/flower/zoiks_31_1_sr-space_rider?deliveryTarget=cGhhcm1hY3k6fDoxNGI4ZWVhMC0yM2U1LTQ5MTItYmVjYS1lZjU5ZWE3ODBkZWQ%3D#reviews
Allgäu Cannabis,87435,Kempten,Tangrini,ZOIKS 26/1 TG,Hybrid Sativa Dominant,26%,1%,"5,40 €/g",Auf Lager,https://greenmedical.health/de/cannabis/flower/zoiks_26_1_tg-tangrini?deliveryTarget=cGhhcm1hY3k6fDoxNGI4ZWVhMC0yM2U1LTQ5MTItYmVjYS1lZjU5ZWE3ODBkZWQ%3D#reviews
Allgäu Cannabis,87435,Kempten,Wedding Tree,Cannamedical Sativa Forte NM,Hybrid,24%,<1%,"8,95 €/g",Auf Lager,https://greenmedical.health/de/cannabis/flower/cannamedical_sativa_forte_nm-wedding_tree?deliveryTarget=cGhhcm1hY3k6fDoxNGI4ZWVhMC0yM2U1LTQ5MTItYmVjYS1lZjU5ZWE3ODBkZWQ%3D#reviews
Allgäu Cannabis,87435,Kempten,Polar Cookies,Cannamedical Sativa Ultra NM,Hybrid Sativa Dominant,29.7%,<1%,"8,35 €/g",Auf Lager,https://greenmedical.health/de/cannabis/flower/cannamedical-sativa-ultra-nm-polar-cookies-fa5c?deliveryTarget=cGhhcm1hY3k6fDoxNGI4ZWVhMC0yM2U1LTQ5MTItYmVjYS1lZjU5ZWE3ODBkZWQ%3D#reviews
Allgäu Cannabis,87435,Kempten,Siggis Pfefferminze,Siggis PMNZ 28:01,Hybrid,28%,1%,"8,90 €/g",Auf Lager,https://greenmedical.health/de/cannabis/flower/siggis_pmnz_28_01-siggis_pfefferminze?deliveryTarget=cGhhcm1hY3k6fDoxNGI4ZWVhMC0yM2U1LTQ5MTItYmVjYS1lZjU5ZWE3ODBkZWQ%3D#reviews
Allgäu Cannabis,87435,Kempten,Cinderella Kush,Huala 27/1 UK CIN,Hybrid Indica Dominant,27%,1%,"5,40 €/g",Auf Lager,https://greenmedical.health/de/cannabis/flower/huala_27_1_uk_cin-cinderella_kush?deliveryTarget=cGhhcm1hY3k6fDoxNGI4ZWVhMC0yM2U1LTQ5MTItYmVjYS1lZjU5ZWE3ODBkZWQ%3D#reviews
Allgäu Cannabis,87435,Kempten,Blue Lobster,Vasco x Cipher BL,Hybrid Indica Dominant,23.4%,<1%,"9,90 €/g",Auf Lager,https://greenmedical.health/de/cannabis/flower/vasco_x_cipher_bl-blue_lobster?deliveryTarget=cGhhcm1hY3k6fDoxNGI4ZWVhMC0yM2U1LTQ5MTItYmVjYS1lZjU5ZWE3ODBkZWQ%3D#reviews
Allgäu Cannabis,87435,Kempten,Bunatic,Luana 27/1 Donny B,Indica,27%,1%,"5,90 €/g",Auf Lager,https://greenmedical.health/de/cannabis/flower/luana_27_1_donny_b-bunatic?deliveryTarget=cGhhcm1hY3k6fDoxNGI4ZWVhMC0yM2U1LTQ5MTItYmVjYS1lZjU5ZWE3ODBkZWQ%3D#reviews
Allgäu Cannabis,87435,Kempten,Pink Diesel,Pedanios 31/1 PND-CA,Hybrid Indica Dominant,31%,<1%,"7,35 €/g",Auf Lager,https://greenmedical.health/de/cannabis/flower/pedanios_31_1_pnd_ca-pink_diesel?deliveryTarget=cGhhcm1hY3k6fDoxNGI4ZWVhMC0yM2U1LTQ5MTItYmVjYS1lZjU5ZWE3ODBkZWQ%3D#reviews
Allgäu Cannabis,87435,Kempten,Golden Goat,Demecan Core Golden Horizon 30:01,Hybrid Sativa Dominant,30%,1%,"7,45 €/g",Auf Lager,https://greenmedical.health/de/cannabis/flower/demecan_core_golden_horizon_30_01-golden_goat?deliveryTarget=cGhhcm1hY3k6fDoxNGI4ZWVhMC0yM2U1LTQ5MTItYmVjYS1lZjU5ZWE3ODBkZWQ%3D#reviews
Allgäu Cannabis,87435,Kempten,Midnight Lotus,Cannamedical CRAFT 28/1 Lotus,Hybrid,25.2%,1%,"6,95 €/g",Auf Lager,https://greenmedical.health/de/cannabis/flower/cannamedical_craft_28_1_lotus-pucker_up?deliveryTarget=cGhhcm1hY3k6fDoxNGI4ZWVhMC0yM2U1LTQ5MTItYmVjYS1lZjU5ZWE3ODBkZWQ%3D#reviews
Allgäu Cannabis,87435,Kempten,Medellin,Origine Nature MED 32/1,Hybrid,32%,1%,"7,40 €/g",Auf Lager,https://greenmedical.health/de/cannabis/flower/origine_nature_med_32_1-medellin?deliveryTarget=cGhhcm1hY3k6fDoxNGI4ZWVhMC0yM2U1LTQ5MTItYmVjYS1lZjU5ZWE3ODBkZWQ%3D#reviews
Allgäu Cannabis,87435,Kempten,Lava Cake,Demecan MC Strong Drop,Hybrid Indica Dominant,27%,<1%,"5,95 €/g",Auf Lager,https://greenmedical.health/de/cannabis/flower/demecan_mc_strong_drop-lava_cake?deliveryTarget=cGhhcm1hY3k6fDoxNGI4ZWVhMC0yM2U1LTQ5MTItYmVjYS1lZjU5ZWE3ODBkZWQ%3D#reviews
Allgäu Cannabis,87435,Kempten,Alien Mints,Huala 30/1 CA ALM,Hybrid Indica Dominant,30%,1%,"5,25 €/g",NEU,https://greenmedical.health/de/cannabis/flower/huala_30_1_ca_alm-alien_mints?deliveryTarget=cGhhcm1hY3k6fDoxNGI4ZWVhMC0yM2U1LTQ5MTItYmVjYS1lZjU5ZWE3ODBkZWQ%3D#reviews
Allgäu Cannabis,87435,Kempten,Permanent Marker,Bathera 28/1,Hybrid Sativa Dominant,28%,1%,"8,40 €/g",Auf Lager,https://greenmedical.health/de/cannabis/flower/bathera_28_1-permanent_marker?deliveryTarget=cGhhcm1hY3k6fDoxNGI4ZWVhMC0yM2U1LTQ5MTItYmVjYS1lZjU5ZWE3ODBkZWQ%3D#reviews
Allgäu Cannabis,87435,Kempten,Jokerz #31 x Gastro Pop,Demecan CRAFT Tigerz Eye 31:1,Hybrid,31%,1%,"8,90 €/g",Auf Lager,https://greenmedical.health/de/cannabis/flower/demecan_craft_tigerz_eye_31_1-jokerz_31_x_gastro_pop?deliveryTarget=cGhhcm1hY3k6fDoxNGI4ZWVhMC0yM2U1LTQ5MTItYmVjYS1lZjU5ZWE3ODBkZWQ%3D#reviews
Allgäu Cannabis,87435,Kempten,Sky Berry Kush,Cannamedical Indica Forte DK,Hybrid Indica Dominant,24%,1%,"5,75 €/g",Auf Lager,https://greenmedical.health/de/cannabis/flower/cannamedical_indica_forte_dk-sky_berry_kush?deliveryTarget=cGhhcm1hY3k6fDoxNGI4ZWVhMC0yM2U1LTQ5MTItYmVjYS1lZjU5ZWE3ODBkZWQ%3D#reviews
Allgäu Cannabis,87435,Kempten,Super Silver Haze,Bathera 25/1 SSH,Hybrid,25%,1%,"7,35 €/g",Auf Lager,https://greenmedical.health/de/cannabis/flower/bathera_25_1_ssh-super_silver_haze?deliveryTarget=cGhhcm1hY3k6fDoxNGI4ZWVhMC0yM2U1LTQ5MTItYmVjYS1lZjU5ZWE3ODBkZWQ%3D#reviews
Allgäu Cannabis,87435,Kempten,UK Cheddar Cheese,ZOIKS 26/1 UKCC,Hybrid Indica Dominant,26%,1%,"5,40 €/g",Auf Lager,https://greenmedical.health/de/cannabis/flower/zoiks_26_1_ukcc-uk_cheddar_cheese?deliveryTarget=cGhhcm1hY3k6fDoxNGI4ZWVhMC0yM2U1LTQ5MTItYmVjYS1lZjU5ZWE3ODBkZWQ%3D#reviews
Allgäu Cannabis,87435,Kempten,Blueberry Yum Yum,AVAAY Signature 23/1 BYY,Hybrid Indica Dominant,23%,1%,"8,80 €/g",Auf Lager,https://greenmedical.health/de/cannabis/flower/avaay_signature_23_1_byy-blueberry_yum_yum?deliveryTarget=cGhhcm1hY3k6fDoxNGI4ZWVhMC0yM2U1LTQ5MTItYmVjYS1lZjU5ZWE3ODBkZWQ%3D#reviews
Allgäu Cannabis,87435,Kempten,Mac’s Cookies,AVAAY 26/1 MCO,Hybrid,26%,1%,"5,90 €/g",Auf Lager,https://greenmedical.health/de/cannabis/flower/avaay_26_1_mco-mac_s_cookies?deliveryTarget=cGhhcm1hY3k6fDoxNGI4ZWVhMC0yM2U1LTQ5MTItYmVjYS1lZjU5ZWE3ODBkZWQ%3D#reviews
Allgäu Cannabis,87435,Kempten,Afghan Bubba Kush,Cannamedical Hybrid Ultimate SF,Hybrid,33%,1%,"7,60 €/g",Auf Lager,https://greenmedical.health/de/cannabis/flower/cannamedical_hybrid_ultimate_sf-afghan_bubba_kush?deliveryTarget=cGhhcm1hY3k6fDoxNGI4ZWVhMC0yM2U1LTQ5MTItYmVjYS1lZjU5ZWE3ODBkZWQ%3D#reviews
Allgäu Cannabis,87435,Kempten,Bubba Kush,Demecan Typ 1,Hybrid Indica Dominant,21%,<1%,"6,40 €/g",Auf Lager,https://greenmedical.health/de/cannabis/flower/typ-1-demecan-bubba-kush?deliveryTarget=cGhhcm1hY3k6fDoxNGI4ZWVhMC0yM2U1LTQ5MTItYmVjYS1lZjU5ZWE3ODBkZWQ%3D#reviews
Allgäu Cannabis,87435,Kempten,Rainbow Pavé,Legend's RP 34/1,Hybrid Sativa Dominant,34%,1%,"8,40 €/g",NEU,https://greenmedical.health/de/cannabis/flower/legend_s_rp_34_1-rainbow_pav_?deliveryTarget=cGhhcm1hY3k6fDoxNGI4ZWVhMC0yM2U1LTQ5MTItYmVjYS1lZjU5ZWE3ODBkZWQ%3D#reviews
Allgäu Cannabis,87435,Kempten,Moon Berry,Pedanios 10/13 MBE-CA Moon Berry,Hybrid,10%,13%,"8,90 €/g",Auf Lager,https://greenmedical.health/de/cannabis/flower/pedanios_10_13_mbe_ca_moon_berry-moon_berry?deliveryTarget=cGhhcm1hY3k6fDoxNGI4ZWVhMC0yM2U1LTQ5MTItYmVjYS1lZjU5ZWE3ODBkZWQ%3D#reviews
Allgäu Cannabis,87435,Kempten,Siggis Waldbeerblüte,Siggis WBLT 22:01,Hybrid Sativa Dominant,22%,1%,"9,65 €/g",Auf Lager,https://greenmedical.health/de/cannabis/flower/siggis_wblt_22_01-siggis_waldbeerbluete?deliveryTarget=cGhhcm1hY3k6fDoxNGI4ZWVhMC0yM2U1LTQ5MTItYmVjYS1lZjU5ZWE3ODBkZWQ%3D#reviews
Allgäu Cannabis,87435,Kempten,Gelato OG Kush,Demecan CRAFT Electron 31:1,Hybrid,31%,1%,"7,90 €/g",Auf Lager,https://greenmedical.health/de/cannabis/flower/demecan_craft_electron_31_1-gelato_og_kush?deliveryTarget=cGhhcm1hY3k6fDoxNGI4ZWVhMC0yM2U1LTQ5MTItYmVjYS1lZjU5ZWE3ODBkZWQ%3D#reviews
Allgäu Cannabis,87435,Kempten,Atomic Apple,High Greens AA 26/1,Hybrid Indica Dominant,26%,1%,"6,50 €/g",Auf Lager,https://greenmedical.health/de/cannabis/flower/high_greens_aa_26_1-atomic_apple?deliveryTarget=cGhhcm1hY3k6fDoxNGI4ZWVhMC0yM2U1LTQ5MTItYmVjYS1lZjU5ZWE3ODBkZWQ%3D#reviews
Allgäu Cannabis,87435,Kempten,Pineapple God,Huala 27/1 CA POG,Hybrid Sativa Dominant,27%,1%,"5,40 €/g",Auf Lager,https://greenmedical.health/de/cannabis/flower/huala_27_1_ca_pog-pineapple_god?deliveryTarget=cGhhcm1hY3k6fDoxNGI4ZWVhMC0yM2U1LTQ5MTItYmVjYS1lZjU5ZWE3ODBkZWQ%3D#reviews
Allgäu Cannabis,87435,Kempten,Modified Gas,Green Karat MG 29/1,Hybrid,29%,1%,"8,35 €/g",Auf Lager,https://greenmedical.health/de/cannabis/flower/green_karat_mg_29_1-modified_gas?deliveryTarget=cGhhcm1hY3k6fDoxNGI4ZWVhMC0yM2U1LTQ5MTItYmVjYS1lZjU5ZWE3ODBkZWQ%3D#reviews
Allgäu Cannabis,87435,Kempten,Pink Slurricane,High Greens PS 30/1,Hybrid Indica Dominant,30%,1%,"7,30 €/g",NEU,https://greenmedical.health/de/cannabis/flower/high_green_ps_30_1-pink_slurricane?deliveryTarget=cGhhcm1hY3k6fDoxNGI4ZWVhMC0yM2U1LTQ5MTItYmVjYS1lZjU5ZWE3ODBkZWQ%3D#reviews
Allgäu Cannabis,87435,Kempten,Ghost Train Haze,Pedanios 22/1,Sativa,22%,<1%,"8,50 €/g",Auf Lager,https://greenmedical.health/de/cannabis/flower/pedanios_22_1-ghost_train_haze?deliveryTarget=cGhhcm1hY3k6fDoxNGI4ZWVhMC0yM2U1LTQ5MTItYmVjYS1lZjU5ZWE3ODBkZWQ%3D#reviews
Allgäu Cannabis,87435,Kempten,Magic Gum Drops,420 Evolution 27/1 CA MGD,Hybrid Indica Dominant,27%,1%,"7,80 €/g",Auf Lager,https://greenmedical.health/de/cannabis/flower/420_evolution_27_1_ca_mgd-magic_gum_drops?deliveryTarget=cGhhcm1hY3k6fDoxNGI4ZWVhMC0yM2U1LTQ5MTItYmVjYS1lZjU5ZWE3ODBkZWQ%3D#reviews
Allgäu Cannabis,87435,Kempten,Amsterdam Amnesia,Cannamedical Sativa Forte NM,Sativa,24%,<1%,"7,70 €/g",Auf Lager,https://greenmedical.health/de/cannabis/flower/cannamedical_sativa_forte_nm-amsterdam_amnesia?deliveryTarget=cGhhcm1hY3k6fDoxNGI4ZWVhMC0yM2U1LTQ5MTItYmVjYS1lZjU5ZWE3ODBkZWQ%3D#reviews
Allgäu Cannabis,87435,Kempten,Orange Cake,LOT 420 OC,Hybrid Indica Dominant,26%,<1%,"8,90 €/g",Auf Lager,https://greenmedical.health/de/cannabis/flower/lot-420-oc-orange-cake?deliveryTarget=cGhhcm1hY3k6fDoxNGI4ZWVhMC0yM2U1LTQ5MTItYmVjYS1lZjU5ZWE3ODBkZWQ%3D#reviews
Allgäu Cannabis,87435,Kempten,Crumbled Lime,TRUU GT 25/1,Sativa,25%,1%,"5,80 €/g",Auf Lager,https://greenmedical.health/de/cannabis/flower/truu_gt_25_1-crumbled_lime?deliveryTarget=cGhhcm1hY3k6fDoxNGI4ZWVhMC0yM2U1LTQ5MTItYmVjYS1lZjU5ZWE3ODBkZWQ%3D#reviews
Allgäu Cannabis,87435,Kempten,Kush Mint,ONO Astrono 25/1,Hybrid,25%,1%,"6,35 €/g",Auf Lager,https://greenmedical.health/de/cannabis/flower/ono_astrono_25_1-kush_mintz?deliveryTarget=cGhhcm1hY3k6fDoxNGI4ZWVhMC0yM2U1LTQ5MTItYmVjYS1lZjU5ZWE3ODBkZWQ%3D#reviews
Allgäu Cannabis,87435,Kempten,Supreme Diesel,Green Karat SD 26/1,Hybrid,26%,1%,"7,50 €/g",Auf Lager,https://greenmedical.health/de/cannabis/flower/green_karat_sd_26_1-supreme_diesel?deliveryTarget=cGhhcm1hY3k6fDoxNGI4ZWVhMC0yM2U1LTQ5MTItYmVjYS1lZjU5ZWE3ODBkZWQ%3D#reviews
Allgäu Cannabis,87435,Kempten,Liberty Haze,Truth Holdings LH 29/1,Hybrid,29%,1%,"7,50 €/g",Auf Lager,https://greenmedical.health/de/cannabis/flower/truth_holdings_lh_29_1-liberty_haze?deliveryTarget=cGhhcm1hY3k6fDoxNGI4ZWVhMC0yM2U1LTQ5MTItYmVjYS1lZjU5ZWE3ODBkZWQ%3D#reviews
Allgäu Cannabis,87435,Kempten,Diablo’s Dream,Cresco RST 33/1,Hybrid Indica Dominant,33%,1%,"7,95 €/g",NEU,https://greenmedical.health/de/cannabis/flower/cresco_rst_33_1-diablo_s_dream?deliveryTarget=cGhhcm1hY3k6fDoxNGI4ZWVhMC0yM2U1LTQ5MTItYmVjYS1lZjU5ZWE3ODBkZWQ%3D#reviews
Allgäu Cannabis,87435,Kempten,Azzai,ZOIKS 18/1 AZZ,Hybrid,18%,1%,"4,95 €/g",Auf Lager,https://greenmedical.health/de/cannabis/flower/zoiks_18_1_azz-azzai?deliveryTarget=cGhhcm1hY3k6fDoxNGI4ZWVhMC0yM2U1LTQ5MTItYmVjYS1lZjU5ZWE3ODBkZWQ%3D#reviews
Allgäu Cannabis,87435,Kempten,Animal Cookies x SinMint Cookies,Demecan PS Strong Drop,Hybrid Indica Dominant,27%,1%,"5,40 €/g",Auf Lager,https://greenmedical.health/de/cannabis/flower/demecan_ps_strong_drop-animal_cookies_x_sinmint_cookies?deliveryTarget=cGhhcm1hY3k6fDoxNGI4ZWVhMC0yM2U1LTQ5MTItYmVjYS1lZjU5ZWE3ODBkZWQ%3D#reviews
Allgäu Cannabis,87435,Kempten,White Widow,Weeco 1A 18/1 WW,Hybrid,18%,1%,"4,90 €/g",Auf Lager,https://greenmedical.health/de/cannabis/flower/weeco_1a_18_1_ww-white_widow?deliveryTarget=cGhhcm1hY3k6fDoxNGI4ZWVhMC0yM2U1LTQ5MTItYmVjYS1lZjU5ZWE3ODBkZWQ%3D#reviews
Allgäu Cannabis,87435,Kempten,Chapel of Love,Canify Cannabis flos 30/1 POR Ku.,Hybrid,31%,<1%,"6,80 €/g",Auf Lager,https://greenmedical.health/de/cannabis/flower/canify_cannabis_flos_30_1_por_ku_-chapel_of_love?deliveryTarget=cGhhcm1hY3k6fDoxNGI4ZWVhMC0yM2U1LTQ5MTItYmVjYS1lZjU5ZWE3ODBkZWQ%3D#reviews
Allgäu Cannabis,87435,Kempten,Lemon Cherry Gelato,Cresco RFSH 28/1,Hybrid Indica Dominant,28%,1%,"6,90 €/g",Auf Lager,https://greenmedical.health/de/cannabis/flower/cresco_rfsh_28_1-lemon_cherry_gelato?deliveryTarget=cGhhcm1hY3k6fDoxNGI4ZWVhMC0yM2U1LTQ5MTItYmVjYS1lZjU5ZWE3ODBkZWQ%3D#reviews
Allgäu Cannabis,87435,Kempten,Super Boof,gramz. 001 SB 25/1,Hybrid,25%,1%,"6,90 €/g",Auf Lager,https://greenmedical.health/de/cannabis/flower/gramz_001_sb_25_1-super_boof?deliveryTarget=cGhhcm1hY3k6fDoxNGI4ZWVhMC0yM2U1LTQ5MTItYmVjYS1lZjU5ZWE3ODBkZWQ%3D#reviews
Allgäu Cannabis,87435,Kempten,Purple Grape,IMC THC20 GGA,Indica,20%,1%,"4,95 €/g",Auf Lager,https://greenmedical.health/de/cannabis/flower/imc_thc20_gga-purple_grape?deliveryTarget=cGhhcm1hY3k6fDoxNGI4ZWVhMC0yM2U1LTQ5MTItYmVjYS1lZjU5ZWE3ODBkZWQ%3D#reviews
Allgäu Cannabis,87435,Kempten,Pink Kush Mints,Wellford Peak CA PKM 33/1,Hybrid Indica Dominant,33%,1%,"8,60 €/g",Auf Lager,https://greenmedical.health/de/cannabis/flower/wellford_peak_ca_pkm_33_1-pink_kush_mints?deliveryTarget=cGhhcm1hY3k6fDoxNGI4ZWVhMC0yM2U1LTQ5MTItYmVjYS1lZjU5ZWE3ODBkZWQ%3D#reviews
Allgäu Cannabis,87435,Kempten,Apples & Bananas,Bathera 28/1 AB,Hybrid,28%,1%,"7,70 €/g",Auf Lager,https://greenmedical.health/de/cannabis/flower/bathera_28_1_ab_apples_and_bananas-apples_bananas?deliveryTarget=cGhhcm1hY3k6fDoxNGI4ZWVhMC0yM2U1LTQ5MTItYmVjYS1lZjU5ZWE3ODBkZWQ%3D#reviews
Allgäu Cannabis,87435,Kempten,Jelly Mints,Demecan Core JM7 31:1,Hybrid Indica Dominant,31%,1%,"7,95 €/g",Auf Lager,https://greenmedical.health/de/cannabis/flower/demecan_core_jm7_31_1-jelly_mints?deliveryTarget=cGhhcm1hY3k6fDoxNGI4ZWVhMC0yM2U1LTQ5MTItYmVjYS1lZjU5ZWE3ODBkZWQ%3D#reviews
Allgäu Cannabis,87435,Kempten,Pavé Runtz,Vasco PR 27/1,Hybrid Indica Dominant,27%,<1%,"6,90 €/g",Auf Lager,https://greenmedical.health/de/cannabis/flower/vasco_pr_27_1-pav_runtz?deliveryTarget=cGhhcm1hY3k6fDoxNGI4ZWVhMC0yM2U1LTQ5MTItYmVjYS1lZjU5ZWE3ODBkZWQ%3D#reviews
Allgäu Cannabis,87435,Kempten,Funky Zkittlez,High Greens FZ 30/1,Hybrid Indica Dominant,30%,1%,"6,95 €/g",Auf Lager,https://greenmedical.health/de/cannabis/flower/high_greens_fz_30_1-funky_zkittlez?deliveryTarget=cGhhcm1hY3k6fDoxNGI4ZWVhMC0yM2U1LTQ5MTItYmVjYS1lZjU5ZWE3ODBkZWQ%3D#reviews
Allgäu Cannabis,87435,Kempten,Ultra Jack,HiSociety 30/1 CAN UJA,Hybrid Sativa Dominant,30%,1%,"6,50 €/g",Auf Lager,https://greenmedical.health/de/cannabis/flower/hi_society_30_1_can_uja-ultra_jack?deliveryTarget=cGhhcm1hY3k6fDoxNGI4ZWVhMC0yM2U1LTQ5MTItYmVjYS1lZjU5ZWE3ODBkZWQ%3D#reviews
Allgäu Cannabis,87435,Kempten,LA Kush Cake,Cannamedical Indica Forte AU LKC,Hybrid Indica Dominant,24%,1%,"6,70 €/g",Auf Lager,https://greenmedical.health/de/cannabis/flower/cannamedical_indica_forte_au_lkc-la_kush_cake?deliveryTarget=cGhhcm1hY3k6fDoxNGI4ZWVhMC0yM2U1LTQ5MTItYmVjYS1lZjU5ZWE3ODBkZWQ%3D#reviews
Allgäu Cannabis,87435,Kempten,Grape Face,Huala 25/1 CA GRF,Hybrid,25%,<1%,"5,60 €/g",Auf Lager,https://greenmedical.health/de/cannabis/flower/huala_25_1_ca_grf-grape_face?deliveryTarget=cGhhcm1hY3k6fDoxNGI4ZWVhMC0yM2U1LTQ5MTItYmVjYS1lZjU5ZWE3ODBkZWQ%3D#reviews
Allgäu Cannabis,87435,Kempten,Gorilla Glue,420 Natural 25/1 CA GG4,Hybrid,25%,<1%,"6,70 €/g",Auf Lager,https://greenmedical.health/de/cannabis/flower/420-natural-25-1-ca-gg4-gorilla-glue?deliveryTarget=cGhhcm1hY3k6fDoxNGI4ZWVhMC0yM2U1LTQ5MTItYmVjYS1lZjU5ZWE3ODBkZWQ%3D#reviews
Allgäu Cannabis,87435,Kempten,Tangerine Boost,Demecan Core PULSE 27:1 Zativa,Hybrid Sativa Dominant,27%,<1%,"6,25 €/g",Auf Lager,https://greenmedical.health/de/cannabis/flower/demecan_core_pulse_27_01_zativa-tangerine_boost?deliveryTarget=cGhhcm1hY3k6fDoxNGI4ZWVhMC0yM2U1LTQ5MTItYmVjYS1lZjU5ZWE3ODBkZWQ%3D#reviews
Allgäu Cannabis,87435,Kempten,Rainbow Pavé,GhostDrops 30/1 CGD Rainbow Pave,Hybrid Sativa Dominant,30%,<1%,"7,90 €/g",Auf Lager,https://greenmedical.health/de/cannabis/flower/ghostdrops_30_1_cgd_rainbow_pave-rainbow_pav_?deliveryTarget=cGhhcm1hY3k6fDoxNGI4ZWVhMC0yM2U1LTQ5MTItYmVjYS1lZjU5ZWE3ODBkZWQ%3D#reviews
Allgäu Cannabis,87435,Kempten,Blueberry Bananas,Vasco x Cipher BB 28/1,Hybrid Indica Dominant,28%,1%,"9,95 €/g",Auf Lager,https://greenmedical.health/de/cannabis/flower/vasco_x_cipher_bb_28_1_blueberry_banana-blueberry_bananas?deliveryTarget=cGhhcm1hY3k6fDoxNGI4ZWVhMC0yM2U1LTQ5MTItYmVjYS1lZjU5ZWE3ODBkZWQ%3D#reviews
Allgäu Cannabis,87435,Kempten,Purple Punch x Jungle Cake,Demecan CRAFT D-Jungle 31:1,Hybrid Indica Dominant,31%,1%,"8,80 €/g",Auf Lager,https://greenmedical.health/de/cannabis/flower/demecan_craft_d_jungle_31_01-purple_punch_x_jungle_cake?deliveryTarget=cGhhcm1hY3k6fDoxNGI4ZWVhMC0yM2U1LTQ5MTItYmVjYS1lZjU5ZWE3ODBkZWQ%3D#reviews
Allgäu Cannabis,87435,Kempten,Chemango Kush,Pedanios 31/1 CMK-CA,Hybrid Indica Dominant,28.5%,<1%,"6,90 €/g",Auf Lager,https://greenmedical.health/de/cannabis/flower/pedanios_31_1_cmk_ca-chemango_kush?deliveryTarget=cGhhcm1hY3k6fDoxNGI4ZWVhMC0yM2U1LTQ5MTItYmVjYS1lZjU5ZWE3ODBkZWQ%3D#reviews
Allgäu Cannabis,87435,Kempten,Afina,Bedrocan Forte 25/1,Hybrid,25%,<1%,"7,90 €/g",Auf Lager,https://greenmedical.health/de/cannabis/flower/bedrocan_forte_25_1-afina?deliveryTarget=cGhhcm1hY3k6fDoxNGI4ZWVhMC0yM2U1LTQ5MTItYmVjYS1lZjU5ZWE3ODBkZWQ%3D#reviews
Allgäu Cannabis,87435,Kempten,Strawberry OG,Cannamedical CM 28/1 BRY,Hybrid,29.6%,1%,"5,95 €/g",Auf Lager,https://greenmedical.health/de/cannabis/flower/cannamedical_cm_28_1_bry-strawberry_og?deliveryTarget=cGhhcm1hY3k6fDoxNGI4ZWVhMC0yM2U1LTQ5MTItYmVjYS1lZjU5ZWE3ODBkZWQ%3D#reviews
Allgäu Cannabis,87435,Kempten,Cali Rain,Citizen Labs CR 34/1,Hybrid,34%,1%,"7,40 €/g",Auf Lager,https://greenmedical.health/de/cannabis/flower/citizen_labs_cr_34_1-cali_rain?deliveryTarget=cGhhcm1hY3k6fDoxNGI4ZWVhMC0yM2U1LTQ5MTItYmVjYS1lZjU5ZWE3ODBkZWQ%3D#reviews
Allgäu Cannabis,87435,Kempten,Pineapple Fruz,420 Evolution 30/1 CA PEX,Hybrid Sativa Dominant,30%,1%,"7,90 €/g",Auf Lager,https://greenmedical.health/de/cannabis/flower/420_evolution_30_1_ca_pex-pineapple_fruz?deliveryTarget=cGhhcm1hY3k6fDoxNGI4ZWVhMC0yM2U1LTQ5MTItYmVjYS1lZjU5ZWE3ODBkZWQ%3D#reviews
Allgäu Cannabis,87435,Kempten,Rainbow Cake,gramz. 002 RC 30/1,Hybrid,30%,1%,"7,40 €/g",Auf Lager,https://greenmedical.health/de/cannabis/flower/gramz_002_rc_30_1-rainbow_cake?deliveryTarget=cGhhcm1hY3k6fDoxNGI4ZWVhMC0yM2U1LTQ5MTItYmVjYS1lZjU5ZWE3ODBkZWQ%3D#reviews
Allgäu Cannabis,87435,Kempten,Permanent Marker,Bava Med 27/1 BLA-GA,Hybrid,27%,1%,"5,35 €/g",Auf Lager,https://greenmedical.health/de/cannabis/flower/bava_med_27_1_bla_ga-permanent_marker?deliveryTarget=cGhhcm1hY3k6fDoxNGI4ZWVhMC0yM2U1LTQ5MTItYmVjYS1lZjU5ZWE3ODBkZWQ%3D#reviews
Allgäu Cannabis,87435,Kempten,AV Gas,Beyond Bloom AV Gas 24/1,Hybrid Indica Dominant,24%,1%,"5,80 €/g",Auf Lager,https://greenmedical.health/de/cannabis/flower/beyond_bloom_av_gas_24_1-av_gas?deliveryTarget=cGhhcm1hY3k6fDoxNGI4ZWVhMC0yM2U1LTQ5MTItYmVjYS1lZjU5ZWE3ODBkZWQ%3D#reviews
Allgäu Cannabis,87435,Kempten,London Pound Cake,Cannamedical Indica Classic AU,Hybrid Indica Dominant,20%,1%,"6,40 €/g",Auf Lager,https://greenmedical.health/de/cannabis/flower/cannamedical_indica_classic_au-london_pound_cake?deliveryTarget=cGhhcm1hY3k6fDoxNGI4ZWVhMC0yM2U1LTQ5MTItYmVjYS1lZjU5ZWE3ODBkZWQ%3D#reviews
Allgäu Cannabis,87435,Kempten,OZK x CC,Demecan Core 24:1,Hybrid Indica Dominant,23.9%,<1%,"6,95 €/g",Auf Lager,https://greenmedical.health/de/cannabis/flower/demecan_core_24_1-ozk_x_cc?deliveryTarget=cGhhcm1hY3k6fDoxNGI4ZWVhMC0yM2U1LTQ5MTItYmVjYS1lZjU5ZWE3ODBkZWQ%3D#reviews
Allgäu Cannabis,87435,Kempten,Cookies Kerosene Punch,Cannamedical Indica Forte DK,Hybrid Indica Dominant,24%,1%,"5,90 €/g",Auf Lager,https://greenmedical.health/de/cannabis/flower/cannamedical_indica_forte_dk-cookies_kerosene_punch?deliveryTarget=cGhhcm1hY3k6fDoxNGI4ZWVhMC0yM2U1LTQ5MTItYmVjYS1lZjU5ZWE3ODBkZWQ%3D#reviews
Allgäu Cannabis,87435,Kempten,Moonbow 112 IX,Demecan Core Moonbow 27:1,Hybrid,25%,1%,"6,85 €/g",Auf Lager,https://greenmedical.health/de/cannabis/flower/demecan_core_moonbow_27_1-moonbow_112_ix?deliveryTarget=cGhhcm1hY3k6fDoxNGI4ZWVhMC0yM2U1LTQ5MTItYmVjYS1lZjU5ZWE3ODBkZWQ%3D#reviews
Allgäu Cannabis,87435,Kempten,Jokerz Pop #10,Patagonia JP10 34/1,Hybrid,34%,1%,"8,90 €/g",Auf Lager,https://greenmedical.health/de/cannabis/flower/patagonia_jp10_34_1-jokerz_pop_10?deliveryTarget=cGhhcm1hY3k6fDoxNGI4ZWVhMC0yM2U1LTQ5MTItYmVjYS1lZjU5ZWE3ODBkZWQ%3D#reviews
Allgäu Cannabis,87435,Kempten,Rainbow Pavé,Ceres RP 29/1,Hybrid,29%,1%,"6,40 €/g",Auf Lager,https://greenmedical.health/de/cannabis/flower/ceres_rp_29_1-rainbow_pav_?deliveryTarget=cGhhcm1hY3k6fDoxNGI4ZWVhMC0yM2U1LTQ5MTItYmVjYS1lZjU5ZWE3ODBkZWQ%3D#reviews
Allgäu Cannabis,87435,Kempten,Honey Biscotti,TREATZ HB 29/1,Hybrid Indica Dominant,29%,1%,"7,40 €/g",Auf Lager,https://greenmedical.health/de/cannabis/flower/treatz_hb_29_1-honey_biscotti?deliveryTarget=cGhhcm1hY3k6fDoxNGI4ZWVhMC0yM2U1LTQ5MTItYmVjYS1lZjU5ZWE3ODBkZWQ%3D#reviews
Allgäu Cannabis,87435,Kempten,Tiger Cake,Khiron TC 30/1,Hybrid,30%,<1%,"6,95 €/g",Auf Lager,https://greenmedical.health/de/cannabis/flower/khiron_tc_30_1-tiger_cake?deliveryTarget=cGhhcm1hY3k6fDoxNGI4ZWVhMC0yM2U1LTQ5MTItYmVjYS1lZjU5ZWE3ODBkZWQ%3D#reviews
Allgäu Cannabis,87435,Kempten,Gelato x Orange Cake (GLOC),LOT 420 GLOC,Hybrid,28%,1%,"7,95 €/g",Auf Lager,https://greenmedical.health/de/cannabis/flower/lot_420_gloc-gelato_x_orange_cake_gloc_?deliveryTarget=cGhhcm1hY3k6fDoxNGI4ZWVhMC0yM2U1LTQ5MTItYmVjYS1lZjU5ZWE3ODBkZWQ%3D#reviews
Allgäu Cannabis,87435,Kempten,8-Ball Kush,Materia 8BK 30/1,Hybrid Indica Dominant,30%,1%,"6,40 €/g",Auf Lager,https://greenmedical.health/de/cannabis/flower/materia_8bk_30_1-8_ball_kush?deliveryTarget=cGhhcm1hY3k6fDoxNGI4ZWVhMC0yM2U1LTQ5MTItYmVjYS1lZjU5ZWE3ODBkZWQ%3D#reviews
Allgäu Cannabis,87435,Kempten,Super Lemon G,420 Balanced Basic PT SLG,Sativa,5.6%,6.8%,"7,40 €/g",Auf Lager,https://greenmedical.health/de/cannabis/flower/420_balanced_basic_pt_slg-super_lemon_g?deliveryTarget=cGhhcm1hY3k6fDoxNGI4ZWVhMC0yM2U1LTQ5MTItYmVjYS1lZjU5ZWE3ODBkZWQ%3D#reviews
Allgäu Cannabis,87435,Kempten,Solpina Magic,Luana 32/1 Pine,Indica,32%,1%,"6,90 €/g",Auf Lager,https://greenmedical.health/de/cannabis/flower/luana_32_1_pine-solpina_magic?deliveryTarget=cGhhcm1hY3k6fDoxNGI4ZWVhMC0yM2U1LTQ5MTItYmVjYS1lZjU5ZWE3ODBkZWQ%3D#reviews
Allgäu Cannabis,87435,Kempten,Holy Roller,Demecan DMC Strong Drop,Hybrid Sativa Dominant,26%,1%,"6,45 €/g",Auf Lager,https://greenmedical.health/de/cannabis/flower/demecan_dmc_strong_drop-holy_roller?deliveryTarget=cGhhcm1hY3k6fDoxNGI4ZWVhMC0yM2U1LTQ5MTItYmVjYS1lZjU5ZWE3ODBkZWQ%3D#reviews
Allgäu Cannabis,87435,Kempten,Gelato33,LOT 420 GLT,Hybrid,25%,<1%,"9,90 €/g",Auf Lager,https://greenmedical.health/de/cannabis/flower/lot_420_glt_pt-gelato33?deliveryTarget=cGhhcm1hY3k6fDoxNGI4ZWVhMC0yM2U1LTQ5MTItYmVjYS1lZjU5ZWE3ODBkZWQ%3D#reviews
Allgäu Cannabis,87435,Kempten,Solpina Magic,Luana 28/1 Pine,Indica,28%,<1%,"5,99 €/g",Auf Lager,https://greenmedical.health/de/cannabis/flower/luana_28_1_pine-solpina_magic?deliveryTarget=cGhhcm1hY3k6fDoxNGI4ZWVhMC0yM2U1LTQ5MTItYmVjYS1lZjU5ZWE3ODBkZWQ%3D#reviews
Allgäu Cannabis,87435,Kempten,Siggis Zitronenblüte,Siggis ZBLT 28:01,Hybrid Indica Dominant,28%,1%,"9,40 €/g",Auf Lager,https://greenmedical.health/de/cannabis/flower/siggis_zblt_28_01-siggis_zitronenbluete?deliveryTarget=cGhhcm1hY3k6fDoxNGI4ZWVhMC0yM2U1LTQ5MTItYmVjYS1lZjU5ZWE3ODBkZWQ%3D#reviews
Allgäu Cannabis,87435,Kempten,Khalifa Kush,AVAAY Khalifa 32/1 KK,Hybrid,32%,1%,"9,90 €/g",Auf Lager,https://greenmedical.health/de/cannabis/flower/avaay_khalifa_32_1_kk-khalifa_kush?deliveryTarget=cGhhcm1hY3k6fDoxNGI4ZWVhMC0yM2U1LTQ5MTItYmVjYS1lZjU5ZWE3ODBkZWQ%3D#reviews
Allgäu Cannabis,87435,Kempten,Gelat Skyfloater,Cannamedical Indica Forte DK 22/1,Hybrid Indica Dominant,22%,1%,"5,90 €/g",Auf Lager,https://greenmedical.health/de/cannabis/flower/cannamedical_indica_forte_dk_22_1-gelat_skyfloater?deliveryTarget=cGhhcm1hY3k6fDoxNGI4ZWVhMC0yM2U1LTQ5MTItYmVjYS1lZjU5ZWE3ODBkZWQ%3D#reviews
Allgäu Cannabis,87435,Kempten,Hawaiian Faanta,Greyscales HF 27/1,Hybrid,27%,1%,"7,95 €/g",Auf Lager,https://greenmedical.health/de/cannabis/flower/greyscales_hf_27_1-hawaiian_faanta?deliveryTarget=cGhhcm1hY3k6fDoxNGI4ZWVhMC0yM2U1LTQ5MTItYmVjYS1lZjU5ZWE3ODBkZWQ%3D#reviews
Allgäu Cannabis,87435,Kempten,Frostiez,TREATZ FZ 25/1,Hybrid Sativa Dominant,25%,1%,"6,90 €/g",Auf Lager,https://greenmedical.health/de/cannabis/flower/treatz_fz_25_1-frostiez?deliveryTarget=cGhhcm1hY3k6fDoxNGI4ZWVhMC0yM2U1LTQ5MTItYmVjYS1lZjU5ZWE3ODBkZWQ%3D#reviews
Allgäu Cannabis,87435,Kempten,Pink Slurricane,Lahoja ACSMC 25/1,Hybrid Indica Dominant,25.4%,<1%,"5,90 €/g",Auf Lager,https://greenmedical.health/de/cannabis/flower/lahoja_acsmc_25_1-pink_slurricane?deliveryTarget=cGhhcm1hY3k6fDoxNGI4ZWVhMC0yM2U1LTQ5MTItYmVjYS1lZjU5ZWE3ODBkZWQ%3D#reviews
Canthera,90403,Nürnberg,Sour Ape,Luana 24/1 APE,Hybrid,22%,1%,"4,70 €/g",Auf Lager,https://greenmedical.health/de/cannabis/flower/luana_24_1_ape-sour_ape?deliveryTarget=cGhhcm1hY3k6fDo1YTQxMThjYy04ZWU2LTRlZjMtYWQ4Mi1jMDhlY2YwMDRiOGU%3D#reviews
Canthera,90403,Nürnberg,Tangerine Boost,Cannamedical Indica Forte BC,Hybrid Sativa Dominant,23.8%,1%,"5,00 €/g",Auf Lager,https://greenmedical.health/de/cannabis/flower/cannamedical_indica_forte_bc-tangerine_boost?deliveryTarget=cGhhcm1hY3k6fDo1YTQxMThjYy04ZWU2LTRlZjMtYWQ4Mi1jMDhlY2YwMDRiOGU%3D#reviews
Canthera,90403,Nürnberg,Cosmic Cream,Pedanios 31/1 COS-CA,Hybrid Indica Dominant,31%,<1%,"7,65 €/g",Auf Lager,https://greenmedical.health/de/cannabis/flower/pedanios-31-1-cos-ca-cosmic-cream-34e1?deliveryTarget=cGhhcm1hY3k6fDo1YTQxMThjYy04ZWU2LTRlZjMtYWQ4Mi1jMDhlY2YwMDRiOGU%3D#reviews
Canthera,90403,Nürnberg,Electric Honeydew (EHD),Pedanios 26/1 EHD-CA,Sativa,26%,<1%,"5,95 €/g",Auf Lager,https://greenmedical.health/de/cannabis/flower/pedanios-26-1-ehd-ca-electric-honeydew-ehd?deliveryTarget=cGhhcm1hY3k6fDo1YTQxMThjYy04ZWU2LTRlZjMtYWQ4Mi1jMDhlY2YwMDRiOGU%3D#reviews
Canthera,90403,Nürnberg,Cookies OG,TRUU GT 30/1,Hybrid,30%,<1%,"5,99 €/g",Auf Lager,https://greenmedical.health/de/cannabis/flower/truu_gt_30_1-cookies_og?deliveryTarget=cGhhcm1hY3k6fDo1YTQxMThjYy04ZWU2LTRlZjMtYWQ4Mi1jMDhlY2YwMDRiOGU%3D#reviews
Canthera,90403,Nürnberg,Sourdough,Pedanios 29/1 SRD-CA,Indica,29%,<1%,"5,28 €/g",Auf Lager,https://greenmedical.health/de/cannabis/flower/pedanios-29-1-srd-ca-sourdough-srd?deliveryTarget=cGhhcm1hY3k6fDo1YTQxMThjYy04ZWU2LTRlZjMtYWQ4Mi1jMDhlY2YwMDRiOGU%3D#reviews
Canthera,90403,Nürnberg,Polar Pop,Bathera 35/1 PP,Hybrid Sativa Dominant,36.4%,1%,"8,33 €/g",Auf Lager,https://greenmedical.health/de/cannabis/flower/bathera_35_1_pp-polar_pop?deliveryTarget=cGhhcm1hY3k6fDo1YTQxMThjYy04ZWU2LTRlZjMtYWQ4Mi1jMDhlY2YwMDRiOGU%3D#reviews
Canthera,90403,Nürnberg,Crumbled Lime,TRUU GT 23/1,Sativa,23%,1%,"5,24 €/g",Auf Lager,https://greenmedical.health/de/cannabis/flower/truu_gt_23_01-crumbled_lime?deliveryTarget=cGhhcm1hY3k6fDo1YTQxMThjYy04ZWU2LTRlZjMtYWQ4Mi1jMDhlY2YwMDRiOGU%3D#reviews
Canthera,90403,Nürnberg,Space Cake,Peace Naturals 33/1 SC,Hybrid Sativa Dominant,33%,1%,"7,13 €/g",Auf Lager,https://greenmedical.health/de/cannabis/flower/peace-naturals-33-1-sc-space-cake-c4d2?deliveryTarget=cGhhcm1hY3k6fDo1YTQxMThjYy04ZWU2LTRlZjMtYWQ4Mi1jMDhlY2YwMDRiOGU%3D#reviews
Canthera,90403,Nürnberg,Chemango Kush,Pedanios 28/1 CMK-CA,Hybrid Indica Dominant,28%,1%,"5,95 €/g",Auf Lager,https://greenmedical.health/de/cannabis/flower/pedanios_28_1_cmk_ca-chemango_kush?deliveryTarget=cGhhcm1hY3k6fDo1YTQxMThjYy04ZWU2LTRlZjMtYWQ4Mi1jMDhlY2YwMDRiOGU%3D#reviews
Canthera,90403,Nürnberg,Cinderella Kush,Huala 27/1 UK CIN,Hybrid Indica Dominant,27%,1%,"3,93 €/g",Auf Lager,https://greenmedical.health/de/cannabis/flower/huala_27_1_uk_cin-cinderella_kush?deliveryTarget=cGhhcm1hY3k6fDo1YTQxMThjYy04ZWU2LTRlZjMtYWQ4Mi1jMDhlY2YwMDRiOGU%3D#reviews
Canthera,90403,Nürnberg,Gastro Pop,420 Compound 33/1 GAP,Hybrid Indica Dominant,33%,<1%,"7,02 €/g",Auf Lager,https://greenmedical.health/de/cannabis/flower/420_compound_33_1_gap-gastro_pop?deliveryTarget=cGhhcm1hY3k6fDo1YTQxMThjYy04ZWU2LTRlZjMtYWQ4Mi1jMDhlY2YwMDRiOGU%3D#reviews
Canthera,90403,Nürnberg,Wedding Cake x Jet Fuel Gelato,Demecan Core Saxonia 28:1,Hybrid Indica Dominant,28%,<1%,"5,79 €/g",Auf Lager,https://greenmedical.health/de/cannabis/flower/demecan_core_saxonia_28_01-wedding_cake_x_jet_fuel_gelato?deliveryTarget=cGhhcm1hY3k6fDo1YTQxMThjYy04ZWU2LTRlZjMtYWQ4Mi1jMDhlY2YwMDRiOGU%3D#reviews
Canthera,90403,Nürnberg,Georgia Pie,N!CE 26/1 GP,Hybrid,26%,1%,"4,87 €/g",Auf Lager,https://greenmedical.health/de/cannabis/flower/n_ce_26_1_gp-georgia_pie?deliveryTarget=cGhhcm1hY3k6fDo1YTQxMThjYy04ZWU2LTRlZjMtYWQ4Mi1jMDhlY2YwMDRiOGU%3D#reviews
Canthera,90403,Nürnberg,Peechy Keen,Demecan CRAFT Luna 31:1,Hybrid Indica Dominant,30.1%,<1%,"5,65 €/g",Auf Lager,https://greenmedical.health/de/cannabis/flower/demecan_craft_luna_31_1-peechy_keen?deliveryTarget=cGhhcm1hY3k6fDo1YTQxMThjYy04ZWU2LTRlZjMtYWQ4Mi1jMDhlY2YwMDRiOGU%3D#reviews
Canthera,90403,Nürnberg,Point Breeze,AVAAY Khalifa 28/1 PB,Hybrid Indica Dominant,28%,1%,"8,56 €/g",Auf Lager,https://greenmedical.health/de/cannabis/flower/avaay_khalifa_28_1_pb-point_breeze?deliveryTarget=cGhhcm1hY3k6fDo1YTQxMThjYy04ZWU2LTRlZjMtYWQ4Mi1jMDhlY2YwMDRiOGU%3D#reviews
Canthera,90403,Nürnberg,Sugar Cake,Demecan CRAFT Walkie Talkie 27:1,Hybrid Indica Dominant,27%,<1%,"4,65 €/g",Auf Lager,https://greenmedical.health/de/cannabis/flower/demecan_craft_walkie_talkie_27_01-sugar_cake?deliveryTarget=cGhhcm1hY3k6fDo1YTQxMThjYy04ZWU2LTRlZjMtYWQ4Mi1jMDhlY2YwMDRiOGU%3D#reviews
Canthera,90403,Nürnberg,Jet Fuel Gelato,enua 30/1 PS3 JFG CA,Hybrid,30%,1%,"4,46 €/g",Auf Lager,https://greenmedical.health/de/cannabis/flower/enua_30_1_ps3_jfg_ca-jet_fuel_gelato?deliveryTarget=cGhhcm1hY3k6fDo1YTQxMThjYy04ZWU2LTRlZjMtYWQ4Mi1jMDhlY2YwMDRiOGU%3D#reviews
Canthera,90403,Nürnberg,Lava Cake,Demecan MC Strong Drop,Hybrid Indica Dominant,27%,<1%,"4,99 €/g",Auf Lager,https://greenmedical.health/de/cannabis/flower/demecan_mc_strong_drop-lava_cake?deliveryTarget=cGhhcm1hY3k6fDo1YTQxMThjYy04ZWU2LTRlZjMtYWQ4Mi1jMDhlY2YwMDRiOGU%3D#reviews
Canthera,90403,Nürnberg,Purps Crystal Breath,enua 33/1 PCB CA,Hybrid Indica Dominant,33%,1%,"6,25 €/g",Auf Lager,https://greenmedical.health/de/cannabis/flower/enua_33_1_pcb_ca-purps_crystal_breath?deliveryTarget=cGhhcm1hY3k6fDo1YTQxMThjYy04ZWU2LTRlZjMtYWQ4Mi1jMDhlY2YwMDRiOGU%3D#reviews
Canthera,90403,Nürnberg,Nothern Lime Pie,enua 33/1 NLP CA,Hybrid,33%,1%,"6,25 €/g",Auf Lager,https://greenmedical.health/de/cannabis/flower/enua_33_1_nlp_ca-nothern_lime_pie?deliveryTarget=cGhhcm1hY3k6fDo1YTQxMThjYy04ZWU2LTRlZjMtYWQ4Mi1jMDhlY2YwMDRiOGU%3D#reviews
Canthera,90403,Nürnberg,Waffle Truffle,Huala 25/1 UK WTR,Hybrid Indica Dominant,25%,1%,"3,99 €/g",Auf Lager,https://greenmedical.health/de/cannabis/flower/huala_25_1_uk_wtr-waffle_truffle?deliveryTarget=cGhhcm1hY3k6fDo1YTQxMThjYy04ZWU2LTRlZjMtYWQ4Mi1jMDhlY2YwMDRiOGU%3D#reviews
Canthera,90403,Nürnberg,Alien Mints,Huala 30/1 CA ALM,Hybrid Indica Dominant,30%,1%,"4,99 €/g",NEU,https://greenmedical.health/de/cannabis/flower/huala_30_1_ca_alm-alien_mints?deliveryTarget=cGhhcm1hY3k6fDo1YTQxMThjYy04ZWU2LTRlZjMtYWQ4Mi1jMDhlY2YwMDRiOGU%3D#reviews
Canthera,90403,Nürnberg,Azzai,ZOIKS 22/1 AZZ,Hybrid,22%,1%,"4,34 €/g",Auf Lager,https://greenmedical.health/de/cannabis/flower/zoiks_22_1_azz-azzai?deliveryTarget=cGhhcm1hY3k6fDo1YTQxMThjYy04ZWU2LTRlZjMtYWQ4Mi1jMDhlY2YwMDRiOGU%3D#reviews
Canthera,90403,Nürnberg,Permanent Marker,Bathera 28/1,Hybrid Sativa Dominant,28%,1%,"6,78 €/g",Auf Lager,https://greenmedical.health/de/cannabis/flower/bathera_28_1-permanent_marker?deliveryTarget=cGhhcm1hY3k6fDo1YTQxMThjYy04ZWU2LTRlZjMtYWQ4Mi1jMDhlY2YwMDRiOGU%3D#reviews
Canthera,90403,Nürnberg,Girl Scout Cookies,Luana 20/1 GSC,Hybrid,20%,1%,"4,05 €/g",Auf Lager,https://greenmedical.health/de/cannabis/flower/luana_20_1_gsc-girl_scout_cookies?deliveryTarget=cGhhcm1hY3k6fDo1YTQxMThjYy04ZWU2LTRlZjMtYWQ4Mi1jMDhlY2YwMDRiOGU%3D#reviews
Canthera,90403,Nürnberg,Jokerz #31 x Gastro Pop,Demecan CRAFT Tigerz Eye 31:1,Hybrid,31%,1%,"7,38 €/g",Auf Lager,https://greenmedical.health/de/cannabis/flower/demecan_craft_tigerz_eye_31_1-jokerz_31_x_gastro_pop?deliveryTarget=cGhhcm1hY3k6fDo1YTQxMThjYy04ZWU2LTRlZjMtYWQ4Mi1jMDhlY2YwMDRiOGU%3D#reviews
Canthera,90403,Nürnberg,Sourflare,ZOIKS 22/1 SF,Hybrid Sativa Dominant,22%,1%,"4,58 €/g",Auf Lager,https://greenmedical.health/de/cannabis/flower/zoiks_22_1_sf-sourflare?deliveryTarget=cGhhcm1hY3k6fDo1YTQxMThjYy04ZWU2LTRlZjMtYWQ4Mi1jMDhlY2YwMDRiOGU%3D#reviews
Canthera,90403,Nürnberg,Facetz,Demecan CRAFT Rocket 28:1 Pave x Gastro Pop,Hybrid,28%,<1%,"6,32 €/g",Auf Lager,https://greenmedical.health/de/cannabis/flower/demecan_craft_rocket_28_1_pave_x_gastro_pop-facetz?deliveryTarget=cGhhcm1hY3k6fDo1YTQxMThjYy04ZWU2LTRlZjMtYWQ4Mi1jMDhlY2YwMDRiOGU%3D#reviews
Canthera,90403,Nürnberg,Pineapple Cherry Punch,enua 30/1 PS3 CA PCP,Hybrid,30%,1%,"5,24 €/g",Auf Lager,https://greenmedical.health/de/cannabis/flower/enua_30_1_ps3_ca_pcp-pineapple_cherry_punch?deliveryTarget=cGhhcm1hY3k6fDo1YTQxMThjYy04ZWU2LTRlZjMtYWQ4Mi1jMDhlY2YwMDRiOGU%3D#reviews
Canthera,90403,Nürnberg,Blue Z,Bathera 25/1 BZ,Hybrid Indica Dominant,25%,1%,"6,78 €/g",Auf Lager,https://greenmedical.health/de/cannabis/flower/bathera_25_1_bz-blue_z?deliveryTarget=cGhhcm1hY3k6fDo1YTQxMThjYy04ZWU2LTRlZjMtYWQ4Mi1jMDhlY2YwMDRiOGU%3D#reviews
Canthera,90403,Nürnberg,Super Silver Haze,Bathera 25/1 SSH,Hybrid,25%,1%,"7,14 €/g",Auf Lager,https://greenmedical.health/de/cannabis/flower/bathera_25_1_ssh-super_silver_haze?deliveryTarget=cGhhcm1hY3k6fDo1YTQxMThjYy04ZWU2LTRlZjMtYWQ4Mi1jMDhlY2YwMDRiOGU%3D#reviews
Canthera,90403,Nürnberg,Blueberry Yum Yum,AVAAY Signature 23/1 BYY,Hybrid Indica Dominant,23%,1%,"7,74 €/g",Auf Lager,https://greenmedical.health/de/cannabis/flower/avaay_signature_23_1_byy-blueberry_yum_yum?deliveryTarget=cGhhcm1hY3k6fDo1YTQxMThjYy04ZWU2LTRlZjMtYWQ4Mi1jMDhlY2YwMDRiOGU%3D#reviews
Canthera,90403,Nürnberg,First Class Funk,Demecan CRAFT FCF 28:1,Hybrid Indica Dominant,28%,<1%,"6,38 €/g",Auf Lager,https://greenmedical.health/de/cannabis/flower/demecan_craft_fcf_28_01-first_class_funk?deliveryTarget=cGhhcm1hY3k6fDo1YTQxMThjYy04ZWU2LTRlZjMtYWQ4Mi1jMDhlY2YwMDRiOGU%3D#reviews
Canthera,90403,Nürnberg,Afghan Bubba Kush,Cannamedical Hybrid Ultimate SF,Hybrid,33%,1%,"7,50 €/g",Auf Lager,https://greenmedical.health/de/cannabis/flower/cannamedical_hybrid_ultimate_sf-afghan_bubba_kush?deliveryTarget=cGhhcm1hY3k6fDo1YTQxMThjYy04ZWU2LTRlZjMtYWQ4Mi1jMDhlY2YwMDRiOGU%3D#reviews
Canthera,90403,Nürnberg,Purple Punch x Jungle Cake,Demecan CRAFT D-Jungle 28:1,Hybrid Indica Dominant,28%,1%,"5,35 €/g",Auf Lager,https://greenmedical.health/de/cannabis/flower/demecan_craft_d_jungle_28_1-purple_punch_x_jungle_cake?deliveryTarget=cGhhcm1hY3k6fDo1YTQxMThjYy04ZWU2LTRlZjMtYWQ4Mi1jMDhlY2YwMDRiOGU%3D#reviews
Canthera,90403,Nürnberg,Gelato OG Kush,Demecan CRAFT Electron 31:1,Hybrid,31%,1%,"7,38 €/g",Auf Lager,https://greenmedical.health/de/cannabis/flower/demecan_craft_electron_31_1-gelato_og_kush?deliveryTarget=cGhhcm1hY3k6fDo1YTQxMThjYy04ZWU2LTRlZjMtYWQ4Mi1jMDhlY2YwMDRiOGU%3D#reviews
Canthera,90403,Nürnberg,Gelly Popper,enua 27/1 GPP CA,Hybrid Sativa Dominant,27%,<1%,"5,82 €/g",Auf Lager,https://greenmedical.health/de/cannabis/flower/enua_27_1_gpp_ca-gelly_popper?deliveryTarget=cGhhcm1hY3k6fDo1YTQxMThjYy04ZWU2LTRlZjMtYWQ4Mi1jMDhlY2YwMDRiOGU%3D#reviews
Canthera,90403,Nürnberg,Apple Slapz,THC AKUT OHS 20 AS,Hybrid Indica Dominant,20%,1%,"3,67 €/g",NEU,https://greenmedical.health/de/cannabis/flower/thc_akut_ohs_20_as-apple_slapz?deliveryTarget=cGhhcm1hY3k6fDo1YTQxMThjYy04ZWU2LTRlZjMtYWQ4Mi1jMDhlY2YwMDRiOGU%3D#reviews
Canthera,90403,Nürnberg,Permanent Midnight,Bathera 20/1 PMM,Hybrid,20%,1%,"4,40 €/g",Auf Lager,https://greenmedical.health/de/cannabis/flower/bathera_20_1_pmm-permanent_midnight?deliveryTarget=cGhhcm1hY3k6fDo1YTQxMThjYy04ZWU2LTRlZjMtYWQ4Mi1jMDhlY2YwMDRiOGU%3D#reviews
Canthera,90403,Nürnberg,Jack Flash5,DrWatson 26 Jack Flash5 AUS,Hybrid Sativa Dominant,26%,1%,"3,99 €/g",Auf Lager,https://greenmedical.health/de/cannabis/flower/drwatson_26_jack_flash5_aus-jack_flash5?deliveryTarget=cGhhcm1hY3k6fDo1YTQxMThjYy04ZWU2LTRlZjMtYWQ4Mi1jMDhlY2YwMDRiOGU%3D#reviews
Canthera,90403,Nürnberg,Jungl' Cake,Remexian 33/1 MTL JUC,Hybrid Sativa Dominant,33%,<1%,"6,53 €/g",Auf Lager,https://greenmedical.health/de/cannabis/flower/remexian_33_1_mtl_juc-jungl_cake?deliveryTarget=cGhhcm1hY3k6fDo1YTQxMThjYy04ZWU2LTRlZjMtYWQ4Mi1jMDhlY2YwMDRiOGU%3D#reviews
Canthera,90403,Nürnberg,Magic Gum Drops,420 Evolution 27/1 CA MGD,Hybrid Indica Dominant,27%,1%,"6,19 €/g",Auf Lager,https://greenmedical.health/de/cannabis/flower/420_evolution_27_1_ca_mgd-magic_gum_drops?deliveryTarget=cGhhcm1hY3k6fDo1YTQxMThjYy04ZWU2LTRlZjMtYWQ4Mi1jMDhlY2YwMDRiOGU%3D#reviews
Canthera,90403,Nürnberg,Cereal Milk,Bathera 28/1 CM,Hybrid,28%,1%,"6,90 €/g",Auf Lager,https://greenmedical.health/de/cannabis/flower/bathera_28_1_cm-cereal_milk?deliveryTarget=cGhhcm1hY3k6fDo1YTQxMThjYy04ZWU2LTRlZjMtYWQ4Mi1jMDhlY2YwMDRiOGU%3D#reviews
Canthera,90403,Nürnberg,Pavé X Gastro Pop,Demecan CRAFT Rocket 31:1,Hybrid,34%,<1%,"5,99 €/g",Auf Lager,https://greenmedical.health/de/cannabis/flower/demecan_craft_rocket_31_01-pav_x_gastro_pop?deliveryTarget=cGhhcm1hY3k6fDo1YTQxMThjYy04ZWU2LTRlZjMtYWQ4Mi1jMDhlY2YwMDRiOGU%3D#reviews
Canthera,90403,Nürnberg,GMO Cookies x Kush Mints,TRUU LX 24/1,Hybrid,24%,1%,"4,43 €/g",Auf Lager,https://greenmedical.health/de/cannabis/flower/truu_lx_24_1-gmo_cookies_x_kush_mints?deliveryTarget=cGhhcm1hY3k6fDo1YTQxMThjYy04ZWU2LTRlZjMtYWQ4Mi1jMDhlY2YwMDRiOGU%3D#reviews
Canthera,90403,Nürnberg,Miracle Alien Mintz,enua 30/1 AT2 CA MAM,Hybrid,30%,1%,"4,68 €/g",Auf Lager,https://greenmedical.health/de/cannabis/flower/enua_30_1_at2_ca_mam-miracle_alien_mintz?deliveryTarget=cGhhcm1hY3k6fDo1YTQxMThjYy04ZWU2LTRlZjMtYWQ4Mi1jMDhlY2YwMDRiOGU%3D#reviews
Canthera,90403,Nürnberg,Frosted Fruit Cake,420 Evolution 30/1 CA FFC,Hybrid Indica Dominant,30%,1%,"6,37 €/g",Auf Lager,https://greenmedical.health/de/cannabis/flower/420_evolution_30_1_ca_ffc-frosted_fruit_cake?deliveryTarget=cGhhcm1hY3k6fDo1YTQxMThjYy04ZWU2LTRlZjMtYWQ4Mi1jMDhlY2YwMDRiOGU%3D#reviews
Canthera,90403,Nürnberg,Power,Demecan Core Veloz 27:1,Hybrid,27%,1%,"4,88 €/g",Auf Lager,https://greenmedical.health/de/cannabis/flower/demecan_core_veloz_27_01-power?deliveryTarget=cGhhcm1hY3k6fDo1YTQxMThjYy04ZWU2LTRlZjMtYWQ4Mi1jMDhlY2YwMDRiOGU%3D#reviews
Canthera,90403,Nürnberg,Modified Grapes,Remexian 27/1 CRF MG,Hybrid Indica Dominant,27%,1%,"4,03 €/g",Auf Lager,https://greenmedical.health/de/cannabis/flower/remexian_27_1_crf_mg-modified_grapes?deliveryTarget=cGhhcm1hY3k6fDo1YTQxMThjYy04ZWU2LTRlZjMtYWQ4Mi1jMDhlY2YwMDRiOGU%3D#reviews
Canthera,90403,Nürnberg,Sugar Dream,Medical Saints 30/1 SRD,Hybrid,30%,1%,"4,70 €/g",Auf Lager,https://greenmedical.health/de/cannabis/flower/medical_saints_30_1_srd-sugar_dream?deliveryTarget=cGhhcm1hY3k6fDo1YTQxMThjYy04ZWU2LTRlZjMtYWQ4Mi1jMDhlY2YwMDRiOGU%3D#reviews
Canthera,90403,Nürnberg,Neon Princess,THC AKUT OHS 20 NP,Hybrid,20%,1%,"3,45 €/g",NEU,https://greenmedical.health/de/cannabis/flower/thc_akut_ohs_20_np-neon_princess?deliveryTarget=cGhhcm1hY3k6fDo1YTQxMThjYy04ZWU2LTRlZjMtYWQ4Mi1jMDhlY2YwMDRiOGU%3D#reviews
Canthera,90403,Nürnberg,Animal Cookies x SinMint Cookies,Demecan PS Strong Drop,Hybrid Indica Dominant,27%,1%,"3,75 €/g",Auf Lager,https://greenmedical.health/de/cannabis/flower/demecan_ps_strong_drop-animal_cookies_x_sinmint_cookies?deliveryTarget=cGhhcm1hY3k6fDo1YTQxMThjYy04ZWU2LTRlZjMtYWQ4Mi1jMDhlY2YwMDRiOGU%3D#reviews
Canthera,90403,Nürnberg,Space Rider,ZOIKS 22/1 SR,Hybrid Indica Dominant,22%,1%,"5,06 €/g",Auf Lager,https://greenmedical.health/de/cannabis/flower/zoiks_22_1_sr-space_rider?deliveryTarget=cGhhcm1hY3k6fDo1YTQxMThjYy04ZWU2LTRlZjMtYWQ4Mi1jMDhlY2YwMDRiOGU%3D#reviews
Canthera,90403,Nürnberg,Tropicana Cookies,Demecan Core Sunshine Pure 22:1,Hybrid Sativa Dominant,22%,1%,"4,97 €/g",Auf Lager,https://greenmedical.health/de/cannabis/flower/demecan_core_sunshine_pure_22_1-pucker_up?deliveryTarget=cGhhcm1hY3k6fDo1YTQxMThjYy04ZWU2LTRlZjMtYWQ4Mi1jMDhlY2YwMDRiOGU%3D#reviews
Canthera,90403,Nürnberg,Glitterbomb x Rainbow Cheddar,Remexian 26/1 CRF GBRC,Hybrid Indica Dominant,26%,1%,"4,99 €/g",Auf Lager,https://greenmedical.health/de/cannabis/flower/remexian_26_1_crf_gbrc-glitterbomb_x_rainbow_cheddar?deliveryTarget=cGhhcm1hY3k6fDo1YTQxMThjYy04ZWU2LTRlZjMtYWQ4Mi1jMDhlY2YwMDRiOGU%3D#reviews
Canthera,90403,Nürnberg,Frosted Gumbo,Remexian 32/1 CRF FG,Hybrid Indica Dominant,32%,1%,"5,94 €/g",Auf Lager,https://greenmedical.health/de/cannabis/flower/remexian_32_1_crf_fg-frosted_gumbo?deliveryTarget=cGhhcm1hY3k6fDo1YTQxMThjYy04ZWU2LTRlZjMtYWQ4Mi1jMDhlY2YwMDRiOGU%3D#reviews
Canthera,90403,Nürnberg,Cheat Code,Remexian 33/1 MTL CHC,Hybrid,33%,1%,"6,53 €/g",Auf Lager,https://greenmedical.health/de/cannabis/flower/remexian_33_1_mtl_chc-cheat_code?deliveryTarget=cGhhcm1hY3k6fDo1YTQxMThjYy04ZWU2LTRlZjMtYWQ4Mi1jMDhlY2YwMDRiOGU%3D#reviews
Canthera,90403,Nürnberg,Apples & Bananas,Bathera 28/1 AB,Hybrid,28%,1%,"7,14 €/g",Auf Lager,https://greenmedical.health/de/cannabis/flower/bathera_28_1_ab_apples_and_bananas-apples_bananas?deliveryTarget=cGhhcm1hY3k6fDo1YTQxMThjYy04ZWU2LTRlZjMtYWQ4Mi1jMDhlY2YwMDRiOGU%3D#reviews
Canthera,90403,Nürnberg,Game Over #4,Demecan CRAFT GO 24:1,Hybrid Sativa Dominant,24%,1%,"6,60 €/g",Auf Lager,https://greenmedical.health/de/cannabis/flower/demecan_craft_go_24_1-game_over_4?deliveryTarget=cGhhcm1hY3k6fDo1YTQxMThjYy04ZWU2LTRlZjMtYWQ4Mi1jMDhlY2YwMDRiOGU%3D#reviews
Canthera,90403,Nürnberg,Black Jelly,Pedanios 27/1 BLY-CA,Hybrid Sativa Dominant,27%,1%,"6,43 €/g",Auf Lager,https://greenmedical.health/de/cannabis/flower/pedanios_27_1_bly_ca-black_jelly?deliveryTarget=cGhhcm1hY3k6fDo1YTQxMThjYy04ZWU2LTRlZjMtYWQ4Mi1jMDhlY2YwMDRiOGU%3D#reviews
Canthera,90403,Nürnberg,Kush Mint,Canopy KMI 30/1,Hybrid Indica Dominant,30%,<1%,"5,34 €/g",Auf Lager,https://greenmedical.health/de/cannabis/flower/canopy_kmi_30_1-kush_mintz?deliveryTarget=cGhhcm1hY3k6fDo1YTQxMThjYy04ZWU2LTRlZjMtYWQ4Mi1jMDhlY2YwMDRiOGU%3D#reviews
Canthera,90403,Nürnberg,Garlic Skittlez,Eufloria 30/1 GSZ,Hybrid,30%,1%,"4,99 €/g",Auf Lager,https://greenmedical.health/de/cannabis/flower/eufloria_30_1_gsz-garlic_skittlez?deliveryTarget=cGhhcm1hY3k6fDo1YTQxMThjYy04ZWU2LTRlZjMtYWQ4Mi1jMDhlY2YwMDRiOGU%3D#reviews
Canthera,90403,Nürnberg,Kush Mint,N!CE 27/1 KM,Hybrid Indica Dominant,27%,1%,"4,21 €/g",Auf Lager,https://greenmedical.health/de/cannabis/flower/n_ce_27_1_km-kush_mint?deliveryTarget=cGhhcm1hY3k6fDo1YTQxMThjYy04ZWU2LTRlZjMtYWQ4Mi1jMDhlY2YwMDRiOGU%3D#reviews
Canthera,90403,Nürnberg,Cap Junky,Soma OG 34/1 PF,Hybrid Indica Dominant,34%,1%,"7,32 €/g",Auf Lager,https://greenmedical.health/de/cannabis/flower/soma_og_34_1_pf-cap_junky?deliveryTarget=cGhhcm1hY3k6fDo1YTQxMThjYy04ZWU2LTRlZjMtYWQ4Mi1jMDhlY2YwMDRiOGU%3D#reviews
Canthera,90403,Nürnberg,Big Purple Dragon,Weeco 26/1,Hybrid,26%,1%,"3,97 €/g",Auf Lager,https://greenmedical.health/de/cannabis/flower/weeco_26_1-big_purple_dragon?deliveryTarget=cGhhcm1hY3k6fDo1YTQxMThjYy04ZWU2LTRlZjMtYWQ4Mi1jMDhlY2YwMDRiOGU%3D#reviews
Canthera,90403,Nürnberg,Mac 1,420 Evolution 25/1 CA MAC,Indica,25%,<1%,"5,83 €/g",Auf Lager,https://greenmedical.health/de/cannabis/flower/420-evolution-25-1-ca-mac-mac-1?deliveryTarget=cGhhcm1hY3k6fDo1YTQxMThjYy04ZWU2LTRlZjMtYWQ4Mi1jMDhlY2YwMDRiOGU%3D#reviews
Canthera,90403,Nürnberg,LA Kush Cake,Cannamedical Indica Forte AU LKC,Hybrid Indica Dominant,24%,1%,"5,83 €/g",Auf Lager,https://greenmedical.health/de/cannabis/flower/cannamedical_indica_forte_au_lkc-la_kush_cake?deliveryTarget=cGhhcm1hY3k6fDo1YTQxMThjYy04ZWU2LTRlZjMtYWQ4Mi1jMDhlY2YwMDRiOGU%3D#reviews
Canthera,90403,Nürnberg,Grape Face,Huala 25/1 CA GRF,Hybrid,25%,<1%,"3,88 €/g",Auf Lager,https://greenmedical.health/de/cannabis/flower/huala_25_1_ca_grf-grape_face?deliveryTarget=cGhhcm1hY3k6fDo1YTQxMThjYy04ZWU2LTRlZjMtYWQ4Mi1jMDhlY2YwMDRiOGU%3D#reviews
Canthera,90403,Nürnberg,OG Kush,Slouu 22/1 PS3 CA OGK,Hybrid,22%,1%,"4,05 €/g",Auf Lager,https://greenmedical.health/de/cannabis/flower/slouu_22_1_ps3_ca_ogk-og_kush?deliveryTarget=cGhhcm1hY3k6fDo1YTQxMThjYy04ZWU2LTRlZjMtYWQ4Mi1jMDhlY2YwMDRiOGU%3D#reviews
Canthera,90403,Nürnberg,Black Cherry Punch,THC AKUT MG 24 BCP,Hybrid Indica Dominant,24%,1%,"4,05 €/g",Auf Lager,https://greenmedical.health/de/cannabis/flower/thc_akut_mg_24_bcp-black_cherry_punch?deliveryTarget=cGhhcm1hY3k6fDo1YTQxMThjYy04ZWU2LTRlZjMtYWQ4Mi1jMDhlY2YwMDRiOGU%3D#reviews
Canthera,90403,Nürnberg,Loud Mouth,Tweed LMH 26/1,Hybrid,26%,1%,"4,51 €/g",Auf Lager,https://greenmedical.health/de/cannabis/flower/tweed_lmh_26_1-loud_mouth?deliveryTarget=cGhhcm1hY3k6fDo1YTQxMThjYy04ZWU2LTRlZjMtYWQ4Mi1jMDhlY2YwMDRiOGU%3D#reviews
Canthera,90403,Nürnberg,Purple Ice Water,BOTANICS Purple Cream 26/1,Hybrid,26%,<1%,"3,69 €/g",Auf Lager,https://greenmedical.health/de/cannabis/flower/botanics_purple_cream_26_1-purple_ice_water?deliveryTarget=cGhhcm1hY3k6fDo1YTQxMThjYy04ZWU2LTRlZjMtYWQ4Mi1jMDhlY2YwMDRiOGU%3D#reviews
Canthera,90403,Nürnberg,Moonbow 112 IX,Demecan Core Moonbow 23:1,Hybrid,23%,1%,"5,12 €/g",Auf Lager,https://greenmedical.health/de/cannabis/flower/demecan_core_moonbow_23_1-moonbow_112_ix?deliveryTarget=cGhhcm1hY3k6fDo1YTQxMThjYy04ZWU2LTRlZjMtYWQ4Mi1jMDhlY2YwMDRiOGU%3D#reviews
Canthera,90403,Nürnberg,Tangerine Boost,Demecan Core PULSE 27:1 Zativa,Hybrid Sativa Dominant,27%,<1%,"5,36 €/g",Auf Lager,https://greenmedical.health/de/cannabis/flower/demecan_core_pulse_27_01_zativa-tangerine_boost?deliveryTarget=cGhhcm1hY3k6fDo1YTQxMThjYy04ZWU2LTRlZjMtYWQ4Mi1jMDhlY2YwMDRiOGU%3D#reviews
Canthera,90403,Nürnberg,Mojito Cookies,Remexian 30/1 JOI MTC,Hybrid Sativa Dominant,30%,1%,"489,00 €/g",Auf Lager,https://greenmedical.health/de/cannabis/flower/remexian_30_1_joi_mtc-mojito_cookies?deliveryTarget=cGhhcm1hY3k6fDo1YTQxMThjYy04ZWU2LTRlZjMtYWQ4Mi1jMDhlY2YwMDRiOGU%3D#reviews
Canthera,90403,Nürnberg,Wedding Pop Triangle,Curaleaf Natural 27/1 PT WPT,Hybrid Sativa Dominant,27%,1%,"4,46 €/g",Auf Lager,https://greenmedical.health/de/cannabis/flower/curaleaf_natural_27_1_pt_wpt-wedding_pop_triangle?deliveryTarget=cGhhcm1hY3k6fDo1YTQxMThjYy04ZWU2LTRlZjMtYWQ4Mi1jMDhlY2YwMDRiOGU%3D#reviews
Canthera,90403,Nürnberg,Hawaiian Rain x Permanent Marker,Demecan CRAFT Cali 31:01,Hybrid Indica Dominant,31%,1%,"7,97 €/g",Auf Lager,https://greenmedical.health/de/cannabis/flower/demecan_craft_cali_31_01-hawaiian_rain_x_permanent_marker?deliveryTarget=cGhhcm1hY3k6fDo1YTQxMThjYy04ZWU2LTRlZjMtYWQ4Mi1jMDhlY2YwMDRiOGU%3D#reviews
Canthera,90403,Nürnberg,Banana Kush,Demecan CV Regular Drop 25:1,Hybrid Indica Dominant,25%,1%,"4,38 €/g",Auf Lager,https://greenmedical.health/de/cannabis/flower/demecan_cv_regular_drop_25_1-banana_kush?deliveryTarget=cGhhcm1hY3k6fDo1YTQxMThjYy04ZWU2LTRlZjMtYWQ4Mi1jMDhlY2YwMDRiOGU%3D#reviews
Canthera,90403,Nürnberg,Chemango Kush,Pedanios 31/1 CMK-CA,Hybrid Indica Dominant,28.5%,<1%,"6,91 €/g",Auf Lager,https://greenmedical.health/de/cannabis/flower/pedanios_31_1_cmk_ca-chemango_kush?deliveryTarget=cGhhcm1hY3k6fDo1YTQxMThjYy04ZWU2LTRlZjMtYWQ4Mi1jMDhlY2YwMDRiOGU%3D#reviews
Canthera,90403,Nürnberg,Triangle Octane,Remexian 28/1 CRF TO,Hybrid Indica Dominant,28%,1%,"4,75 €/g",Auf Lager,https://greenmedical.health/de/cannabis/flower/remexian_28_1_crf_to-triangle_octane?deliveryTarget=cGhhcm1hY3k6fDo1YTQxMThjYy04ZWU2LTRlZjMtYWQ4Mi1jMDhlY2YwMDRiOGU%3D#reviews
Canthera,90403,Nürnberg,Strawberry Haze,Slouu 22/1 AGM CA SBH,Hybrid,22%,1%,"4,28 €/g",Auf Lager,https://greenmedical.health/de/cannabis/flower/slouu_22_1_agm_ca_sbh-strawberry_haze?deliveryTarget=cGhhcm1hY3k6fDo1YTQxMThjYy04ZWU2LTRlZjMtYWQ4Mi1jMDhlY2YwMDRiOGU%3D#reviews
Canthera,90403,Nürnberg,Pablo's Revenge,Tweed PSR 30/1,Hybrid Indica Dominant,30%,1%,"5,22 €/g",Auf Lager,https://greenmedical.health/de/cannabis/flower/tweed_psr_30_1-pablo_s_revenge?deliveryTarget=cGhhcm1hY3k6fDo1YTQxMThjYy04ZWU2LTRlZjMtYWQ4Mi1jMDhlY2YwMDRiOGU%3D#reviews
Canthera,90403,Nürnberg,Facetz,Bathera 28/1 FA,Indica,29%,<1%,"5,83 €/g",Auf Lager,https://greenmedical.health/de/cannabis/flower/bathera_28_1_fa-facetz?deliveryTarget=cGhhcm1hY3k6fDo1YTQxMThjYy04ZWU2LTRlZjMtYWQ4Mi1jMDhlY2YwMDRiOGU%3D#reviews
Canthera,90403,Nürnberg,Dantez Inferno,Tweed DIO 30/1 Dante’s Inferno,Hybrid,30%,1%,"4,99 €/g",Auf Lager,https://greenmedical.health/de/cannabis/flower/tweed_dio_30_1_dante_s_inferno-dantez_inferno?deliveryTarget=cGhhcm1hY3k6fDo1YTQxMThjYy04ZWU2LTRlZjMtYWQ4Mi1jMDhlY2YwMDRiOGU%3D#reviews
Canthera,90403,Nürnberg,Outdoor OG Kush,IMC OOG THC28,Hybrid Indica Dominant,28%,<1%,"4,17 €/g",Auf Lager,https://greenmedical.health/de/cannabis/flower/imc_oog_thc28-outdoor_og_kush?deliveryTarget=cGhhcm1hY3k6fDo1YTQxMThjYy04ZWU2LTRlZjMtYWQ4Mi1jMDhlY2YwMDRiOGU%3D#reviews
Canthera,90403,Nürnberg,Garlic Budder,madrecan 24/1 GB9,Hybrid,23%,<1%,"3,69 €/g",Auf Lager,https://greenmedical.health/de/cannabis/flower/madrecan_24_1_gb9-garlic_budder?deliveryTarget=cGhhcm1hY3k6fDo1YTQxMThjYy04ZWU2LTRlZjMtYWQ4Mi1jMDhlY2YwMDRiOGU%3D#reviews
Canthera,90403,Nürnberg,Platinum Pavé,420 Compound 30/1 CA PPE,Hybrid,30%,1%,"6,31 €/g",Auf Lager,https://greenmedical.health/de/cannabis/flower/420_compound_30_1_ca_ppe-platinum_pav_?deliveryTarget=cGhhcm1hY3k6fDo1YTQxMThjYy04ZWU2LTRlZjMtYWQ4Mi1jMDhlY2YwMDRiOGU%3D#reviews
Canthera,90403,Nürnberg,Kush Mint,Canopy KMI 28,Hybrid Indica Dominant,26.2%,<1%,"5,11 €/g",Auf Lager,https://greenmedical.health/de/cannabis/flower/canopy-kmi-28-kush-mints?deliveryTarget=cGhhcm1hY3k6fDo1YTQxMThjYy04ZWU2LTRlZjMtYWQ4Mi1jMDhlY2YwMDRiOGU%3D#reviews
Canthera,90403,Nürnberg,Cap Junky,enua 30/1 BC CA,Hybrid,30%,1%,"6,31 €/g",Auf Lager,https://greenmedical.health/de/cannabis/flower/enua_30_1_bc_ca-cap_junky?deliveryTarget=cGhhcm1hY3k6fDo1YTQxMThjYy04ZWU2LTRlZjMtYWQ4Mi1jMDhlY2YwMDRiOGU%3D#reviews
Canthera,90403,Nürnberg,Frosted Flakes,Tweed FDF 30/1,Hybrid Indica Dominant,30%,1%,"5,22 €/g",Auf Lager,https://greenmedical.health/de/cannabis/flower/tweed_fdf_30_1-frosted_flakes?deliveryTarget=cGhhcm1hY3k6fDo1YTQxMThjYy04ZWU2LTRlZjMtYWQ4Mi1jMDhlY2YwMDRiOGU%3D#reviews
Canthera,90403,Nürnberg,Berlin Berries,420 Compound 25/1 CA BER,Indica,25%,1%,"5,12 €/g",Auf Lager,https://greenmedical.health/de/cannabis/flower/420_compound_25_1_ca_ber-berlin_berries?deliveryTarget=cGhhcm1hY3k6fDo1YTQxMThjYy04ZWU2LTRlZjMtYWQ4Mi1jMDhlY2YwMDRiOGU%3D#reviews
Canthera,90403,Nürnberg,Froze,N!CE 17/1 FRZ,Hybrid Indica Dominant,17%,1%,"3,80 €/g",Auf Lager,https://greenmedical.health/de/cannabis/flower/n_ce_17_1_frz-froze?deliveryTarget=cGhhcm1hY3k6fDo1YTQxMThjYy04ZWU2LTRlZjMtYWQ4Mi1jMDhlY2YwMDRiOGU%3D#reviews
Canthera,90403,Nürnberg,Pink Gas,Medical Saints 27/1 PKG,Hybrid Indica Dominant,27%,1%,"4,64 €/g",Auf Lager,https://greenmedical.health/de/cannabis/flower/medical_saints_27_1_pkg-pink_gas?deliveryTarget=cGhhcm1hY3k6fDo1YTQxMThjYy04ZWU2LTRlZjMtYWQ4Mi1jMDhlY2YwMDRiOGU%3D#reviews
Canthera,90403,Nürnberg,Sherb Fritter,THC AKUT OHS 25,Hybrid Indica Dominant,25%,1%,"3,81 €/g",Auf Lager,https://greenmedical.health/de/cannabis/flower/thc_akut_ohs_25-sherb_fritter?deliveryTarget=cGhhcm1hY3k6fDo1YTQxMThjYy04ZWU2LTRlZjMtYWQ4Mi1jMDhlY2YwMDRiOGU%3D#reviews
Canthera,90403,Nürnberg,Medellin,Cookies 26/1 MD,Indica,26%,1%,"5,83 €/g",Auf Lager,https://greenmedical.health/de/cannabis/flower/cookies_26_1_md-medellin?deliveryTarget=cGhhcm1hY3k6fDo1YTQxMThjYy04ZWU2LTRlZjMtYWQ4Mi1jMDhlY2YwMDRiOGU%3D#reviews
Canthera,90403,Nürnberg,Minty Cookies,enua 33/1 PS3 CA MYC,Hybrid,33%,1%,"4,99 €/g",Auf Lager,https://greenmedical.health/de/cannabis/flower/enua_33_1_ps3_ca_myc-minty_cookies?deliveryTarget=cGhhcm1hY3k6fDo1YTQxMThjYy04ZWU2LTRlZjMtYWQ4Mi1jMDhlY2YwMDRiOGU%3D#reviews
Canthera,90403,Nürnberg,Cherry Mints,Luana 28/1 CM,Hybrid,28%,1%,"5,12 €/g",Auf Lager,https://greenmedical.health/de/cannabis/flower/luana_28_1_cm-cherry_mints?deliveryTarget=cGhhcm1hY3k6fDo1YTQxMThjYy04ZWU2LTRlZjMtYWQ4Mi1jMDhlY2YwMDRiOGU%3D#reviews
Canthera,90403,Nürnberg,Garlic Budder,madrecan 27/1 GB9,Hybrid,27%,<1%,"3,93 €/g",Auf Lager,https://greenmedical.health/de/cannabis/flower/madrecan_27_1_gb9-garlic_budder?deliveryTarget=cGhhcm1hY3k6fDo1YTQxMThjYy04ZWU2LTRlZjMtYWQ4Mi1jMDhlY2YwMDRiOGU%3D#reviews
Canthera,90403,Nürnberg,Alien Mints,Huala 22/1 CA ALM,Hybrid Indica Dominant,22%,1%,"4,40 €/g",Auf Lager,https://greenmedical.health/de/cannabis/flower/huala_22_1_ca_alm-alien_mints?deliveryTarget=cGhhcm1hY3k6fDo1YTQxMThjYy04ZWU2LTRlZjMtYWQ4Mi1jMDhlY2YwMDRiOGU%3D#reviews
Canthera,90403,Nürnberg,Ozark,N!CE 30/1 OZK,Hybrid Sativa Dominant,30%,1%,"5,34 €/g",Auf Lager,https://greenmedical.health/de/cannabis/flower/n_ce_30_1_ozk-ozark?deliveryTarget=cGhhcm1hY3k6fDo1YTQxMThjYy04ZWU2LTRlZjMtYWQ4Mi1jMDhlY2YwMDRiOGU%3D#reviews
Canthera,90403,Nürnberg,Siggis Holunderblüte,Siggis HBLT 22:01,Hybrid Indica Dominant,22%,1%,"8,49 €/g",NEU,https://greenmedical.health/de/cannabis/flower/siggis_hblt_22_01-siggis_holunderbluete?deliveryTarget=cGhhcm1hY3k6fDo1YTQxMThjYy04ZWU2LTRlZjMtYWQ4Mi1jMDhlY2YwMDRiOGU%3D#reviews
Canthera,90403,Nürnberg,OG Kush,Demecan Core OG 21:1,Hybrid Indica Dominant,21%,1%,"3,93 €/g",Auf Lager,https://greenmedical.health/de/cannabis/flower/demecan_core_og_21_1-og_kush?deliveryTarget=cGhhcm1hY3k6fDo1YTQxMThjYy04ZWU2LTRlZjMtYWQ4Mi1jMDhlY2YwMDRiOGU%3D#reviews
Canthera,90403,Nürnberg,Grape Burger,Huala 22/1 CA CBG,Hybrid Indica Dominant,22%,1%,"3,81 €/g",Auf Lager,https://greenmedical.health/de/cannabis/flower/huala_22_1_ca_cbg-grape_burger?deliveryTarget=cGhhcm1hY3k6fDo1YTQxMThjYy04ZWU2LTRlZjMtYWQ4Mi1jMDhlY2YwMDRiOGU%3D#reviews
Canthera,90403,Nürnberg,RS11,187 Cannabisflower RS11 THC 25,Hybrid Indica Dominant,25%,1%,"6,31 €/g",Auf Lager,https://greenmedical.health/de/cannabis/flower/187_cannabisflower_rs11_thc_25-rs11?deliveryTarget=cGhhcm1hY3k6fDo1YTQxMThjYy04ZWU2LTRlZjMtYWQ4Mi1jMDhlY2YwMDRiOGU%3D#reviews
Canthera,90403,Nürnberg,Pink Gas,HiDealz 27/1 MS PKG Smalls,Hybrid,27%,1%,"4,03 €/g",Auf Lager,https://greenmedical.health/de/cannabis/flower/hidealz_27_1_ms_pkg_smalls-pink_gas?deliveryTarget=cGhhcm1hY3k6fDo1YTQxMThjYy04ZWU2LTRlZjMtYWQ4Mi1jMDhlY2YwMDRiOGU%3D#reviews
Canthera,90403,Nürnberg,Jack Haze,Canopy JHA 21/1,Hybrid,21%,<1%,"3,39 €/g",Auf Lager,https://greenmedical.health/de/cannabis/flower/canopy_jha_21_1-jack_haze?deliveryTarget=cGhhcm1hY3k6fDo1YTQxMThjYy04ZWU2LTRlZjMtYWQ4Mi1jMDhlY2YwMDRiOGU%3D#reviews
Canthera,90403,Nürnberg,Legendary Larry,N!CE 26/1 LED,Hybrid Indica Dominant,26%,1%,"4,57 €/g",Auf Lager,https://greenmedical.health/de/cannabis/flower/n_ce_26_1_led-legendary_larry?deliveryTarget=cGhhcm1hY3k6fDo1YTQxMThjYy04ZWU2LTRlZjMtYWQ4Mi1jMDhlY2YwMDRiOGU%3D#reviews
Canthera,90403,Nürnberg,Biscotti,187 Cannabisflower BSCT THC22,Hybrid Indica Dominant,22%,1%,"6,31 €/g",Auf Lager,https://greenmedical.health/de/cannabis/flower/187_cannabisflower_bsct_thc22-biscotti?deliveryTarget=cGhhcm1hY3k6fDo1YTQxMThjYy04ZWU2LTRlZjMtYWQ4Mi1jMDhlY2YwMDRiOGU%3D#reviews
Canthera,90403,Nürnberg,Phantasia Purp,187 Cannabisflower PPP THC22,Hybrid Indica Dominant,22%,1%,"4,98 €/g",Auf Lager,https://greenmedical.health/de/cannabis/flower/187_cannabisflower_ppp_thc22-phantasia_purp?deliveryTarget=cGhhcm1hY3k6fDo1YTQxMThjYy04ZWU2LTRlZjMtYWQ4Mi1jMDhlY2YwMDRiOGU%3D#reviews
Canthera,90403,Nürnberg,24K,187 Cannabisflower THC25,Hybrid Indica Dominant,25%,1%,"6,55 €/g",Auf Lager,https://greenmedical.health/de/cannabis/flower/187_cannabisflower_thc25-24k?deliveryTarget=cGhhcm1hY3k6fDo1YTQxMThjYy04ZWU2LTRlZjMtYWQ4Mi1jMDhlY2YwMDRiOGU%3D#reviews
Canthera,90403,Nürnberg,Tropical Cream Cake,Cannamedical Indica Light ZAF,Hybrid Indica Dominant,15%,1%,"3,57 €/g",Auf Lager,https://greenmedical.health/de/cannabis/flower/cannamedical_indica_light_zaf-tropical_cream_cake?deliveryTarget=cGhhcm1hY3k6fDo1YTQxMThjYy04ZWU2LTRlZjMtYWQ4Mi1jMDhlY2YwMDRiOGU%3D#reviews
Canthera,90403,Nürnberg,Gelato OG,CherryCo 23/01 GOG-K,Hybrid Indica Dominant,23%,1%,"4,90 €/g",Auf Lager,https://greenmedical.health/de/cannabis/flower/cherryco_23_01_gog_k-gelato_og?deliveryTarget=cGhhcm1hY3k6fDo1YTQxMThjYy04ZWU2LTRlZjMtYWQ4Mi1jMDhlY2YwMDRiOGU%3D#reviews
Canthera,90403,Nürnberg,Cookies OZ,enua 25/1 COZ CA,Hybrid Indica Dominant,25%,1%,"4,17 €/g",Auf Lager,https://greenmedical.health/de/cannabis/flower/enua_25_1_coz_ca-cookies_oz?deliveryTarget=cGhhcm1hY3k6fDo1YTQxMThjYy04ZWU2LTRlZjMtYWQ4Mi1jMDhlY2YwMDRiOGU%3D#reviews
Canthera,90403,Nürnberg,Pineapple God,Huala 25/1 CA POG,Hybrid Sativa Dominant,25%,1%,"4,64 €/g",Auf Lager,https://greenmedical.health/de/cannabis/flower/huala_25_1_ca_pog-pineapple_god?deliveryTarget=cGhhcm1hY3k6fDo1YTQxMThjYy04ZWU2LTRlZjMtYWQ4Mi1jMDhlY2YwMDRiOGU%3D#reviews
Canthera,90403,Nürnberg,Forbidden Punch,187 Cannabisflower FPB THC25,Hybrid Indica Dominant,25%,1%,"6,31 €/g",Auf Lager,https://greenmedical.health/de/cannabis/flower/187_cannabisflower_fpb_thc25-forbidden_punch?deliveryTarget=cGhhcm1hY3k6fDo1YTQxMThjYy04ZWU2LTRlZjMtYWQ4Mi1jMDhlY2YwMDRiOGU%3D#reviews
Canthera,90403,Nürnberg,Amnesia Haze,187 Cannabisflower SUB THC20 Subba Zafari,Hybrid Sativa Dominant,20%,1%,"5,15 €/g",Auf Lager,https://greenmedical.health/de/cannabis/flower/187_cannabisflower_sub_thc20_subba_zafari-amnesia_haze?deliveryTarget=cGhhcm1hY3k6fDo1YTQxMThjYy04ZWU2LTRlZjMtYWQ4Mi1jMDhlY2YwMDRiOGU%3D#reviews
Canthera,90403,Nürnberg,Royal Berry,Cannamedical Indica Classic SF,Hybrid Indica Dominant,20%,1%,"4,28 €/g",Auf Lager,https://greenmedical.health/de/cannabis/flower/cannamedical_indica_classic_sf-royal_berry?deliveryTarget=cGhhcm1hY3k6fDo1YTQxMThjYy04ZWU2LTRlZjMtYWQ4Mi1jMDhlY2YwMDRiOGU%3D#reviews
Canthera,90403,Nürnberg,Gastro Pop Ultra,enua 18/1 GPU CA,Hybrid Indica Dominant,18%,<1%,"4,88 €/g",Auf Lager,https://greenmedical.health/de/cannabis/flower/enua_18_1_gpu_ca-gastro_pop_ultra?deliveryTarget=cGhhcm1hY3k6fDo1YTQxMThjYy04ZWU2LTRlZjMtYWQ4Mi1jMDhlY2YwMDRiOGU%3D#reviews
Canthera,90403,Nürnberg,OG Kush,Slouu 25/1 PS3 CA OGK,Hybrid Indica Dominant,25%,1%,"3,93 €/g",Auf Lager,https://greenmedical.health/de/cannabis/flower/slouu_25_1_ps3_ca_ogk-og_kush?deliveryTarget=cGhhcm1hY3k6fDo1YTQxMThjYy04ZWU2LTRlZjMtYWQ4Mi1jMDhlY2YwMDRiOGU%3D#reviews
Canthera,90403,Nürnberg,Dank Wafers,Cannamedical Indica Classic 20/1 ZAF,Hybrid,20%,<1%,"3,78 €/g",Auf Lager,https://greenmedical.health/de/cannabis/flower/cannamedical_indica_classic_20_1_zaf-dank_wafers?deliveryTarget=cGhhcm1hY3k6fDo1YTQxMThjYy04ZWU2LTRlZjMtYWQ4Mi1jMDhlY2YwMDRiOGU%3D#reviews
Canthera,90403,Nürnberg,Oz Melon Jam,Slouu 30/1 OMJ CA,Hybrid,30%,1%,"5,34 €/g",Auf Lager,https://greenmedical.health/de/cannabis/flower/slouu_30_1_omj_ca-delicata_cookies?deliveryTarget=cGhhcm1hY3k6fDo1YTQxMThjYy04ZWU2LTRlZjMtYWQ4Mi1jMDhlY2YwMDRiOGU%3D#reviews
Canthera,90403,Nürnberg,Engine Fuel Gelato,BUUO 26/1 LVM Vapor,Hybrid,26%,<1%,"3,97 €/g",Auf Lager,https://greenmedical.health/de/cannabis/flower/buuo_26_1_lvm-engine_fuel_gelato?deliveryTarget=cGhhcm1hY3k6fDo1YTQxMThjYy04ZWU2LTRlZjMtYWQ4Mi1jMDhlY2YwMDRiOGU%3D#reviews
Canthera,90403,Nürnberg,Sour Sundae,Luana 24/1 Sundae,Hybrid Sativa Dominant,24.8%,<1%,"5,00 €/g",Auf Lager,https://greenmedical.health/de/cannabis/flower/luana_24_1_sundae-sour_sundae?deliveryTarget=cGhhcm1hY3k6fDo1YTQxMThjYy04ZWU2LTRlZjMtYWQ4Mi1jMDhlY2YwMDRiOGU%3D#reviews
Canthera,90403,Nürnberg,Capri Haze,N!CE 26/1 CHA,Hybrid Sativa Dominant,26%,1%,"4,40 €/g",Auf Lager,https://greenmedical.health/de/cannabis/flower/n_ce_26_1_cha-capri_haze?deliveryTarget=cGhhcm1hY3k6fDo1YTQxMThjYy04ZWU2LTRlZjMtYWQ4Mi1jMDhlY2YwMDRiOGU%3D#reviews
Canthera,90403,Nürnberg,Blunicorn,Cannamedical Hybrid Forte SA,Hybrid,21.9%,1%,"4,28 €/g",Auf Lager,https://greenmedical.health/de/cannabis/flower/cannamedical_hybrid_forte_sa-blunicorn?deliveryTarget=cGhhcm1hY3k6fDo1YTQxMThjYy04ZWU2LTRlZjMtYWQ4Mi1jMDhlY2YwMDRiOGU%3D#reviews
Canthera,90403,Nürnberg,Gas Face,PG Strong Drop 27/1,Hybrid,27%,1%,"4,76 €/g",Auf Lager,https://greenmedical.health/de/cannabis/flower/pg_strong_drop_27_1-gas_face?deliveryTarget=cGhhcm1hY3k6fDo1YTQxMThjYy04ZWU2LTRlZjMtYWQ4Mi1jMDhlY2YwMDRiOGU%3D#reviews
Canthera,90403,Nürnberg,Skull Cap,TRUU GT 27/1,Hybrid,27%,<1%,"5,24 €/g",Auf Lager,https://greenmedical.health/de/cannabis/flower/truu_gt_27_1-skull_cap?deliveryTarget=cGhhcm1hY3k6fDo1YTQxMThjYy04ZWU2LTRlZjMtYWQ4Mi1jMDhlY2YwMDRiOGU%3D#reviews
Canthera,90403,Nürnberg,Purple Rain by the Gram,Weeco Duke 20/1,Sativa,21.2%,<1%,"3,57 €/g",Auf Lager,https://greenmedical.health/de/cannabis/flower/weeco_duke_20_1-purple_rain_by_the_gram?deliveryTarget=cGhhcm1hY3k6fDo1YTQxMThjYy04ZWU2LTRlZjMtYWQ4Mi1jMDhlY2YwMDRiOGU%3D#reviews
Canthera,90403,Nürnberg,Think Fast,Apollo 28/1 JGN,Hybrid Sativa Dominant,28%,1%,"4,36 €/g",Auf Lager,https://greenmedical.health/de/cannabis/flower/apollo_28_1_jgn-think_fast?deliveryTarget=cGhhcm1hY3k6fDo1YTQxMThjYy04ZWU2LTRlZjMtYWQ4Mi1jMDhlY2YwMDRiOGU%3D#reviews
Canthera,90403,Nürnberg,Crazy Rntz,Cannamedical Indica forte MA,Indica,24%,<1%,"5,99 €/g",Auf Lager,https://greenmedical.health/de/cannabis/flower/cannamedical-indica-forte-ma-crazy-rntz?deliveryTarget=cGhhcm1hY3k6fDo1YTQxMThjYy04ZWU2LTRlZjMtYWQ4Mi1jMDhlY2YwMDRiOGU%3D#reviews
Canthera,90403,Nürnberg,Gorilla Glue,IMC THC25 T03,Indica,25%,<1%,"4,64 €/g",Auf Lager,https://greenmedical.health/de/cannabis/flower/imc-thc25-t03-gorilla-glue-40bf?deliveryTarget=cGhhcm1hY3k6fDo1YTQxMThjYy04ZWU2LTRlZjMtYWQ4Mi1jMDhlY2YwMDRiOGU%3D#reviews
Canthera,90403,Nürnberg,Jet Fuel Apricot,Nimbus easy 20/1,Hybrid,20%,1%,"3,79 €/g",Auf Lager,https://greenmedical.health/de/cannabis/flower/nimbus_easy_20_1-jet_fuel_apricot?deliveryTarget=cGhhcm1hY3k6fDo1YTQxMThjYy04ZWU2LTRlZjMtYWQ4Mi1jMDhlY2YwMDRiOGU%3D#reviews
Canthera,90403,Nürnberg,Creamy Kees No.5,Cannamedical CM 20/1 CRM,Hybrid,22%,<1%,"3,89 €/g",Auf Lager,https://greenmedical.health/de/cannabis/flower/cannamedical_cm_20_1_crm-creamy_kees_no_5?deliveryTarget=cGhhcm1hY3k6fDo1YTQxMThjYy04ZWU2LTRlZjMtYWQ4Mi1jMDhlY2YwMDRiOGU%3D#reviews
Canthera,90403,Nürnberg,Big Red Beard,Demecan BPG Lean Drop 22:1,Hybrid Indica Dominant,22%,1%,"3,39 €/g",Auf Lager,https://greenmedical.health/de/cannabis/flower/demecan_bpg_lean_drop_22_1-big_red_beard?deliveryTarget=cGhhcm1hY3k6fDo1YTQxMThjYy04ZWU2LTRlZjMtYWQ4Mi1jMDhlY2YwMDRiOGU%3D#reviews
Canthera,90403,Nürnberg,Grapple Pie,MGF GP 26/1,Hybrid,25%,<1%,"4,17 €/g",Auf Lager,https://greenmedical.health/de/cannabis/flower/mgf_gp_26_1-grapple_pie?deliveryTarget=cGhhcm1hY3k6fDo1YTQxMThjYy04ZWU2LTRlZjMtYWQ4Mi1jMDhlY2YwMDRiOGU%3D#reviews
Canthera,90403,Nürnberg,Rainbow Amnesia,N!CE 19/1 RAM,Hybrid Sativa Dominant,19%,<1%,"3,51 €/g",Auf Lager,https://greenmedical.health/de/cannabis/flower/n_ce_19_1_ram-rainbow_amnesia?deliveryTarget=cGhhcm1hY3k6fDo1YTQxMThjYy04ZWU2LTRlZjMtYWQ4Mi1jMDhlY2YwMDRiOGU%3D#reviews
Canthera,90403,Nürnberg,Magic Dream,Remexian 20/1 MHI MAD,Hybrid,20%,1%,"3,69 €/g",Auf Lager,https://greenmedical.health/de/cannabis/flower/remexian_20_1_mhi_mad-magic_dream?deliveryTarget=cGhhcm1hY3k6fDo1YTQxMThjYy04ZWU2LTRlZjMtYWQ4Mi1jMDhlY2YwMDRiOGU%3D#reviews
Canthera,90403,Nürnberg,Blunicorn,Remexian 24/1 CHR BCO,Hybrid Indica Dominant,24%,1%,"3,69 €/g",Auf Lager,https://greenmedical.health/de/cannabis/flower/remexian_24_1_chr_bco-blunicorn?deliveryTarget=cGhhcm1hY3k6fDo1YTQxMThjYy04ZWU2LTRlZjMtYWQ4Mi1jMDhlY2YwMDRiOGU%3D#reviews
Canthera,90403,Nürnberg,Zour Apple,420 Sungrown 22/1 CA ZRP,Hybrid Indica Dominant,22%,1%,"3,49 €/g",Auf Lager,https://greenmedical.health/de/cannabis/flower/420_sungrown_22_1_ca_zrp-zour_apple?deliveryTarget=cGhhcm1hY3k6fDo1YTQxMThjYy04ZWU2LTRlZjMtYWQ4Mi1jMDhlY2YwMDRiOGU%3D#reviews
Canthera,90403,Nürnberg,Marmalade,Apollo 26/1 MID,Hybrid Sativa Dominant,26%,1%,"4,88 €/g",Auf Lager,https://greenmedical.health/de/cannabis/flower/apollo_26_1_mid-marmalade?deliveryTarget=cGhhcm1hY3k6fDo1YTQxMThjYy04ZWU2LTRlZjMtYWQ4Mi1jMDhlY2YwMDRiOGU%3D#reviews
Canthera,90403,Nürnberg,Rainbow Dawg,Demecan HS Light Drop,Hybrid,18.3%,<1%,"3,68 €/g",Auf Lager,https://greenmedical.health/de/cannabis/flower/demecan_hs_light_drop-rainbow_dawg?deliveryTarget=cGhhcm1hY3k6fDo1YTQxMThjYy04ZWU2LTRlZjMtYWQ4Mi1jMDhlY2YwMDRiOGU%3D#reviews
Canthera,90403,Nürnberg,Supreme Kush,MediproCan Lunaris 19/1,Hybrid Indica Dominant,19%,1%,"3,58 €/g",Auf Lager,https://greenmedical.health/de/cannabis/flower/mediprocan_lunaris_19_1-supreme_kush?deliveryTarget=cGhhcm1hY3k6fDo1YTQxMThjYy04ZWU2LTRlZjMtYWQ4Mi1jMDhlY2YwMDRiOGU%3D#reviews
Canthera,90403,Nürnberg,Blunicorn,Remexian 21/1 CHR BCO,Hybrid Indica Dominant,21%,1%,"3,99 €/g",Auf Lager,https://greenmedical.health/de/cannabis/flower/remexian_21_1_chr_bco-blunicorn?deliveryTarget=cGhhcm1hY3k6fDo1YTQxMThjYy04ZWU2LTRlZjMtYWQ4Mi1jMDhlY2YwMDRiOGU%3D#reviews
Canthera,90403,Nürnberg,Tigerz Eye,420 Compound 20/1 PT TGY,Hybrid Indica Dominant,20%,<1%,"4,20 €/g",Auf Lager,https://greenmedical.health/de/cannabis/flower/420_compound_20_1_pt_tgy-tigerz_eye?deliveryTarget=cGhhcm1hY3k6fDo1YTQxMThjYy04ZWU2LTRlZjMtYWQ4Mi1jMDhlY2YwMDRiOGU%3D#reviews
Canthera,90403,Nürnberg,Private Banana,420 Evolution 20/1 CA PVB,Hybrid Indica Dominant,20%,<1%,"3,59 €/g",Auf Lager,https://greenmedical.health/de/cannabis/flower/420_evolution_20_1_ca_pvb-private_banana?deliveryTarget=cGhhcm1hY3k6fDo1YTQxMThjYy04ZWU2LTRlZjMtYWQ4Mi1jMDhlY2YwMDRiOGU%3D#reviews
Canthera,90403,Nürnberg,Chemdawg,420 Sungrown 22/1 CA Dog,Hybrid Indica Dominant,22%,<1%,"4,99 €/g",Auf Lager,https://greenmedical.health/de/cannabis/flower/420_sungrown_22_1_ca_dog-chemdog?deliveryTarget=cGhhcm1hY3k6fDo1YTQxMThjYy04ZWU2LTRlZjMtYWQ4Mi1jMDhlY2YwMDRiOGU%3D#reviews
Canthera,90403,Nürnberg,Apple Rock Candy,AVAAY Signature 27/1 ARC,Hybrid Indica Dominant,27%,1%,"7,62 €/g",Auf Lager,https://greenmedical.health/de/cannabis/flower/avaay_signature_27_1_arc-apple_rock_candy?deliveryTarget=cGhhcm1hY3k6fDo1YTQxMThjYy04ZWU2LTRlZjMtYWQ4Mi1jMDhlY2YwMDRiOGU%3D#reviews
Canthera,90403,Nürnberg,Cold Dank x Jelly Breath,Buuo 22/1 CDLC,Hybrid,22%,<1%,"3,99 €/g",Auf Lager,https://greenmedical.health/de/cannabis/flower/buuo_22_1_cdlc-cold_dank_x_jelly_breath?deliveryTarget=cGhhcm1hY3k6fDo1YTQxMThjYy04ZWU2LTRlZjMtYWQ4Mi1jMDhlY2YwMDRiOGU%3D#reviews
Canthera,90403,Nürnberg,Diamond Mints,Cannamedical CM 30/1 DM,Hybrid Sativa Dominant,30%,<1%,"6,99 €/g",Auf Lager,https://greenmedical.health/de/cannabis/flower/cannamedical_cm_30_1_dm-diamond_mints?deliveryTarget=cGhhcm1hY3k6fDo1YTQxMThjYy04ZWU2LTRlZjMtYWQ4Mi1jMDhlY2YwMDRiOGU%3D#reviews
Canthera,90403,Nürnberg,Crossbow,Demecan BB Lean Drop 22:1 Moonbow x Planet Purple,Hybrid Indica Dominant,22%,1%,"3,19 €/g",NEU,https://greenmedical.health/de/cannabis/flower/demecan_bb_lean_drop_22_1_moonbow_x_planet_purple-crossbow?deliveryTarget=cGhhcm1hY3k6fDo1YTQxMThjYy04ZWU2LTRlZjMtYWQ4Mi1jMDhlY2YwMDRiOGU%3D#reviews
Canthera,90403,Nürnberg,Girl Scout Kush,Demecan GT Strong Drop 27:1 Smalls,Hybrid Indica Dominant,27%,1%,"4,79 €/g",Auf Lager,https://greenmedical.health/de/cannabis/flower/demecan_gt_strong_drop_27_1_smalls-girl_scout_kush?deliveryTarget=cGhhcm1hY3k6fDo1YTQxMThjYy04ZWU2LTRlZjMtYWQ4Mi1jMDhlY2YwMDRiOGU%3D#reviews
Canthera,90403,Nürnberg,King Bling,MGF 26/1 King Bling,Hybrid Indica Dominant,26%,1%,"6,18 €/g",Auf Lager,https://greenmedical.health/de/cannabis/flower/mgf_26_1_king_bling-king_bling?deliveryTarget=cGhhcm1hY3k6fDo1YTQxMThjYy04ZWU2LTRlZjMtYWQ4Mi1jMDhlY2YwMDRiOGU%3D#reviews
Canthera,90403,Nürnberg,Glitter Bomb,MGF Pop Up No.18 25/1,Indica,25%,1%,"4,28 €/g",Auf Lager,https://greenmedical.health/de/cannabis/flower/mgf_pop_up_no_18_25_1-glitter_bomb?deliveryTarget=cGhhcm1hY3k6fDo1YTQxMThjYy04ZWU2LTRlZjMtYWQ4Mi1jMDhlY2YwMDRiOGU%3D#reviews
Canthera,90403,Nürnberg,Crunch Berries,Organic Sweetgrass CB 25/1,Hybrid Indica Dominant,25%,1%,"5,99 €/g",Auf Lager,https://greenmedical.health/de/cannabis/flower/organic_sweetgrass_cb_25_1-crunch_berries?deliveryTarget=cGhhcm1hY3k6fDo1YTQxMThjYy04ZWU2LTRlZjMtYWQ4Mi1jMDhlY2YwMDRiOGU%3D#reviews
Canthera,90403,Nürnberg,Citrus Bowl,Remexian 21/1 CHR CIB,Hybrid Sativa Dominant,21%,1%,"4,05 €/g",Auf Lager,https://greenmedical.health/de/cannabis/flower/remexian_21_1_chr_cib-citrus_bowl?deliveryTarget=cGhhcm1hY3k6fDo1YTQxMThjYy04ZWU2LTRlZjMtYWQ4Mi1jMDhlY2YwMDRiOGU%3D#reviews
Canthera,90403,Nürnberg,Private Banana,420 Evolution 22/1 CA PVB,Hybrid Indica Dominant,22%,<1%,"3,99 €/g",Auf Lager,https://greenmedical.health/de/cannabis/flower/420_evolution_22_1_ca_pvb-private_banana?deliveryTarget=cGhhcm1hY3k6fDo1YTQxMThjYy04ZWU2LTRlZjMtYWQ4Mi1jMDhlY2YwMDRiOGU%3D#reviews
Canthera,90403,Nürnberg,Frosted Gumbo,420 Evolution 27/1 CA FRG,Hybrid Indica Dominant,27%,<1%,"4,84 €/g",Auf Lager,https://greenmedical.health/de/cannabis/flower/420_evolution_27_1_ca_frg-frosted_gumbo?deliveryTarget=cGhhcm1hY3k6fDo1YTQxMThjYy04ZWU2LTRlZjMtYWQ4Mi1jMDhlY2YwMDRiOGU%3D#reviews
Canthera,90403,Nürnberg,Honey Suckle,Apollo 24/1 HLS,Hybrid,24%,1%,"4,28 €/g",Auf Lager,https://greenmedical.health/de/cannabis/flower/apollo_24_1_hls-purple_octane?deliveryTarget=cGhhcm1hY3k6fDo1YTQxMThjYy04ZWU2LTRlZjMtYWQ4Mi1jMDhlY2YwMDRiOGU%3D#reviews
Canthera,90403,Nürnberg,Motor Crasher,Apollo 25/1 KOK,Hybrid,25%,1%,"4,28 €/g",NEU,https://greenmedical.health/de/cannabis/flower/apollo_25_1_kok-motor_crasher?deliveryTarget=cGhhcm1hY3k6fDo1YTQxMThjYy04ZWU2LTRlZjMtYWQ4Mi1jMDhlY2YwMDRiOGU%3D#reviews
Canthera,90403,Nürnberg,Marmalade,Apollo 28/1 MID,Hybrid Sativa Dominant,28%,1%,"4,99 €/g",NEU,https://greenmedical.health/de/cannabis/flower/apollo_28_1_mid-marmalade?deliveryTarget=cGhhcm1hY3k6fDo1YTQxMThjYy04ZWU2LTRlZjMtYWQ4Mi1jMDhlY2YwMDRiOGU%3D#reviews
Canthera,90403,Nürnberg,Delicata Cookies,Apollo 33/1 EUF,Hybrid Sativa Dominant,33%,1%,"5,79 €/g",Auf Lager,https://greenmedical.health/de/cannabis/flower/apollo_33_1_euf-delicata_cookies?deliveryTarget=cGhhcm1hY3k6fDo1YTQxMThjYy04ZWU2LTRlZjMtYWQ4Mi1jMDhlY2YwMDRiOGU%3D#reviews
Canthera,90403,Nürnberg,Duende,Demecan AC Duen 23:1,Hybrid,23%,1%,"3,37 €/g",NEU,https://greenmedical.health/de/cannabis/flower/demecan_ac_duen_23_1-duende?deliveryTarget=cGhhcm1hY3k6fDo1YTQxMThjYy04ZWU2LTRlZjMtYWQ4Mi1jMDhlY2YwMDRiOGU%3D#reviews
Canthera,90403,Nürnberg,Sundae,Demecan AC SUNS 15:1,Hybrid Indica Dominant,15%,1%,"2,99 €/g",Auf Lager,https://greenmedical.health/de/cannabis/flower/demecan_ac_suns_15_1-sundae?deliveryTarget=cGhhcm1hY3k6fDo1YTQxMThjYy04ZWU2LTRlZjMtYWQ4Mi1jMDhlY2YwMDRiOGU%3D#reviews
Canthera,90403,Nürnberg,Lemonade x Runtz,Demecan BB Light Drop,Hybrid Indica Dominant,22%,1%,"4,40 €/g",NEU,https://greenmedical.health/de/cannabis/flower/demecan_bb_light_drop-lemonade_x_runtz?deliveryTarget=cGhhcm1hY3k6fDo1YTQxMThjYy04ZWU2LTRlZjMtYWQ4Mi1jMDhlY2YwMDRiOGU%3D#reviews
Canthera,90403,Nürnberg,Citron Biker Cookies,Demecan GT Strong Drop 25:1,Hybrid Sativa Dominant,25%,1%,"4,76 €/g",NEU,https://greenmedical.health/de/cannabis/flower/demecan_gt_strong_drop_25_1-citron_biker_cookies?deliveryTarget=cGhhcm1hY3k6fDo1YTQxMThjYy04ZWU2LTRlZjMtYWQ4Mi1jMDhlY2YwMDRiOGU%3D#reviews
Canthera,90403,Nürnberg,Fruit Punch,Demecan PS Epic Drop 30:1,Hybrid Sativa Dominant,30%,1%,"5,95 €/g",Auf Lager,https://greenmedical.health/de/cannabis/flower/demecan_ps_epic_drop_30_1-fruit_punch?deliveryTarget=cGhhcm1hY3k6fDo1YTQxMThjYy04ZWU2LTRlZjMtYWQ4Mi1jMDhlY2YwMDRiOGU%3D#reviews
Canthera,90403,Nürnberg,Cap Junky,Demecan Serenova 31:1 CJ,Hybrid Indica Dominant,32%,1%,"6,99 €/g",Auf Lager,https://greenmedical.health/de/cannabis/flower/demecan_serenova_31_1_cj-cap_junky?deliveryTarget=cGhhcm1hY3k6fDo1YTQxMThjYy04ZWU2LTRlZjMtYWQ4Mi1jMDhlY2YwMDRiOGU%3D#reviews
Canthera,90403,Nürnberg,Oreoz,MC Regular Drop Secret Weapon X Cookies n Cream,Hybrid,25%,1%,"3,81 €/g",Auf Lager,https://greenmedical.health/de/cannabis/flower/mc_regular_drop_secret_weapon_x_cookies_n_cream-oreoz?deliveryTarget=cGhhcm1hY3k6fDo1YTQxMThjYy04ZWU2LTRlZjMtYWQ4Mi1jMDhlY2YwMDRiOGU%3D#reviews
Canthera,90403,Nürnberg,Cherry DoSiDos,MGF Pop Up No.10 26/1,Hybrid Indica Dominant,26%,1%,"4,17 €/g",NEU,https://greenmedical.health/de/cannabis/flower/mgf_pop_up_no_10_26_1-cherry_dosidos?deliveryTarget=cGhhcm1hY3k6fDo1YTQxMThjYy04ZWU2LTRlZjMtYWQ4Mi1jMDhlY2YwMDRiOGU%3D#reviews
Canthera,90403,Nürnberg,Pink Certz,MGF Pop Up No.9 26/1,Hybrid Indica Dominant,26%,1%,"3,93 €/g",Auf Lager,https://greenmedical.health/de/cannabis/flower/mgf_pop_up_no_9_26_1-pink_certz?deliveryTarget=cGhhcm1hY3k6fDo1YTQxMThjYy04ZWU2LTRlZjMtYWQ4Mi1jMDhlY2YwMDRiOGU%3D#reviews
Canthera,90403,Nürnberg,Gastro Pop,MGF Pop Up No.9 30/1 THC Rich,Hybrid Indica Dominant,30%,1%,"4,76 €/g",NEU,https://greenmedical.health/de/cannabis/flower/mgf_pop_up_no_9_30_1_thc_rich-gastro_pop?deliveryTarget=cGhhcm1hY3k6fDo1YTQxMThjYy04ZWU2LTRlZjMtYWQ4Mi1jMDhlY2YwMDRiOGU%3D#reviews
Canthera,90403,Nürnberg,Cocoa Bomba,N!CE 27/1 CB,Hybrid,27%,<1%,"5,94 €/g",Auf Lager,https://greenmedical.health/de/cannabis/flower/n_ce_27_1_cb-cocoa_bomba?deliveryTarget=cGhhcm1hY3k6fDo1YTQxMThjYy04ZWU2LTRlZjMtYWQ4Mi1jMDhlY2YwMDRiOGU%3D#reviews
Canthera,90403,Nürnberg,Crossbow,Demecan Core Cros 26:1,Hybrid,26%,<1%,"3,98 €/g",Auf Lager,https://greenmedical.health/de/cannabis/flower/demecan_core_cross_26_01-crossbow?deliveryTarget=cGhhcm1hY3k6fDo1YTQxMThjYy04ZWU2LTRlZjMtYWQ4Mi1jMDhlY2YwMDRiOGU%3D#reviews
Canthera Süd,90459,Nürnberg,Cookies OG,TRUU GT 30/1,Hybrid,30%,<1%,"4,98 €/g",Auf Lager,https://greenmedical.health/de/cannabis/flower/truu_gt_30_1-cookies_og?deliveryTarget=cGhhcm1hY3k6fDpiMTk1YTY0Zi1lODJmLTRmNTctYTNiMS0zMGJlM2JhYWMyMGM%3D#reviews
Canthera Süd,90459,Nürnberg,Sourdough,Pedanios 29/1 SRD-CA,Indica,29%,<1%,"7,99 €/g",Auf Lager,https://greenmedical.health/de/cannabis/flower/pedanios-29-1-srd-ca-sourdough-srd?deliveryTarget=cGhhcm1hY3k6fDpiMTk1YTY0Zi1lODJmLTRmNTctYTNiMS0zMGJlM2JhYWMyMGM%3D#reviews
Canthera Süd,90459,Nürnberg,Waffle Bites,AVAAY Signature 28/1 WB,Indica,28%,<1%,"8,63 €/g",Auf Lager,https://greenmedical.health/de/cannabis/flower/avaay-signature-28-1-wb-waffle-bites?deliveryTarget=cGhhcm1hY3k6fDpiMTk1YTY0Zi1lODJmLTRmNTctYTNiMS0zMGJlM2JhYWMyMGM%3D#reviews
Canthera Süd,90459,Nürnberg,Azzai,ZOIKS 22/1 AZZ,Hybrid,22%,1%,"4,09 €/g",Auf Lager,https://greenmedical.health/de/cannabis/flower/zoiks_22_1_azz-azzai?deliveryTarget=cGhhcm1hY3k6fDpiMTk1YTY0Zi1lODJmLTRmNTctYTNiMS0zMGJlM2JhYWMyMGM%3D#reviews
Canthera Süd,90459,Nürnberg,Sky Berry Kush,Cannamedical Indica Forte DK,Hybrid Indica Dominant,24%,1%,"8,04 €/g",Auf Lager,https://greenmedical.health/de/cannabis/flower/cannamedical_indica_forte_dk-sky_berry_kush?deliveryTarget=cGhhcm1hY3k6fDpiMTk1YTY0Zi1lODJmLTRmNTctYTNiMS0zMGJlM2JhYWMyMGM%3D#reviews
Canthera Süd,90459,Nürnberg,First Class Funk,Demecan CRAFT FCF 28:1,Hybrid Indica Dominant,28%,<1%,"9,87 €/g",Auf Lager,https://greenmedical.health/de/cannabis/flower/demecan_craft_fcf_28_01-first_class_funk?deliveryTarget=cGhhcm1hY3k6fDpiMTk1YTY0Zi1lODJmLTRmNTctYTNiMS0zMGJlM2JhYWMyMGM%3D#reviews
Canthera Süd,90459,Nürnberg,Pavé X Gastro Pop,Demecan CRAFT Rocket 31:1,Hybrid,34%,<1%,"8,18 €/g",Auf Lager,https://greenmedical.health/de/cannabis/flower/demecan_craft_rocket_31_01-pav_x_gastro_pop?deliveryTarget=cGhhcm1hY3k6fDpiMTk1YTY0Zi1lODJmLTRmNTctYTNiMS0zMGJlM2JhYWMyMGM%3D#reviews
Canthera Süd,90459,Nürnberg,GMO Cookies x Kush Mints,TRUU LX 24/1,Hybrid,24%,1%,"4,71 €/g",Auf Lager,https://greenmedical.health/de/cannabis/flower/truu_lx_24_1-gmo_cookies_x_kush_mints?deliveryTarget=cGhhcm1hY3k6fDpiMTk1YTY0Zi1lODJmLTRmNTctYTNiMS0zMGJlM2JhYWMyMGM%3D#reviews
Canthera Süd,90459,Nürnberg,Modified Grapes,Remexian 27/1 CRF MG,Hybrid Indica Dominant,27%,1%,"4,68 €/g",Auf Lager,https://greenmedical.health/de/cannabis/flower/remexian_27_1_crf_mg-modified_grapes?deliveryTarget=cGhhcm1hY3k6fDpiMTk1YTY0Zi1lODJmLTRmNTctYTNiMS0zMGJlM2JhYWMyMGM%3D#reviews
Canthera Süd,90459,Nürnberg,Sugar Dream,Medical Saints 30/1 SRD,Hybrid,30%,1%,"4,18 €/g",Auf Lager,https://greenmedical.health/de/cannabis/flower/medical_saints_30_1_srd-sugar_dream?deliveryTarget=cGhhcm1hY3k6fDpiMTk1YTY0Zi1lODJmLTRmNTctYTNiMS0zMGJlM2JhYWMyMGM%3D#reviews
Canthera Süd,90459,Nürnberg,Animal Cookies x SinMint Cookies,Demecan PS Strong Drop,Hybrid Indica Dominant,27%,1%,"3,74 €/g",Auf Lager,https://greenmedical.health/de/cannabis/flower/demecan_ps_strong_drop-animal_cookies_x_sinmint_cookies?deliveryTarget=cGhhcm1hY3k6fDpiMTk1YTY0Zi1lODJmLTRmNTctYTNiMS0zMGJlM2JhYWMyMGM%3D#reviews
Canthera Süd,90459,Nürnberg,GMO X Gush Mints,Demecan CRAFT Emerald 27:1,Hybrid,27%,<1%,"6,69 €/g",Auf Lager,https://greenmedical.health/de/cannabis/flower/demecan_craft_emerald_27_01-gmo_x_gush_mints?deliveryTarget=cGhhcm1hY3k6fDpiMTk1YTY0Zi1lODJmLTRmNTctYTNiMS0zMGJlM2JhYWMyMGM%3D#reviews
Canthera Süd,90459,Nürnberg,Glitterbomb x Rainbow Cheddar,Remexian 26/1 CRF GBRC,Hybrid Indica Dominant,26%,1%,"4,68 €/g",Auf Lager,https://greenmedical.health/de/cannabis/flower/remexian_26_1_crf_gbrc-glitterbomb_x_rainbow_cheddar?deliveryTarget=cGhhcm1hY3k6fDpiMTk1YTY0Zi1lODJmLTRmNTctYTNiMS0zMGJlM2JhYWMyMGM%3D#reviews
Canthera Süd,90459,Nürnberg,Frosted Gumbo,Remexian 32/1 CRF FG,Hybrid Indica Dominant,32%,1%,"5,27 €/g",Auf Lager,https://greenmedical.health/de/cannabis/flower/remexian_32_1_crf_fg-frosted_gumbo?deliveryTarget=cGhhcm1hY3k6fDpiMTk1YTY0Zi1lODJmLTRmNTctYTNiMS0zMGJlM2JhYWMyMGM%3D#reviews
Canthera Süd,90459,Nürnberg,Guava Barz,Greenseal 24/1 GUB,Hybrid,24%,1%,"3,88 €/g",NEU,https://greenmedical.health/de/cannabis/flower/greenseal_24_1_gub-guava_barz?deliveryTarget=cGhhcm1hY3k6fDpiMTk1YTY0Zi1lODJmLTRmNTctYTNiMS0zMGJlM2JhYWMyMGM%3D#reviews
Canthera Süd,90459,Nürnberg,G Wagon,Remexian 33/1 VCC GWA,Indica,31.5%,<1%,"6,39 €/g",Auf Lager,https://greenmedical.health/de/cannabis/flower/remexian_33_1_vcc_gwa-g_wagon?deliveryTarget=cGhhcm1hY3k6fDpiMTk1YTY0Zi1lODJmLTRmNTctYTNiMS0zMGJlM2JhYWMyMGM%3D#reviews
Canthera Süd,90459,Nürnberg,Black Cherry Punch,Cannamedical Indica classic ZAF,Hybrid Indica Dominant,20.4%,<1%,"4,40 €/g",Auf Lager,https://greenmedical.health/de/cannabis/flower/cannamedical-indica-classic-zaf-black-cherry-punch?deliveryTarget=cGhhcm1hY3k6fDpiMTk1YTY0Zi1lODJmLTRmNTctYTNiMS0zMGJlM2JhYWMyMGM%3D#reviews
Canthera Süd,90459,Nürnberg,Big Purple Dragon,Weeco 26/1,Hybrid,26%,1%,"3,78 €/g",Auf Lager,https://greenmedical.health/de/cannabis/flower/weeco_26_1-big_purple_dragon?deliveryTarget=cGhhcm1hY3k6fDpiMTk1YTY0Zi1lODJmLTRmNTctYTNiMS0zMGJlM2JhYWMyMGM%3D#reviews
Canthera Süd,90459,Nürnberg,Grape Face,Huala 25/1 CA GRF,Hybrid,25%,<1%,"3,87 €/g",Auf Lager,https://greenmedical.health/de/cannabis/flower/huala_25_1_ca_grf-grape_face?deliveryTarget=cGhhcm1hY3k6fDpiMTk1YTY0Zi1lODJmLTRmNTctYTNiMS0zMGJlM2JhYWMyMGM%3D#reviews
Canthera Süd,90459,Nürnberg,Birthday Cake,Buuo 30/1 BDC,Hybrid Indica Dominant,30%,1%,"4,57 €/g",NEU,https://greenmedical.health/de/cannabis/flower/buuo_30_1_bdc-birthday_cake?deliveryTarget=cGhhcm1hY3k6fDpiMTk1YTY0Zi1lODJmLTRmNTctYTNiMS0zMGJlM2JhYWMyMGM%3D#reviews
Canthera Süd,90459,Nürnberg,Triangle Octane,Remexian 28/1 CRF TO,Hybrid Indica Dominant,28%,1%,"4,74 €/g",Auf Lager,https://greenmedical.health/de/cannabis/flower/remexian_28_1_crf_to-triangle_octane?deliveryTarget=cGhhcm1hY3k6fDpiMTk1YTY0Zi1lODJmLTRmNTctYTNiMS0zMGJlM2JhYWMyMGM%3D#reviews
Canthera Süd,90459,Nürnberg,Governmint Oasis,APEX GOA-PT-26,Hybrid Indica Dominant,26%,1%,"4,68 €/g",Auf Lager,https://greenmedical.health/de/cannabis/flower/apex_goa_pt_26-governmint_oasis?deliveryTarget=cGhhcm1hY3k6fDpiMTk1YTY0Zi1lODJmLTRmNTctYTNiMS0zMGJlM2JhYWMyMGM%3D#reviews
Canthera Süd,90459,Nürnberg,Froze,N!CE 17/1 FRZ,Hybrid Indica Dominant,17%,1%,"3,40 €/g",Auf Lager,https://greenmedical.health/de/cannabis/flower/n_ce_17_1_frz-froze?deliveryTarget=cGhhcm1hY3k6fDpiMTk1YTY0Zi1lODJmLTRmNTctYTNiMS0zMGJlM2JhYWMyMGM%3D#reviews
Canthera Süd,90459,Nürnberg,Garlic Budder,madrecan 27/1 GB9,Hybrid,27%,<1%,"3,99 €/g",Auf Lager,https://greenmedical.health/de/cannabis/flower/madrecan_27_1_gb9-garlic_budder?deliveryTarget=cGhhcm1hY3k6fDpiMTk1YTY0Zi1lODJmLTRmNTctYTNiMS0zMGJlM2JhYWMyMGM%3D#reviews
Canthera Süd,90459,Nürnberg,Pinewood Kush,Coyote Valley 22/1 PWK,Hybrid,22%,1%,"3,49 €/g",NEU,https://greenmedical.health/de/cannabis/flower/coyote_valley_22_1_pwk-pinewood_kush?deliveryTarget=cGhhcm1hY3k6fDpiMTk1YTY0Zi1lODJmLTRmNTctYTNiMS0zMGJlM2JhYWMyMGM%3D#reviews
Canthera Süd,90459,Nürnberg,98 Aloha White Widow x Trainwreck,Demecan CRAFT Aloha 34:1,Hybrid Sativa Dominant,34%,1%,"8,18 €/g",Auf Lager,https://greenmedical.health/de/cannabis/flower/demecan_craft_aloha_34_1-98_aloha_white_widow_x_trainwreck?deliveryTarget=cGhhcm1hY3k6fDpiMTk1YTY0Zi1lODJmLTRmNTctYTNiMS0zMGJlM2JhYWMyMGM%3D#reviews
Canthera Süd,90459,Nürnberg,Vegas Wedding Cake,CannGo 28/1 WG,Hybrid Indica Dominant,28%,1%,"4,88 €/g",NEU,https://greenmedical.health/de/cannabis/flower/canngo_28_1_wg-vegas_wedding_cake?deliveryTarget=cGhhcm1hY3k6fDpiMTk1YTY0Zi1lODJmLTRmNTctYTNiMS0zMGJlM2JhYWMyMGM%3D#reviews
Canthera Süd,90459,Nürnberg,Pink Gas,HiDealz 27/1 MS PKG Smalls,Hybrid,27%,1%,"3,97 €/g",Auf Lager,https://greenmedical.health/de/cannabis/flower/hidealz_27_1_ms_pkg_smalls-pink_gas?deliveryTarget=cGhhcm1hY3k6fDpiMTk1YTY0Zi1lODJmLTRmNTctYTNiMS0zMGJlM2JhYWMyMGM%3D#reviews
Canthera Süd,90459,Nürnberg,Jack Haze,Canopy JHA 21/1,Hybrid,21%,<1%,"3,39 €/g",Auf Lager,https://greenmedical.health/de/cannabis/flower/canopy_jha_21_1-jack_haze?deliveryTarget=cGhhcm1hY3k6fDpiMTk1YTY0Zi1lODJmLTRmNTctYTNiMS0zMGJlM2JhYWMyMGM%3D#reviews
Canthera Süd,90459,Nürnberg,Kaleido Boom Popstars,BUUO 18/1 KBP,Hybrid Sativa Dominant,18%,1%,"3,98 €/g",NEU,https://greenmedical.health/de/cannabis/flower/buuo_18_1_kbp-kaleido_boom_popstars?deliveryTarget=cGhhcm1hY3k6fDpiMTk1YTY0Zi1lODJmLTRmNTctYTNiMS0zMGJlM2JhYWMyMGM%3D#reviews
Canthera Süd,90459,Nürnberg,Sherb Master OG,Remexian 27/1 CRX SMO,Hybrid Indica Dominant,27%,1%,"3,96 €/g",Auf Lager,https://greenmedical.health/de/cannabis/flower/remexian_27_1_crx_smo-sherb_master_og?deliveryTarget=cGhhcm1hY3k6fDpiMTk1YTY0Zi1lODJmLTRmNTctYTNiMS0zMGJlM2JhYWMyMGM%3D#reviews
Canthera Süd,90459,Nürnberg,Black Marble,BUUO 20/1 TMS,Hybrid,20%,0.1%,"3,69 €/g",NEU,https://greenmedical.health/de/cannabis/flower/buuo_20_1_tms-black_marble?deliveryTarget=cGhhcm1hY3k6fDpiMTk1YTY0Zi1lODJmLTRmNTctYTNiMS0zMGJlM2JhYWMyMGM%3D#reviews
Canthera Süd,90459,Nürnberg,Dank Wafers,Cannamedical Indica Classic 20/1 ZAF,Hybrid,20%,<1%,"4,15 €/g",Auf Lager,https://greenmedical.health/de/cannabis/flower/cannamedical_indica_classic_20_1_zaf-dank_wafers?deliveryTarget=cGhhcm1hY3k6fDpiMTk1YTY0Zi1lODJmLTRmNTctYTNiMS0zMGJlM2JhYWMyMGM%3D#reviews
Canthera Süd,90459,Nürnberg,Ceremony Tart C,HiDealz 18/1 MS CTA Smalls,Hybrid,18%,1%,"2,87 €/g",NEU,https://greenmedical.health/de/cannabis/flower/hidealz_18_1_ms_cta_smalls-ceremony_tart_c?deliveryTarget=cGhhcm1hY3k6fDpiMTk1YTY0Zi1lODJmLTRmNTctYTNiMS0zMGJlM2JhYWMyMGM%3D#reviews
Canthera Süd,90459,Nürnberg,Frozen Fist,Nimbus Tyson 2.0 22/1,Hybrid,22%,<1%,"7,20 €/g",Auf Lager,https://greenmedical.health/de/cannabis/flower/nimbus_tyson_2_0_22_1-frozen_fist?deliveryTarget=cGhhcm1hY3k6fDpiMTk1YTY0Zi1lODJmLTRmNTctYTNiMS0zMGJlM2JhYWMyMGM%3D#reviews
Canthera Süd,90459,Nürnberg,Engine Fuel Gelato,BUUO 26/1 LVM Vapor,Hybrid,26%,<1%,"4,19 €/g",Auf Lager,https://greenmedical.health/de/cannabis/flower/buuo_26_1_lvm-engine_fuel_gelato?deliveryTarget=cGhhcm1hY3k6fDpiMTk1YTY0Zi1lODJmLTRmNTctYTNiMS0zMGJlM2JhYWMyMGM%3D#reviews
Canthera Süd,90459,Nürnberg,Garlic Budder,madrecan 21/1 GB9,Hybrid,21%,<1%,"3,28 €/g",Auf Lager,https://greenmedical.health/de/cannabis/flower/madrecan_21_1_gb9-garlic_budder?deliveryTarget=cGhhcm1hY3k6fDpiMTk1YTY0Zi1lODJmLTRmNTctYTNiMS0zMGJlM2JhYWMyMGM%3D#reviews
Canthera Süd,90459,Nürnberg,Creamy Kee's,CM 20/1 CRM,Hybrid,22%,<1%,"5,99 €/g",Auf Lager,https://greenmedical.health/de/cannabis/flower/cm-20-1-crm-creamy-kees?deliveryTarget=cGhhcm1hY3k6fDpiMTk1YTY0Zi1lODJmLTRmNTctYTNiMS0zMGJlM2JhYWMyMGM%3D#reviews
Canthera Süd,90459,Nürnberg,Seriotica,N!CE 18/1 SER,Hybrid,18%,1%,"3,79 €/g",Auf Lager,https://greenmedical.health/de/cannabis/flower/n_ce_18_1_ser-seriotica?deliveryTarget=cGhhcm1hY3k6fDpiMTk1YTY0Zi1lODJmLTRmNTctYTNiMS0zMGJlM2JhYWMyMGM%3D#reviews
Canthera Süd,90459,Nürnberg,Gas Face,PG Strong Drop 27/1,Hybrid,27%,1%,"5,15 €/g",Auf Lager,https://greenmedical.health/de/cannabis/flower/pg_strong_drop_27_1-gas_face?deliveryTarget=cGhhcm1hY3k6fDpiMTk1YTY0Zi1lODJmLTRmNTctYTNiMS0zMGJlM2JhYWMyMGM%3D#reviews
Canthera Süd,90459,Nürnberg,Skull Cap,TRUU GT 27/1,Hybrid,27%,<1%,"5,44 €/g",Auf Lager,https://greenmedical.health/de/cannabis/flower/truu_gt_27_1-skull_cap?deliveryTarget=cGhhcm1hY3k6fDpiMTk1YTY0Zi1lODJmLTRmNTctYTNiMS0zMGJlM2JhYWMyMGM%3D#reviews
Canthera Süd,90459,Nürnberg,Crazy Rntz,Cannamedical Indica forte MA,Indica,24%,<1%,"7,98 €/g",Auf Lager,https://greenmedical.health/de/cannabis/flower/cannamedical-indica-forte-ma-crazy-rntz?deliveryTarget=cGhhcm1hY3k6fDpiMTk1YTY0Zi1lODJmLTRmNTctYTNiMS0zMGJlM2JhYWMyMGM%3D#reviews
Canthera Süd,90459,Nürnberg,Psyclone,Medical Saints 18/1 PSY,Hybrid,18%,1%,"3,45 €/g",Auf Lager,https://greenmedical.health/de/cannabis/flower/medical_saints_18_1_psy-psyclone?deliveryTarget=cGhhcm1hY3k6fDpiMTk1YTY0Zi1lODJmLTRmNTctYTNiMS0zMGJlM2JhYWMyMGM%3D#reviews
Canthera Süd,90459,Nürnberg,Gary Payton,Nimbus BOTANICS Tonic Fuel 22/1,Hybrid,22%,1%,"5,65 €/g",Auf Lager,https://greenmedical.health/de/cannabis/flower/botanics_tonic_fuel_22_1-gary_payton?deliveryTarget=cGhhcm1hY3k6fDpiMTk1YTY0Zi1lODJmLTRmNTctYTNiMS0zMGJlM2JhYWMyMGM%3D#reviews
Canthera Süd,90459,Nürnberg,Magic Dream,Remexian 20/1 MHI MAD,Hybrid,20%,1%,"3,68 €/g",Auf Lager,https://greenmedical.health/de/cannabis/flower/remexian_20_1_mhi_mad-magic_dream?deliveryTarget=cGhhcm1hY3k6fDpiMTk1YTY0Zi1lODJmLTRmNTctYTNiMS0zMGJlM2JhYWMyMGM%3D#reviews
Canthera Süd,90459,Nürnberg,Blunicorn,Remexian 24/1 CHR BCO,Hybrid Indica Dominant,24%,1%,"4,68 €/g",Auf Lager,https://greenmedical.health/de/cannabis/flower/remexian_24_1_chr_bco-blunicorn?deliveryTarget=cGhhcm1hY3k6fDpiMTk1YTY0Zi1lODJmLTRmNTctYTNiMS0zMGJlM2JhYWMyMGM%3D#reviews
Canthera Süd,90459,Nürnberg,Zour Apple,420 Sungrown 22/1 CA ZRP,Hybrid Indica Dominant,22%,1%,"3,48 €/g",Auf Lager,https://greenmedical.health/de/cannabis/flower/420_sungrown_22_1_ca_zrp-zour_apple?deliveryTarget=cGhhcm1hY3k6fDpiMTk1YTY0Zi1lODJmLTRmNTctYTNiMS0zMGJlM2JhYWMyMGM%3D#reviews
Canthera Süd,90459,Nürnberg,Platinum Grapes,CM 24/1 PG,Hybrid,24%,<1%,"7,60 €/g",Auf Lager,https://greenmedical.health/de/cannabis/flower/cm-24-1-pg-platinum-grapes?deliveryTarget=cGhhcm1hY3k6fDpiMTk1YTY0Zi1lODJmLTRmNTctYTNiMS0zMGJlM2JhYWMyMGM%3D#reviews
Canthera Süd,90459,Nürnberg,Rainbow Dawg,Demecan HS Light Drop,Hybrid,18.3%,<1%,"4,00 €/g",Auf Lager,https://greenmedical.health/de/cannabis/flower/demecan_hs_light_drop-rainbow_dawg?deliveryTarget=cGhhcm1hY3k6fDpiMTk1YTY0Zi1lODJmLTRmNTctYTNiMS0zMGJlM2JhYWMyMGM%3D#reviews
Canthera Süd,90459,Nürnberg,Upside Down Cake,enua 25/1 UDC CA,Hybrid,25.5%,<1%,"4,50 €/g",Auf Lager,https://greenmedical.health/de/cannabis/flower/enua_25_1_udc_ca-upside_down_cake?deliveryTarget=cGhhcm1hY3k6fDpiMTk1YTY0Zi1lODJmLTRmNTctYTNiMS0zMGJlM2JhYWMyMGM%3D#reviews
Canthera Süd,90459,Nürnberg,Supreme Kush,MediproCan Lunaris 19/1,Hybrid Indica Dominant,19%,1%,"3,47 €/g",Auf Lager,https://greenmedical.health/de/cannabis/flower/mediprocan_lunaris_19_1-supreme_kush?deliveryTarget=cGhhcm1hY3k6fDpiMTk1YTY0Zi1lODJmLTRmNTctYTNiMS0zMGJlM2JhYWMyMGM%3D#reviews
Canthera Süd,90459,Nürnberg,Blunicorn,Remexian 21/1 CHR BCO,Hybrid Indica Dominant,21%,1%,"4,56 €/g",Auf Lager,https://greenmedical.health/de/cannabis/flower/remexian_21_1_chr_bco-blunicorn?deliveryTarget=cGhhcm1hY3k6fDpiMTk1YTY0Zi1lODJmLTRmNTctYTNiMS0zMGJlM2JhYWMyMGM%3D#reviews
Canthera Süd,90459,Nürnberg,Blueberry Headband,22/1 Amici BH,Hybrid Indica Dominant,22%,1%,"5,21 €/g",Auf Lager,https://greenmedical.health/de/cannabis/flower/amici_bh_22_1-blueberry_headband?deliveryTarget=cGhhcm1hY3k6fDpiMTk1YTY0Zi1lODJmLTRmNTctYTNiMS0zMGJlM2JhYWMyMGM%3D#reviews
Canthera Süd,90459,Nürnberg,Tigerz Eye,420 Compound 20/1 PT TGY,Hybrid Indica Dominant,20%,<1%,"4,19 €/g",Auf Lager,https://greenmedical.health/de/cannabis/flower/420_compound_20_1_pt_tgy-tigerz_eye?deliveryTarget=cGhhcm1hY3k6fDpiMTk1YTY0Zi1lODJmLTRmNTctYTNiMS0zMGJlM2JhYWMyMGM%3D#reviews
Canthera Süd,90459,Nürnberg,Rose Gold Runtz,420 Compound 25/1 CA RGR,Hybrid Indica Dominant,25%,<1%,"9,49 €/g",Auf Lager,https://greenmedical.health/de/cannabis/flower/420_compound_25_1_ca_rgr-rose_gold_runtz?deliveryTarget=cGhhcm1hY3k6fDpiMTk1YTY0Zi1lODJmLTRmNTctYTNiMS0zMGJlM2JhYWMyMGM%3D#reviews
Canthera Süd,90459,Nürnberg,Cold Dank x Jelly Breath,Buuo 22/1 CDLC,Hybrid,22%,<1%,"4,40 €/g",Auf Lager,https://greenmedical.health/de/cannabis/flower/buuo_22_1_cdlc-cold_dank_x_jelly_breath?deliveryTarget=cGhhcm1hY3k6fDpiMTk1YTY0Zi1lODJmLTRmNTctYTNiMS0zMGJlM2JhYWMyMGM%3D#reviews
Canthera Süd,90459,Nürnberg,Diamond Mints,Cannamedical CM 30/1 DM,Hybrid Sativa Dominant,30%,<1%,"8,40 €/g",Auf Lager,https://greenmedical.health/de/cannabis/flower/cannamedical_cm_30_1_dm-diamond_mints?deliveryTarget=cGhhcm1hY3k6fDpiMTk1YTY0Zi1lODJmLTRmNTctYTNiMS0zMGJlM2JhYWMyMGM%3D#reviews
Canthera Süd,90459,Nürnberg,ZZ4,Medicus 21/1 EZA,Hybrid Indica Dominant,21%,1%,"3,94 €/g",Auf Lager,https://greenmedical.health/de/cannabis/flower/medicus_21_1_eza-zz4?deliveryTarget=cGhhcm1hY3k6fDpiMTk1YTY0Zi1lODJmLTRmNTctYTNiMS0zMGJlM2JhYWMyMGM%3D#reviews
Canthera Süd,90459,Nürnberg,King Bling,MGF 26/1 King Bling,Hybrid Indica Dominant,26%,1%,"6,05 €/g",Auf Lager,https://greenmedical.health/de/cannabis/flower/mgf_26_1_king_bling-king_bling?deliveryTarget=cGhhcm1hY3k6fDpiMTk1YTY0Zi1lODJmLTRmNTctYTNiMS0zMGJlM2JhYWMyMGM%3D#reviews
Canthera Süd,90459,Nürnberg,Crunch Berries,Organic Sweetgrass CB 25/1,Hybrid Indica Dominant,25%,1%,"7,60 €/g",Auf Lager,https://greenmedical.health/de/cannabis/flower/organic_sweetgrass_cb_25_1-crunch_berries?deliveryTarget=cGhhcm1hY3k6fDpiMTk1YTY0Zi1lODJmLTRmNTctYTNiMS0zMGJlM2JhYWMyMGM%3D#reviews
Canthera Süd,90459,Nürnberg,Sunset Sherbert x Girl Scout Cookies,420 Evolution 16/1 CA LCG Lemon Cherry Gelato,Indica,20%,1%,"3,98 €/g",Auf Lager,https://greenmedical.health/de/cannabis/flower/420_evolution_16_1_ca_lcg_lemon_cherry_gelato-sunset_sherbert_x_girl_scout_cookies?deliveryTarget=cGhhcm1hY3k6fDpiMTk1YTY0Zi1lODJmLTRmNTctYTNiMS0zMGJlM2JhYWMyMGM%3D#reviews
Canthera Süd,90459,Nürnberg,Zour Apple,420 Sungrown 25/1 CA ZRP,Hybrid Indica Dominant,<25%,<1%,"6,50 €/g",Auf Lager,https://greenmedical.health/de/cannabis/flower/420_sungrown_25_1_ca_zrp-zour_apple?deliveryTarget=cGhhcm1hY3k6fDpiMTk1YTY0Zi1lODJmLTRmNTctYTNiMS0zMGJlM2JhYWMyMGM%3D#reviews
Canthera Süd,90459,Nürnberg,Lava Cake,Demecan MC Epic Drop 30:1,Hybrid Indica Dominant,30%,<1%,"7,15 €/g",Auf Lager,https://greenmedical.health/de/cannabis/flower/demecan_mc_epic_drop_30_1-lava_cake?deliveryTarget=cGhhcm1hY3k6fDpiMTk1YTY0Zi1lODJmLTRmNTctYTNiMS0zMGJlM2JhYWMyMGM%3D#reviews
Canthera Süd,90459,Nürnberg,Tropaya Punch,Demecan PS Lean Drop 20:1,Hybrid,20.7%,1%,"3,99 €/g",Auf Lager,https://greenmedical.health/de/cannabis/flower/demecan_ps_lean_drop_20_1-tropaya_punch?deliveryTarget=cGhhcm1hY3k6fDpiMTk1YTY0Zi1lODJmLTRmNTctYTNiMS0zMGJlM2JhYWMyMGM%3D#reviews
Canthera Süd,90459,Nürnberg,Creamy Kees No.5,Demecan SC Low Drop,Hybrid,16%,<1%,"4,16 €/g",Auf Lager,https://greenmedical.health/de/cannabis/flower/demecan_sc_low_drop-creamy_kees_no_5?deliveryTarget=cGhhcm1hY3k6fDpiMTk1YTY0Zi1lODJmLTRmNTctYTNiMS0zMGJlM2JhYWMyMGM%3D#reviews
Canthera Süd,90459,Nürnberg,Jet Fuel Gelato,enua 20/1 JFG CA,Hybrid,20%,<1%,"5,38 €/g",Auf Lager,https://greenmedical.health/de/cannabis/flower/enua_20_1_jfg_ca-jet_fuel_gelato?deliveryTarget=cGhhcm1hY3k6fDpiMTk1YTY0Zi1lODJmLTRmNTctYTNiMS0zMGJlM2JhYWMyMGM%3D#reviews
Canthera Süd,90459,Nürnberg,Modified Gas,Green Karat MG 31/1,Hybrid,31%,<1%,"7,84 €/g",Auf Lager,https://greenmedical.health/de/cannabis/flower/green_karat_mg_31_1-modified_gas?deliveryTarget=cGhhcm1hY3k6fDpiMTk1YTY0Zi1lODJmLTRmNTctYTNiMS0zMGJlM2JhYWMyMGM%3D#reviews
Canthera Süd,90459,Nürnberg,Runtz OG,Green Karat RO 30/1,Hybrid,29.8%,<1%,"8,94 €/g",Auf Lager,https://greenmedical.health/de/cannabis/flower/green-karat-ro-runtz-og?deliveryTarget=cGhhcm1hY3k6fDpiMTk1YTY0Zi1lODJmLTRmNTctYTNiMS0zMGJlM2JhYWMyMGM%3D#reviews
Canthera Süd,90459,Nürnberg,Lemon Eclipse,Medical Saints 18/1 LEC,Hybrid,18%,1%,"3,48 €/g",Auf Lager,https://greenmedical.health/de/cannabis/flower/medical_saints_18_1_lec-lemon_eclipse?deliveryTarget=cGhhcm1hY3k6fDpiMTk1YTY0Zi1lODJmLTRmNTctYTNiMS0zMGJlM2JhYWMyMGM%3D#reviews
Canthera Süd,90459,Nürnberg,Legacy 1,Rua Rau Hiwa 23/1,Hybrid Indica Dominant,23%,1%,"3,85 €/g",Auf Lager,https://greenmedical.health/de/cannabis/flower/rua_rau_hiwa_23_1-legacy_1?deliveryTarget=cGhhcm1hY3k6fDpiMTk1YTY0Zi1lODJmLTRmNTctYTNiMS0zMGJlM2JhYWMyMGM%3D#reviews
Canthera Süd,90459,Nürnberg,Kings Kush,Weeco 22/1 KIKU,Hybrid Indica Dominant,22%,1%,"4,20 €/g",Auf Lager,https://greenmedical.health/de/cannabis/flower/weeco_22_1_kiku-kings_kush?deliveryTarget=cGhhcm1hY3k6fDpiMTk1YTY0Zi1lODJmLTRmNTctYTNiMS0zMGJlM2JhYWMyMGM%3D#reviews
Canthera Süd,90459,Nürnberg,Crossbow,Demecan Core Cros 26:1,Hybrid,26%,<1%,"5,24 €/g",Auf Lager,https://greenmedical.health/de/cannabis/flower/demecan_core_cross_26_01-crossbow?deliveryTarget=cGhhcm1hY3k6fDpiMTk1YTY0Zi1lODJmLTRmNTctYTNiMS0zMGJlM2JhYWMyMGM%3D#reviews
